Filename,Admiration,Amusement,Determination,Empathic Pain,Excitement,Joy
00000,0.3333333432674408,0.3333333432674408,0.0,0.0,0.3333333432674408,0.0
00001,0.0,0.0,0.0,0.0,0.5,0.0
00002,0.5,0.0,0.0,0.0,0.0,0.0
00003,0.0,0.0,0.5,0.0,0.0,0.0
00004,0.4000000059604645,0.0,0.0,0.0,0.2000000029802322,0.4000000059604645
00005,0.0,0.625,0.0,0.0,0.25,0.125
00006,0.0172413792461156,0.0172413792461156,0.0258620698004961,0.0,0.0517241396009922,0.0
00007,0.5,0.0,0.0,0.0,0.5,0.0
00008,0.5,0.5,0.5,0.5,0.5,0.5
00009,0.0,0.3333333432674408,0.0,0.0,0.3333333432674408,0.0
00010,0.0366972461342811,0.1467889845371246,0.027522936463356,0.0,0.2385321110486984,0.0183486230671405
00011,0.0,0.0,0.5,0.0,0.0,0.0
00012,0.0,0.3333333432674408,0.0,0.0,0.0,0.0
00013,0.5,0.0,0.0,0.0,0.0,0.0
00014,0.0,0.2000000029802322,0.0,0.0,0.0,0.2000000029802322
00015,0.25,0.0,0.0,0.0,0.25,0.25
00016,0.0,0.0,0.0,0.0948275849223136,0.0,0.0
00017,0.5,0.0,0.0,0.0,1.0,0.0
00018,0.0,0.0,0.0,0.5,0.0,0.0
00019,0.5,0.5,0.0,0.0,0.0,0.0
00020,0.0,0.0,0.0,0.0,0.0,0.1666666716337204
00021,0.5,0.0,0.5,0.0,0.0,0.0
00022,0.0,0.3333333432674408,0.0,0.0,0.0,0.0
00023,0.0,0.5,0.0,0.0,0.0,0.0
00024,0.0,0.1666666716337204,0.0,0.0,0.5,0.3333333432674408
00025,0.3333333432674408,0.0,0.0,0.0,0.3333333432674408,0.0
00026,0.4000000059604645,0.0,0.0,0.0,0.0,0.0
00027,0.0,0.0,0.0,0.0,0.3333333432674408,0.6666666865348816
00028,0.0,0.0,0.5,0.0,0.0,0.0
00029,0.0,0.0,0.3333333432674408,0.0,0.6666666865348816,0.0
00030,0.5,0.5,0.0,0.0,0.5,0.5
00031,0.0,1.0,0.0,0.0,0.0,0.0
00032,0.0088495574891567,0.0,0.3185840845108032,0.0,0.0,0.0
00033,0.0,0.0,0.5,0.0,0.0,0.0
00034,0.5,0.5,0.0,0.0,0.0,1.0
00035,0.045045044273138,0.0180180184543132,0.0630630627274513,0.0,0.0,0.0270270276814699
00036,0.75,0.0,0.0,0.0,0.25,0.0
00037,0.0,0.0,0.5,0.0,0.0,0.0
00038,1.0,0.0,0.0,0.0,0.0,0.0
00039,1.0,0.0,0.0,0.0,0.0,0.0
00040,0.0,0.0,0.0,0.5,0.0,0.0
00041,0.0,0.0,0.0,0.0,0.5,0.5
00042,0.0,0.0,1.0,0.0,0.5,0.0
00043,0.125,0.25,0.0,0.125,0.0,0.375
00044,1.0,0.0,0.0,0.0,0.0,0.0
00045,0.0,0.0,0.0,0.2000000029802322,0.0,0.0
00046,0.0,0.0,0.0,0.0,0.0,0.1666666716337204
00047,0.4000000059604645,0.2000000029802322,0.0,0.0,0.2000000029802322,0.6000000238418579
00048,0.0,0.0,0.5,0.0,0.0,0.0
00049,0.5,0.0,0.0,0.0,0.5,0.0
00050,0.5,0.0,0.0,0.0,0.0,0.0
00051,0.25,0.0,0.0,0.0,0.25,0.0
00052,1.0,0.0,0.0,0.0,0.0,0.0
00053,0.0,0.0,0.0,0.0,0.5,0.0
00054,0.5,0.0,0.0,0.0,0.0,0.0
00055,0.3333333432674408,0.1666666716337204,0.0,0.0,0.0,0.3333333432674408
00056,0.0,0.5,0.0,0.0,0.0,0.0
00057,0.6666666865348816,0.0,0.0,0.0,0.0,0.0
00058,0.0,0.0183486230671405,0.0458715595304966,0.0,0.2201834917068481,0.1009174287319183
00059,0.0,0.5,0.0,0.0,0.0,0.0
00060,0.5,0.0,0.0,0.0,0.0,0.0
00061,0.0,0.0089285718277096,0.0357142873108387,0.0089285718277096,0.0089285718277096,0.0
00062,0.0,0.0,0.0,0.0,0.5,0.0
00063,0.0,1.0,0.0,0.0,0.0,0.0
00064,0.0,0.0,0.0,0.0,0.5,0.0
00065,0.0285714287310838,0.0,0.0571428574621677,0.0285714287310838,0.0,0.0
00066,0.0,0.5,0.0,0.0,0.5,0.5
00067,0.0,0.3333333432674408,0.3333333432674408,0.0,0.0,0.3333333432674408
00068,0.6666666865348816,0.0,0.0,0.0,0.3333333432674408,0.0
00069,0.3333333432674408,0.0,0.3333333432674408,0.0,0.3333333432674408,0.0
00070,0.0,0.0,0.0,0.0,1.0,1.0
00071,0.0,0.125,0.0,0.0,0.0,0.125
00072,0.0,0.0,0.5,0.0,0.0,0.0
00073,0.0,0.0,0.0,0.1428571492433548,0.0,0.0
00074,0.0,0.5,0.0,0.0,0.0,0.0
00075,0.6666666865348816,0.0,0.0,0.0,0.0,0.0
00076,1.0,0.0,0.0,0.0,0.0,0.0
00077,0.0,0.0,0.0,0.0,0.5,0.0
00078,0.0080000003799796,0.0399999991059303,0.1360000073909759,0.0080000003799796,0.1599999964237213,0.0
00079,0.3333333432674408,0.3333333432674408,0.0,0.0,0.0,0.0
00080,1.0,0.0,0.0,0.0,0.0,0.0
00081,0.1666666716337204,0.0,0.0,0.0,0.0,0.0
00082,0.0,0.0,0.3333333333333333,0.0,0.0,0.0
00083,0.0,0.0,0.2,0.0,0.0,0.0
00084,0.0,0.0,0.0,0.0,0.5,0.0
00085,0.0,1.0,0.0,0.0,0.0,0.0
00086,0.0,0.0,0.0,0.0,0.5,0.0
00087,0.5,0.5,0.5,0.0,0.0,0.0
00088,0.0,0.0,0.5,0.0,0.0,0.0
00089,0.0,0.0,0.0,0.0,0.5,0.0
00090,0.0,0.0,0.0,0.0,0.25,0.25
00091,0.0,0.3333333432674408,0.0,0.0,0.0,0.3333333432674408
00092,0.0,0.0,0.0,0.5,0.5,0.0
00093,0.0,0.5,0.0,0.0,0.0,0.0
00094,0.0,0.0,0.6000000238418579,0.0,0.0,0.0
00095,0.5,0.0,0.0,0.0,0.0,0.0
00096,0.25,0.25,0.0,0.0,0.0,0.0
00097,0.5,0.5,0.0,0.0,0.0,0.5
00098,0.0,0.5,0.0,0.0,0.0,0.0
00099,0.3333333432674408,0.3333333432674408,0.0,0.0,0.0,0.0
00100,0.0,0.5,0.0,0.0,0.0,0.5
00101,0.1666666716337204,0.1666666716337204,0.0,0.0,0.1666666716337204,0.0
00102,0.0080000003799796,0.0399999991059303,0.1360000073909759,0.0080000003799796,0.1599999964237213,0.0
00103,0.0,0.0,0.6666666865348816,0.0,0.0,0.3333333432674408
00104,0.0,0.5,0.0,0.0,0.5,0.0
00105,0.7142857313156128,0.0,0.0,0.0,0.0,0.0
00106,0.1009174287319183,0.0091743115335702,0.027522936463356,0.0,0.082568809390068,0.027522936463356
00107,0.0,0.25,0.0,0.0,0.0,0.0
00108,0.0,0.5,0.0,0.0,0.5,0.0
00109,0.25,0.0,0.0,0.25,0.0,0.0
00110,0.0,0.0,0.0,0.0,0.5,1.0
00111,0.1666666716337204,0.0,0.0,0.0,0.0,0.0
00112,0.5,0.0,0.0,0.0,0.0,0.0
00113,0.0,0.25,0.25,0.0,0.0,0.0
00114,0.0,0.0,0.3333333432674408,0.0,0.3333333432674408,0.0
00115,0.0,0.0,0.0,0.0,0.5,0.0
00116,0.0,0.5,0.0,0.0,0.0,0.0
00117,0.5,0.0,0.0,0.0,0.0,0.0
00118,0.1351351290941238,0.1351351290941238,0.0,0.0,0.0,0.0540540553629398
00119,0.0,0.0,0.0,0.0,0.0,0.5
00120,0.0,0.0,1.0,0.0,0.0,0.0
00121,0.0,0.0,0.0,0.25,0.0,0.0
00122,0.2000000029802322,0.2000000029802322,0.0,0.0,0.0,0.0
00123,0.5,0.0,0.0,0.0,0.5,0.5
00124,0.0,0.6000000238418579,0.0,0.0,0.0,0.2000000029802322
00125,0.5,0.0,0.5,0.0,0.0,0.0
00126,0.5,0.0,0.0,0.0,0.0,0.0
00127,0.0,0.5,0.0,0.0,0.0,0.0
00128,0.0,0.5,0.5,0.0,0.5,0.0
00129,0.0,1.0,0.0,0.0,0.0,1.0
00130,0.0,0.0,0.5,0.0,0.0,0.0
00131,0.0,0.0,0.5,0.0,0.0,0.0
00132,0.1636363565921783,0.0,0.1000000014901161,0.0,0.0,0.0090909088030457
00133,0.5,0.0,0.0,0.0,0.0,0.0
00134,1.0,0.5,0.0,0.0,0.5,0.0
00135,0.0,0.3333333432674408,0.0,0.0,0.0,0.0
00136,0.5,0.5,0.5,0.0,0.0,0.0
00137,0.0,0.0,0.0,0.0,0.0,0.5
00138,0.0,0.5,0.0,0.0,0.0,0.0
00139,1.0,0.0,0.0,0.0,0.0,0.0
00140,0.0,0.0,0.2000000029802322,0.0,0.0,0.0
00141,0.5,0.0,0.1666666716337204,0.0,0.0,0.1666666716337204
00142,0.0,0.5,0.0,0.0,0.0,0.0
00143,0.0,0.0,0.0,0.0,1.0,0.0
00144,0.6000000238418579,0.0,0.0,0.0,0.2000000029802322,0.0
00145,0.0,0.0,0.5,0.0,0.0,0.0
00146,0.0270270276814699,0.1351351290941238,0.0,0.0,0.2432432472705841,0.1351351290941238
00147,0.0,0.5,0.0,0.0,0.0,0.0
00148,0.5,0.0,0.0,0.0,0.0,0.0
00149,0.0,0.0,0.5,0.0,0.0,0.0
00150,0.5,0.0,0.0,0.0,0.0,0.0
00151,0.0172413792461156,0.0172413792461156,0.0258620698004961,0.0,0.0517241396009922,0.0
00152,0.5,0.0,0.0,0.0,0.0,0.0
00153,0.0,0.5,0.0,0.0,0.0,0.0
00154,0.3333333432674408,0.0,0.3333333432674408,0.0,0.3333333432674408,0.0
00155,0.25,0.0,0.0,0.0,0.25,0.25
00156,0.5,0.0,0.0,0.0,0.0,0.0
00157,0.0,0.5,0.0,0.0,0.0,0.0
00158,0.0,1.0,0.0,0.0,0.0,0.3333333432674408
00159,0.0,0.0,0.0,0.0,0.5,0.0
00160,0.0,0.0,0.0,0.0,0.5,0.5
00161,0.0,0.0,0.0,0.0,0.0,0.5
00162,0.0,0.0,0.0,0.0,1.0,0.0
00163,0.3333333432674408,0.0,0.3333333432674408,0.0,0.0,0.0
00164,0.1428571492433548,0.0,0.0,0.0,0.0,0.0
00165,0.0,0.0,0.25,0.75,0.0,0.0
00166,0.0,0.0,0.0,0.0,0.5,0.0
00167,0.0,0.0,0.800000011920929,0.0,0.0,0.0
00168,0.0,0.25,0.0,0.0,0.0,0.0
00169,0.5,0.5,0.0,0.0,0.0,0.0
00170,0.0,0.3333333432674408,0.0,0.0,0.0,0.3333333432674408
00171,0.5,0.0,0.0,0.0,0.0,0.0
00172,0.0088495574891567,0.0,0.3185840845108032,0.0,0.0,0.0
00173,0.3333333432674408,0.0,0.0,0.0,0.0,0.0
00174,0.0,0.0,0.0,0.0,0.0,0.5
00175,0.0341880358755588,0.0769230797886848,0.0598290599882602,0.0,0.2905983030796051,0.0940170958638191
00176,0.5,0.0,0.0,0.0,0.0,0.25
00177,0.5,0.0,0.0,0.0,0.0,0.0
00178,1.0,0.0,0.0,0.0,0.0,0.5
00179,0.4,0.0,0.0,0.0,0.0,0.0
00180,0.5,0.0,0.0,0.0,0.0,0.0
00181,0.5,0.5,0.5,0.0,0.0,0.0
00182,0.0,0.0,0.0,0.0,0.1666666716337204,0.0
00183,0.1636363565921783,0.0,0.1000000014901161,0.0,0.0,0.0090909088030457
00184,0.0,0.3333333432674408,0.0,0.0,0.0,0.0
00185,0.0,0.0,0.0,0.0,0.0,0.5
00186,0.0291970800608396,0.0291970800608396,0.0656934306025505,0.0,0.0948905125260353,0.0510948896408081
00187,0.0,0.5,0.0,0.0,0.5,0.0
00188,0.0,0.0,0.0,0.0,0.3333333432674408,0.0
00189,0.0,0.0,0.0,0.0,0.0,0.1428571492433548
00190,0.0,0.0,0.0,0.0,1.0,0.0
00191,0.0,0.0,0.0,0.0,0.0,1.0
00192,0.0,0.0,0.0,0.0,0.3333333432674408,0.0
00193,1.0,0.0,0.0,0.0,0.0,0.0
00194,0.125,0.25,0.0,0.0,0.5,0.25
00195,0.5,0.5,0.5,0.0,0.0,0.0
00196,0.0,0.5,0.0,0.0,0.0,0.0
00197,0.0,0.0,0.16666666666666666,0.0,0.0,0.0
00198,0.5,0.0,0.0,0.0,0.0,0.0
00199,0.5,0.0,0.0,0.0,0.0,0.0
00200,0.0,0.5,0.0,0.0,0.0,0.0
00201,0.0,0.0,0.5,0.5,0.0,0.0
00202,0.0,0.0,0.0,0.5,0.0,0.0
00203,0.2380952388048172,0.0238095242530107,0.095238097012043,0.0,0.0476190485060215,0.0476190485060215
00204,0.0,0.0,0.0,0.0,0.5,0.0
00205,0.0,0.3333333432674408,0.0,0.0,0.0,0.0
00206,0.5,0.0,0.0,0.0,0.0,0.0
00207,0.0,0.0,1.0,0.0,0.0,0.0
00208,0.3333333432674408,0.0,0.0,0.0,0.0,0.0
00209,0.0,0.0,0.5,0.0,0.0,0.0
00210,0.0,0.3333333333333333,0.0,0.0,0.0,0.0
00211,0.6666666865348816,0.0,0.0,0.0,0.0,0.0
00212,0.0,0.0,0.0,0.5,0.0,0.0
00213,0.0,0.25,0.0,0.0,0.0,0.0
00214,0.4000000059604645,0.2000000029802322,0.0,0.0,0.0,0.2000000029802322
00215,0.25,0.0,0.0,0.0,0.0,0.0
00216,0.0,0.0,0.0,0.0,0.0,0.3333333333333333
00217,0.0,0.5,0.0,0.0,0.1666666716337204,0.0
00218,0.0,0.0,0.3333333333333333,0.0,0.0,0.0
00219,0.0,0.0,0.6666666666666666,0.0,0.0,0.0
00220,0.0,0.0,0.5,0.0,0.0,0.0
00221,0.2477064281702041,0.0091743115335702,0.027522936463356,0.0091743115335702,0.0183486230671405,0.0091743115335702
00222,0.0,0.5,0.5,0.0,0.0,0.5
00223,1.0,0.0,0.0,0.0,0.0,0.0
00224,0.3333333432674408,0.6666666865348816,0.0,0.0,0.3333333432674408,0.0
00225,0.0,0.0,0.0,0.0,0.5,0.0
00226,0.0,0.0,0.0,0.0,0.0,0.5
00227,0.7142857313156128,0.0,0.0,0.0,0.0,0.0
00228,0.0,0.0091743115335702,0.0183486230671405,0.0091743115335702,0.0,0.0
00229,0.0,0.0,0.0,0.0,0.5,0.0
00230,0.0,0.5,0.0,0.0,0.5,1.0
00231,0.0080000003799796,0.0399999991059303,0.1360000073909759,0.0080000003799796,0.1599999964237213,0.0
00232,0.0,0.5,0.0,0.0,0.0,0.0
00233,0.5,0.0,0.0,0.0,0.0,0.0
00234,0.3333333432674408,0.3333333432674408,0.0,0.0,0.0,0.0
00235,0.6666666865348816,0.0,0.0,0.0,0.6666666865348816,0.3333333432674408
00236,0.2477064281702041,0.0091743115335702,0.027522936463356,0.0091743115335702,0.0183486230671405,0.0091743115335702
00237,0.6666666865348816,0.0,0.0,0.0,0.0,0.0
00238,0.5,0.0,0.0,0.0,0.5,0.5
00239,0.045045044273138,0.0180180184543132,0.0630630627274513,0.0,0.0,0.0270270276814699
00240,0.0,0.0,0.0,0.0,0.0,0.5
00241,0.0,0.0,0.5,0.0,0.0,0.0
00242,0.0,0.4000000059604645,0.0,0.0,0.2000000029802322,0.2000000029802322
00243,0.5,0.0,0.0,0.0,0.0,0.0
00244,0.125,0.0390625,0.0234375,0.0,0.0546875,0.1015625
00245,0.0,0.0,1.0,0.0,0.0,0.0
00246,0.0,0.0,0.1395348906517028,0.0232558138668537,0.0,0.0
00247,0.2000000029802322,0.0,0.0,0.0,0.2000000029802322,0.2000000029802322
00248,0.5,0.0,0.0,0.0,0.0,0.0
00249,0.5,0.0,0.0,0.0,0.5,0.0
00250,0.0,0.6666666865348816,0.0,0.0,0.0,0.5
00251,0.0,0.0,0.0,0.0,0.0,0.5
00252,0.5,0.0,0.0,0.0,0.0,0.0
00253,0.0,0.0,0.0,0.0,0.5,0.0
00254,0.0,0.0,0.5,0.0,0.0,0.0
00255,0.0,0.25,0.0,0.0,0.25,0.25
00256,0.0,0.5,0.0,0.0,0.0,0.0
00257,0.0,0.0,0.0,0.0,0.5,0.0
00258,0.0,0.5,0.0,0.0,0.0,0.5
00259,0.5,0.0,0.5,0.0,0.0,0.0
00260,0.125,0.0390625,0.0234375,0.0,0.0546875,0.1015625
00261,0.0,0.5,0.0,0.0,0.0,0.0
00262,1.0,0.0,0.0,0.0,0.0,0.0
00263,0.4000000059604645,0.2000000029802322,0.0,0.0,0.0,0.2000000029802322
00264,0.2857142984867096,0.0,0.0,0.0,0.0,0.1428571492433548
00265,0.0,0.0,0.5,0.0,0.0,0.0
00266,0.0,0.3333333333333333,0.0,0.0,0.0,0.3333333333333333
00267,0.0,0.3333333432674408,0.0,0.0,0.0,0.0
00268,0.0,0.0,0.0,0.0,0.5,0.5
00269,0.0,0.2000000029802322,0.0,0.0,0.0,0.4000000059604645
00270,0.0,0.0,1.0,0.0,0.0,0.0
00271,0.5,0.0,0.0,0.0,0.5,0.0
00272,0.4000000059604645,0.0,0.0,0.0,0.0,0.2000000029802322
00273,0.0,0.0,0.0,0.0,0.5,0.0
00274,0.0,0.0,0.5,0.0,0.0,0.0
00275,0.5,0.5,0.0,0.0,0.0,0.5
00276,0.5,0.5,0.5,0.0,0.0,0.0
00277,0.4000000059604645,0.6000000238418579,0.0,0.0,0.0,0.0
00278,0.0,0.5,0.0,0.0,0.5,0.0
00279,0.0,0.5,0.0,0.0,0.0,0.0
00280,0.0,0.5,0.0,0.0,0.5,0.0
00281,0.0,0.0,0.0,0.0,0.5,0.5
00282,0.0,0.4285714328289032,0.0,0.0,0.1428571492433548,0.2857142984867096
00283,0.0,0.0,0.3000000119209289,0.0,0.0,0.0
00284,0.0,0.6666666666666666,0.0,0.0,0.0,0.3333333333333333
00285,0.0,0.0,0.0,0.1666666716337204,0.0,0.0
00286,0.5,0.0,0.0,0.0,0.5,0.5
00287,0.0,0.0,0.0,0.0,0.0,0.5
00288,0.5,0.0,0.0,0.0,0.0,0.0
00289,0.0,0.6000000238418579,0.0,0.0,0.0,0.0
00290,0.0,0.5,0.0,0.0,0.0,0.0
00291,0.375,0.125,0.0,0.0,0.0,0.375
00292,0.0,0.625,0.0,0.0,0.25,0.125
00293,0.0,0.0,0.0,0.0,0.25,0.0
00294,0.0,0.0091743115335702,0.0183486230671405,0.0091743115335702,0.0,0.0
00295,0.5,0.5,0.0,0.0,0.0,0.0
00296,0.0,0.0,0.0,0.1428571492433548,0.0,0.0
00297,0.4000000059604645,0.0,0.0,0.0,0.2000000029802322,0.2000000029802322
00298,0.5,0.0,0.0,0.0,0.5,0.5
00299,0.3333333432674408,0.0,0.3333333432674408,0.0,0.0,0.0
00300,0.0,0.5,0.5,0.0,0.5,0.0
00301,0.0,0.6666666865348816,0.0,0.0,0.0,0.0
00302,0.0818181782960891,0.0090909088030457,0.0454545468091964,0.0090909088030457,0.0181818176060915,0.1545454561710357
00303,0.5,0.5,0.0,0.0,0.0,0.5
00304,0.0,0.5,0.0,0.0,0.0,0.0
00305,0.6666666865348816,0.0,0.0,0.0,0.0,0.0
00306,0.5,0.0,0.0,0.0,0.5,0.0
00307,0.0,0.0,0.0,0.0,0.3333333432674408,0.3333333432674408
00308,0.0,0.0,0.5,0.0,0.0,0.0
00309,0.0,0.3333333432674408,0.0,0.0,0.0,0.0
00310,0.5,0.0,0.0,0.0,0.5,0.0
00311,0.0,0.5,0.0,0.0,0.0,0.0
00312,0.0,0.0,0.0,0.0,0.1666666716337204,0.5
00313,0.0,0.3333333432674408,0.3333333432674408,0.0,0.0,0.0
00314,0.3333333333333333,0.0,0.0,0.0,0.0,0.0
00315,0.5,0.0,0.0,0.0,0.5,0.5
00316,0.3333333432674408,0.3333333432674408,0.0,0.0,1.0,0.0
00317,0.0,0.3333333432674408,0.0,0.0,0.0,0.0
00318,0.25,0.0,0.0,0.0,0.0,0.0
00319,0.0080000003799796,0.0399999991059303,0.1360000073909759,0.0080000003799796,0.1599999964237213,0.0
00320,0.1636363565921783,0.0,0.1000000014901161,0.0,0.0,0.0090909088030457
00321,0.0,0.0,0.0,0.0,0.5,0.5
00322,0.5,0.5,0.5,0.0,0.0,0.0
00323,0.0,0.0,0.25,0.0,0.0,0.0
00324,0.0,0.0,0.0,0.0948275849223136,0.0,0.0
00325,0.5,0.5,0.5,0.0,0.0,0.0
00326,0.0,0.0,0.0,0.0,1.0,0.0
00327,0.3333333432674408,0.0,0.0,0.0,0.0,0.3333333432674408
00328,0.0,0.3333333432674408,0.0,0.0,0.0,0.0
00329,0.0,0.0183486230671405,0.0458715595304966,0.0,0.2201834917068481,0.1009174287319183
00330,0.0,0.5,0.0,0.0,0.5,0.0
00331,0.5,0.0,0.0,0.0,0.0,1.0
00332,0.5,0.0,0.0,0.0,0.0,0.0
00333,0.25,0.0,0.25,0.0,0.0,0.0
00334,0.0,0.0,0.5,0.0,0.0,0.0
00335,0.0,0.5,0.0,0.0,0.0,0.0
00336,0.1666666716337204,0.3333333432674408,0.0,0.0,0.1666666716337204,0.1666666716337204
00337,0.0,0.0,0.0,0.0,0.5,0.0
00338,0.2000000029802322,0.0,0.0,0.0,0.0,0.2000000029802322
00339,0.0,0.0,0.0,0.0,0.3333333432674408,0.3333333432674408
00340,0.0,0.0,0.0,0.0,0.0,0.5
00341,0.3333333432674408,0.3333333432674408,0.0,0.0,0.3333333432674408,0.3333333432674408
00342,0.0,0.375,0.0,0.0,0.125,0.125
00343,0.5,0.0,0.5,0.0,0.0,0.0
00344,0.0,0.0,0.0,0.1428571492433548,0.0,0.0
00345,0.0,0.0,0.25,0.0,0.0,0.0
00346,0.0,0.0,0.4285714328289032,0.0,0.0,0.0
00347,0.0,0.0,0.0,0.0,1.0,0.0
00348,0.0,0.4000000059604645,0.0,0.0,0.2000000029802322,0.0
00349,0.0263157896697521,0.0,0.1052631586790084,0.0,0.0526315793395042,0.1052631586790084
00350,0.0,0.5,0.0,0.0,0.5,0.0
00351,0.0,0.0,0.0,0.0,0.3333333432674408,0.0
00352,0.0,0.3333333432674408,0.0,0.0,0.3333333432674408,0.0
00353,1.0,0.3333333432674408,0.0,0.3333333432674408,0.0,0.0
00354,0.0,0.0,0.0,0.0,0.25,0.0
00355,0.0,0.0,0.0,0.0,0.5,0.5
00356,0.0,0.0,0.0,0.0,0.0,0.5
00357,0.0,0.0,0.5,0.0,0.0,0.0
00358,0.0,0.0,0.0,0.0,0.5,0.0
00359,0.0,0.25,0.0,0.0,0.0,0.0
00360,0.5,0.0,0.0,0.0,0.5,0.0
00361,0.0,0.0089285718277096,0.0357142873108387,0.0089285718277096,0.0089285718277096,0.0
00362,0.0,0.0,0.5,0.0,0.0,0.5
00363,0.0,0.0,0.0,0.0,0.5,0.0
00364,0.5,0.0,0.0,0.0,0.0,0.0
00365,0.0,0.0,0.0,0.0,0.1666666716337204,0.1666666716337204
00366,0.0,0.0,0.0,0.0,0.5,0.0
00367,0.5,0.5,0.0,0.0,0.5,0.5
00368,0.0,0.0,0.0,0.0,0.5,0.0
00369,0.0,0.5,0.0,0.0,0.0,0.25
00370,0.0,0.4000000059604645,0.0,0.0,0.2000000029802322,0.6000000238418579
00371,0.0,0.3333333432674408,0.3333333432674408,0.0,0.0,0.3333333432674408
00372,0.0,0.0,0.1428571492433548,0.0,0.1428571492433548,0.0
00373,0.0,0.0,0.0,0.0,0.3333333432674408,0.3333333432674408
00374,0.0,0.0,0.0,0.0,1.0,0.0
00375,0.0,0.5,0.5,0.0,0.0,0.0
00376,0.0,0.0,0.0,0.0,0.5,0.0
00377,0.0818181782960891,0.0090909088030457,0.0454545468091964,0.0090909088030457,0.0181818176060915,0.1545454561710357
00378,0.0,0.25,0.0,0.0,0.5,0.0
00379,0.25,0.25,0.0,0.0,0.25,0.75
00380,0.0,0.0,1.0,0.5,0.0,0.0
00381,0.2477064281702041,0.0091743115335702,0.027522936463356,0.0091743115335702,0.0183486230671405,0.0091743115335702
00382,0.5,0.0,0.0,0.0,0.0,0.0
00383,0.0,0.5,0.0,0.0,0.0,0.0
00384,0.0,0.0,0.0,0.0,0.5,0.5
00385,0.0,0.800000011920929,0.0,0.0,0.0,0.4000000059604645
00386,0.0,0.4,0.0,0.2,0.0,0.0
00387,0.0,0.0,0.0,0.0,0.0,0.5
00388,0.0,0.5,0.0,0.0,0.0,0.0
00389,0.0,0.0,0.3333333432674408,0.0,0.0,0.0
00390,0.0,0.0,0.0,0.0,0.0,1.0
00391,0.5,0.0,0.0,0.0,1.0,0.5
00392,1.0,0.0,0.0,0.0,0.0,0.5
00393,0.0,0.0,0.3333333432674408,0.0,0.0,0.0
00394,0.0,0.0,0.0,0.0,0.5,0.0
00395,0.5,0.0,0.0,0.0,0.0,0.0
00396,0.5,0.0,0.0,0.0,0.0,0.0
00397,0.2477064281702041,0.0091743115335702,0.027522936463356,0.0091743115335702,0.0183486230671405,0.0091743115335702
00398,0.0,0.0,0.0,0.0,0.0,0.5
00399,0.0,0.5,0.0,0.0,0.0,0.0
00400,0.0,0.0,0.0,0.5,0.0,0.0
00401,0.0,0.0090090092271566,0.0720720738172531,0.0,0.0090090092271566,0.0
00402,0.0,0.0,0.0,0.0,0.5,0.0
00403,0.5,0.5,0.5,0.0,0.0,0.0
00404,0.3333333432674408,0.3333333432674408,0.3333333432674408,0.3333333432674408,0.0,0.0
00405,0.0,0.0,0.5,0.0,0.0,0.0
00406,0.5,0.5,0.5,0.0,0.0,0.0
00407,0.0,0.0183486230671405,0.0458715595304966,0.0,0.2201834917068481,0.1009174287319183
00408,0.0,0.0,0.5,0.0,0.0,0.0
00409,0.0,0.5,0.0,0.0,0.0,0.0
00410,0.0,0.0,0.25,0.0,0.0,0.0
00411,0.0,0.0,0.5,0.0,0.0,0.0
00412,0.0,0.5,0.0,0.0,0.0,0.5
00413,0.0,0.0,0.3333333333333333,0.3333333333333333,0.0,0.0
00414,0.0,0.0,0.2857142984867096,0.0,0.0,0.0
00415,0.25,0.0,0.0,0.0,0.5,0.0
00416,0.0,0.5,0.0,0.0,0.5,0.0
00417,0.2477064281702041,0.0091743115335702,0.027522936463356,0.0091743115335702,0.0183486230671405,0.0091743115335702
00418,0.5,0.0,0.0,0.0,0.0,0.0
00419,0.3333333432674408,0.0,0.0,0.0,0.0,0.0
00420,0.0,0.0,0.0,0.5,0.0,0.0
00421,0.0,0.5,0.0,0.0,0.5,0.5
00422,0.0,0.0,0.0,0.0,0.5,1.0
00423,0.0,0.5,0.0,0.0,0.0,0.0
00424,0.0,0.0,0.0,0.5,0.0,0.0
00425,0.0,0.5,0.0,0.0,0.0,0.0
00426,0.0,0.5,0.5,0.0,0.0,0.0
00427,0.5,0.0,0.0,0.0,0.0,0.0
00428,0.5,0.0,0.0,0.0,0.5,0.0
00429,0.0,0.0,0.6000000238418579,0.0,0.0,0.0
00430,0.0,0.5,0.0,0.0,0.0,0.0
00431,0.0,0.5,0.0,0.0,0.0,0.0
00432,0.0,0.5,0.0,0.0,0.5,0.5
00433,0.5,0.5,0.0,0.0,0.0,0.0
00434,0.0,0.0,0.0,0.0,0.0,0.5
00435,0.4444444444444444,0.0,0.1111111111111111,0.0,0.0,0.0
00436,0.0,0.0,0.0,0.2000000029802322,0.2000000029802322,0.2000000029802322
00437,0.1666666716337204,0.0,0.1666666716337204,0.0,0.1666666716337204,0.1666666716337204
00438,0.125,0.0390625,0.0234375,0.0,0.0546875,0.1015625
00439,0.0088495574891567,0.0,0.3185840845108032,0.0,0.0,0.0
00440,0.5,0.0,0.0,0.0,0.0,0.0
00441,0.5,0.0,0.0,0.0,0.5,0.5
00442,0.1351351290941238,0.1351351290941238,0.0,0.0,0.0,0.0540540553629398
00443,0.0,0.5,0.0,0.0,0.5,0.0
00444,0.0,0.0,0.0,0.0,1.0,0.5
00445,0.0,0.5,0.5,0.0,0.5,0.0
00446,0.0,0.0,0.2000000029802322,0.0,0.0,0.0
00447,0.0,0.3333333432674408,0.0,0.0,0.0,0.0
00448,0.0,0.5,0.0,0.0,0.0,0.0
00449,0.5,0.0,0.0,0.0,0.0,0.0
00450,0.5,0.0,0.0,0.0,0.5,0.0
00451,0.2857142984867096,0.0,0.1428571492433548,0.1428571492433548,0.1428571492433548,0.0
00452,0.0,0.0,0.75,0.0,0.0,0.0
00453,0.0172413792461156,0.0172413792461156,0.0258620698004961,0.0,0.0517241396009922,0.0
00454,0.1428571492433548,0.0,0.0,0.0,0.0,0.1428571492433548
00455,0.5,0.0,0.0,0.0,0.0,0.75
00456,0.5,0.0,0.0,0.0,0.0,0.0
00457,0.0,0.0,0.5,0.0,0.0,0.0
00458,0.4642857015132904,0.1607142835855484,0.0,0.0,0.2857142984867096,0.3392857015132904
00459,0.5,0.5,0.0,0.0,0.0,0.0
00460,0.5,0.5,0.5,0.0,0.0,0.0
00461,0.5,0.0,0.0,0.5,0.0,0.0
00462,0.25,0.0,0.0,0.5,0.0,0.0
00463,0.0,0.2000000029802322,0.0,0.0,0.4000000059604645,0.4000000059604645
00464,0.5,0.0,0.5,0.0,0.0,0.0
00465,0.5,0.0,0.0,0.0,0.0,0.5
00466,0.0,0.3333333432674408,0.0,0.0,0.0,0.3333333432674408
00467,0.1666666716337204,0.3333333432674408,0.0,0.0,0.0,0.1666666716337204
00468,0.0,0.0,0.0,0.0,0.0,0.5
00469,0.0,0.5,0.0,0.0,0.0,0.0
00470,0.1666666716337204,0.0,0.0,0.0,0.0,0.0
00471,0.5,0.0,0.0,0.0,0.0,0.0
00472,0.0,0.0,0.0,0.0,0.5,0.0
00473,0.25,0.25,0.25,0.25,0.5,0.25
00474,0.2000000029802322,0.2000000029802322,0.2000000029802322,0.0,0.0,0.4000000059604645
00475,0.0,0.0,0.3333333432674408,0.0,0.0,0.0
00476,0.0,0.0,0.0,0.0,0.5,0.5
00477,0.0,0.0,0.0,0.5,0.0,0.0
00478,0.5,0.0,0.0,0.5,0.0,0.0
00479,0.5,0.0,0.0,0.0,0.5,0.5
00480,0.0,0.0,0.1666666716337204,0.0,0.0,0.0
00481,0.1666666716337204,0.1666666716337204,0.0,0.0,0.6666666865348816,0.6666666865348816
00482,0.0,0.0183486230671405,0.0458715595304966,0.0,0.2201834917068481,0.1009174287319183
00483,0.0,0.0089285718277096,0.0357142873108387,0.0089285718277096,0.0089285718277096,0.0
00484,0.25,0.25,0.0,0.0,0.0,0.0
00485,0.0,0.5,0.0,0.0,0.0,0.0
00486,0.5,0.0,0.0,0.0,0.5,0.5
00487,0.5,0.0,0.0,0.0,0.0,0.0
00488,1.0,0.0,0.0,0.0,0.0,0.5
00489,0.0,0.0,0.0,0.0,0.5,0.0
00490,0.0,0.0,0.0,0.5,0.0,0.0
00491,0.0,0.5,0.0,0.0,0.0,0.0
00492,0.0,0.0,0.0256410259753465,0.0341880358755588,0.0,0.0
00493,0.0,0.25,0.125,0.0,0.0,0.0
00494,0.3333333432674408,0.0,0.0,0.0,0.0,0.0
00495,0.0,0.0,0.5,0.0,0.0,0.0
00496,0.045045044273138,0.0180180184543132,0.0630630627274513,0.0,0.0,0.0270270276814699
00497,0.1666666716337204,0.0,0.0,0.0,0.1666666716337204,0.5
00498,0.0,0.0,0.0,0.0,0.3333333432674408,0.0
00499,0.5,0.0,0.0,0.0,0.0,0.0
00500,0.5,0.0,0.0,0.0,0.5,0.5
00501,0.5,0.0,0.0,0.0,0.0,0.5
00502,0.5,0.5,0.5,0.0,0.0,0.0
00503,1.0,0.0,0.0,0.0,0.0,0.0
00504,0.0,0.0,0.5,0.0,0.0,0.0
00505,0.0,0.3333333333333333,0.0,0.0,0.0,0.0
00506,0.5,0.0,0.5,0.0,0.0,0.0
00507,0.0,0.5,0.0,0.0,0.625,0.625
00508,0.0,0.0,0.3333333432674408,0.0,0.0,0.0
00509,1.0,0.0,0.0,0.0,0.0,0.0
00510,0.5,0.0,0.0,0.0,0.0,0.0
00511,0.0,0.0,0.0,0.0,0.5,0.0
00512,0.5,0.0,0.0,0.0,0.0,0.0
00513,0.0,0.5,0.0,0.0,0.0,0.0
00514,0.0,0.0,0.5,0.0,0.0,0.0
00515,0.5,0.0,0.0,0.0,0.0,0.0
00516,0.0,0.0,0.0,0.0,0.25,0.0
00517,1.0,0.0,0.0,0.0,0.0,0.0
00518,0.0,0.5,0.0,0.0,0.0,0.0
00519,0.0,0.0,0.2000000029802322,0.0,0.0,0.0
00520,0.5,0.0,0.5,0.0,0.0,0.0
00521,0.0,0.0,0.5,0.0,0.0,0.0
00522,0.5,0.0,0.5,0.0,0.0,0.0
00523,0.5,0.0,0.0,0.0,0.0,0.0
00524,0.25,0.0,0.0,0.0,0.0,0.0
00525,0.75,0.0,0.0,0.0,0.0,0.0
00526,0.0,0.0,0.25,0.0,0.0,0.0
00527,0.0,0.0089285718277096,0.0357142873108387,0.0089285718277096,0.0089285718277096,0.0
00528,0.5,0.5,0.5,0.0,0.0,0.0
00529,0.5,0.0,0.0,0.0,0.0,0.0
00530,0.0,0.5,0.0,0.0,1.0,0.5
00531,0.0,0.0,0.0,0.0,0.5,0.5
00532,0.0,0.0,0.25,0.0,0.0,0.0
00533,0.0,0.0,0.0,0.0,0.5,0.0
00534,0.3333333432674408,0.0,0.0,0.0,0.0,0.0
00535,0.0291970800608396,0.0291970800608396,0.0656934306025505,0.0,0.0948905125260353,0.0510948896408081
00536,0.5,0.0,0.0,0.0,0.0,0.0
00537,0.5,0.0,0.0,0.0,0.0,0.0
00538,0.0,0.0,0.0,0.0,0.3333333432674408,0.0
00539,0.0,0.125,0.0,0.0,0.0,0.125
00540,0.1666666716337204,0.3333333432674408,0.1666666716337204,0.0,0.1666666716337204,0.5
00541,0.0291970800608396,0.0291970800608396,0.0656934306025505,0.0,0.0948905125260353,0.0510948896408081
00542,0.0,0.5,0.0,0.0,0.5,0.5
00543,0.0,0.0,0.1666666716337204,0.0,0.0,0.0
00544,0.25,0.0,0.25,0.25,0.0,0.0
00545,0.0,0.0,0.0,0.0,0.5,0.0
00546,0.0,0.5,0.0,0.0,0.0,0.0
00547,0.6000000238418579,0.0,0.0,0.2000000029802322,0.0,0.0
00548,0.3333333432674408,0.0,0.3333333432674408,0.0,0.6666666865348816,0.0
00549,0.0,0.0,0.0,0.0,0.3333333432674408,0.0
00550,0.3333333432674408,0.0,0.0,0.0,0.3333333432674408,0.3333333432674408
00551,0.0,0.5,0.0,0.5,0.0,0.0
00552,0.0341880358755588,0.0769230797886848,0.0598290599882602,0.0,0.2905983030796051,0.0940170958638191
00553,0.5,0.5,0.0,0.0,0.5,0.5
00554,0.0,0.0,0.5,0.0,0.0,0.0
00555,0.3333333432674408,0.0,0.0,0.0,0.0,0.0
00556,0.0,0.3333333432674408,0.0,0.0,0.0,0.0
00557,0.0,0.0,0.0,0.0948275849223136,0.0,0.0
00558,0.0,1.0,0.0,0.0,0.0,0.0
00559,0.0,0.0,0.0,0.0,0.0,0.5
00560,0.0,0.5,0.0,0.0,0.0,0.0
00561,0.0,0.0,0.0,0.5,0.0,0.0
00562,0.0,0.0,0.5,0.5,0.0,0.0
00563,0.0,0.5,0.0,0.0,0.5,1.0
00564,0.0,0.0,0.0,0.0,0.5,0.0
00565,0.5,0.0,0.5,0.0,0.0,0.0
00566,0.1666666716337204,0.0,0.0,0.0,0.1666666716337204,0.1666666716337204
00567,0.2380952388048172,0.0238095242530107,0.095238097012043,0.0,0.0476190485060215,0.0476190485060215
00568,0.0,0.3333333432674408,0.0,0.0,0.3333333432674408,0.0
00569,0.0,0.4000000059604645,0.0,0.0,0.4000000059604645,0.2000000029802322
00570,0.0,0.5,0.0,0.0,0.0,0.0
00571,0.0,0.0,0.5,0.0,0.0,0.0
00572,0.0,0.0,0.0,0.0,0.5,0.5
00573,0.0,0.0,0.0,0.0,0.2000000029802322,0.0
00574,0.0,0.0,0.5,0.0,0.0,0.0
00575,0.0366972461342811,0.1467889845371246,0.027522936463356,0.0,0.2385321110486984,0.0183486230671405
00576,1.0,0.5,0.0,0.0,0.0,0.0
00577,0.2000000029802322,0.0,0.6000000238418579,0.0,0.0,0.0
00578,0.0,0.0,0.0,0.0,0.2,0.0
00579,0.2432432472705841,0.0810810774564743,0.0,0.0,0.4054054021835327,0.4594594538211822
00580,0.125,0.25,0.0,0.0,0.375,0.25
00581,0.0,0.0,0.2857142984867096,0.0,0.0,0.0
00582,1.0,0.0,0.0,0.0,0.0,0.0
00583,0.0,0.5,0.5,0.0,0.0,0.0
00584,0.6666666865348816,0.0,0.0,0.0,0.3333333432674408,0.3333333432674408
00585,0.2432432472705841,0.0810810774564743,0.0,0.0,0.4054054021835327,0.4594594538211822
00586,0.0,0.0,0.0909090936183929,0.0,0.0,0.0
00587,0.5,0.0,0.5,0.0,0.0,0.0
00588,0.0,0.0,0.0,0.0,0.0,0.5
00589,0.3333333432674408,0.0,0.3333333432674408,0.0,0.3333333432674408,0.3333333432674408
00590,0.5,0.0,0.0,0.0,0.0,0.0
00591,0.5,0.0,0.0,0.0,0.5,0.5
00592,0.3333333432674408,0.0,0.1666666716337204,0.3333333432674408,0.0,0.0
00593,0.2162162214517593,0.0270270276814699,0.0,0.0,0.1351351290941238,0.3243243098258972
00594,0.0,0.0,0.0,0.0,1.0,0.5
00595,0.5,0.0,0.5,0.0,0.0,0.0
00596,0.0,0.1636363565921783,0.036363635212183,0.0272727273404598,0.0818181782960891,0.0909090936183929
00597,0.5,0.0,0.0,0.0,0.5,0.0
00598,0.5,0.0,0.0,0.0,0.0,0.0
00599,0.125,0.0,0.0,0.0,0.0,0.0
00600,0.045045044273138,0.0180180184543132,0.0630630627274513,0.0,0.0,0.0270270276814699
00601,0.0080000003799796,0.0399999991059303,0.1360000073909759,0.0080000003799796,0.1599999964237213,0.0
00602,0.0,0.0,0.3333333333333333,0.0,0.0,0.0
00603,0.5,0.5,0.0,0.0,0.5,0.0
00604,0.0,0.0,0.4444444477558136,0.0,0.0,0.0
00605,0.3333333432674408,0.0,0.0,0.0,0.0,0.0
00606,0.3333333432674408,0.0,0.0,0.0,0.3333333432674408,0.3333333432674408
00607,0.0,0.0,0.5,0.0,0.0,0.0
00608,0.0,0.5,0.0,0.0,0.5,1.0
00609,0.25,0.0,0.0,0.0,0.75,0.25
00610,0.0,0.0,0.25,0.0,0.0,0.0
00611,0.0,0.5,0.0,0.0,0.0,0.0
00612,0.0172413792461156,0.0172413792461156,0.0258620698004961,0.0,0.0517241396009922,0.0
00613,0.0080000003799796,0.0399999991059303,0.1360000073909759,0.0080000003799796,0.1599999964237213,0.0
00614,0.0,0.3333333333333333,0.0,0.0,0.0,0.3333333333333333
00615,0.0277777779847383,0.0277777779847383,0.0277777779847383,0.0,0.0,0.0
00616,0.0,0.1666666716337204,0.0,0.0,0.0,0.3333333432674408
00617,0.0,0.2000000029802322,0.0,0.0,0.0,0.2000000029802322
00618,0.0,0.0,0.0,0.0,0.25,0.25
00619,0.0,0.0,0.0,0.3333333432674408,0.0,0.0
00620,0.0,0.0,0.3333333432674408,0.0,0.0,0.0
00621,0.0,0.0,0.0,0.0,0.5,0.0
00622,0.0,0.3333333432674408,0.0,0.0,0.0,0.0
00623,0.5,0.0,0.0,0.0,0.0,0.0
00624,0.0,0.0,0.25,0.0,0.25,0.0
00625,0.5,0.5,0.5,0.0,0.0,0.0
00626,0.0,0.0,0.1666666716337204,0.0,0.1666666716337204,0.0
00627,0.2000000029802322,0.0,0.0,0.0,0.4000000059604645,0.0
00628,0.0,0.0,0.0,0.0,0.0,0.5
00629,0.0,0.3333333432674408,0.0,0.0,0.0,0.3333333432674408
00630,0.0,0.0,0.3333333333333333,0.0,0.0,0.0
00631,1.0,0.0,0.0,0.0,0.0,0.5
00632,0.1666666716337204,0.0,0.0,0.0,0.0,0.0
00633,0.0,0.0,0.5,0.0,0.5,0.0
00634,0.0,1.0,0.5,0.0,0.5,0.5
00635,0.0,0.3333333432674408,0.0,0.0,0.3333333432674408,0.3333333432674408
00636,0.0,0.0,0.0,0.0277777779847383,0.0,0.0277777779847383
00637,0.0,0.0,0.5,0.0,0.0,0.0
00638,0.5,0.5,0.5,0.0,0.0,0.0
00639,0.5,0.0,0.0,0.0,0.0,0.5
00640,0.0,0.0,0.3333333432674408,0.0,0.1666666716337204,0.0
00641,0.0,0.0,0.1351351290941238,0.0,0.0270270276814699,0.0
00642,0.2000000029802322,0.2000000029802322,0.0,0.0,0.0,0.2000000029802322
00643,0.0,0.0,0.25,0.0,0.0,0.0
00644,0.0,1.0,0.5,0.0,0.0,0.0
00645,0.0,0.5,0.5,0.0,0.0,0.0
00646,0.0818181782960891,0.0090909088030457,0.0454545468091964,0.0090909088030457,0.0181818176060915,0.1545454561710357
00647,0.0,0.3333333432674408,0.3333333432674408,0.0,0.0,0.0
00648,0.0,0.0,0.0,0.0,0.5,0.5
00649,1.0,0.0,0.0,0.0,0.0,0.5
00650,1.0,0.0,0.0,0.0,0.0,0.5
00651,0.1538461595773697,0.0598290599882602,0.0085470089688897,0.0,0.0683760717511177,0.0256410259753465
00652,0.0,0.2000000029802322,0.2000000029802322,0.0,0.2000000029802322,0.2000000029802322
00653,0.0,0.25,0.0,0.0,0.0,0.0
00654,0.2857142984867096,0.0,0.1428571492433548,0.0,0.0,0.0
00655,0.5,0.0,0.0,0.5,0.0,0.0
00656,0.5,0.0,0.0,0.0,0.0,0.0
00657,0.0,0.5,0.0,0.0,0.5,1.0
00658,0.0,0.0,0.5,0.0,0.0,0.0
00659,1.0,0.5,0.0,0.0,0.0,0.0
00660,0.0,0.2000000029802322,0.0,0.0,0.2000000029802322,0.4000000059604645
00661,0.5,0.0,1.0,0.0,0.0,0.0
00662,0.3333333432674408,0.6666666865348816,0.0,0.0,0.0,0.0
00663,0.5,0.25,0.0,0.0,0.25,0.25
00664,0.1538461595773697,0.0598290599882602,0.0085470089688897,0.0,0.0683760717511177,0.0256410259753465
00665,0.0,0.0,0.3333333432674408,0.0,0.0,0.0
00666,0.5,0.5,0.5,0.0,0.0,0.0
00667,0.0,0.3333333432674408,0.0,0.0,0.3333333432674408,0.0
00668,0.0,0.0,1.0,0.0,0.0,0.0
00669,0.0,0.0,0.0,0.0,0.0,0.5
00670,0.25,0.0,0.0,0.0,0.0,0.25
00671,0.5714285969734192,0.0,0.0,0.0,0.0,0.1428571492433548
00672,0.5,0.0,0.0,0.0,0.5,0.5
00673,0.0,0.5,0.0,0.0,0.0,0.0
00674,0.1636363565921783,0.0,0.1000000014901161,0.0,0.0,0.0090909088030457
00675,0.5,0.0,1.0,0.0,0.5,0.5
00676,0.25,0.0,0.0,0.0,0.0,0.0
00677,0.0341880358755588,0.0769230797886848,0.0598290599882602,0.0,0.2905983030796051,0.0940170958638191
00678,0.5,0.0,0.0,0.0,0.0,0.0
00679,0.0,1.0,0.0,0.0,0.5,0.0
00680,0.1538461595773697,0.0598290599882602,0.0085470089688897,0.0,0.0683760717511177,0.0256410259753465
00681,0.0,0.0,0.5,0.0,0.0,0.0
00682,0.4000000059604645,0.0,0.0,0.0,0.0,0.4000000059604645
00683,0.5,0.0,0.5,0.0,0.0,0.0
00684,0.0,0.0,0.0,0.0,0.5,0.0
00685,0.0,0.0,0.1395348906517028,0.0232558138668537,0.0,0.0
00686,0.0,0.5,0.0,0.0,0.0,0.5
00687,0.0,0.5,0.0,0.0,0.5,0.0
00688,0.3333333432674408,0.0,0.0,0.0,0.3333333432674408,0.3333333432674408
00689,0.5,0.0,0.0,0.0,0.0,0.5
00690,0.5,0.0,0.0,0.0,0.0,0.0
00691,0.3333333432674408,0.0,0.0,0.0,0.0,0.0
00692,0.0,0.0,0.5,0.0,0.0,0.0
00693,0.0,0.0,0.0,0.0,0.3333333432674408,0.0
00694,0.0,0.0,0.5,0.0,0.0,0.0
00695,0.5,0.0,0.0,0.5,0.0,0.0
00696,0.0,0.0,0.125,0.0,0.0,0.0
00697,0.4000000059604645,0.6000000238418579,0.0,0.0,0.0,0.0
00698,0.1666666716337204,0.0,0.0,0.0,0.0,0.0
00699,0.0,0.0,0.0,0.0,0.3333333432674408,0.3333333432674408
00700,0.0,0.0,0.1025641039013862,0.0170940179377794,0.0085470089688897,0.0
00701,0.0,0.6666666865348816,0.0,0.0,0.0,0.3333333432674408
00702,0.0,0.3333333432674408,0.0,0.0,0.0,0.0
00703,0.5,0.0,0.0,0.0,0.0,0.0
00704,0.3333333432674408,0.0,0.0,0.0,0.0,0.0
00705,0.0,0.0,0.0,0.2000000029802322,0.0,0.0
00706,0.0,0.5,0.0,0.0,0.1666666716337204,0.0
00707,0.0,1.0,0.0,0.0,1.0,0.0
00708,0.0,0.1636363565921783,0.036363635212183,0.0272727273404598,0.0818181782960891,0.0909090936183929
00709,0.0,0.0,0.0,0.0,0.5,0.0
00710,0.5,0.0,0.0,0.0,0.0,0.0
00711,0.0,0.0,0.2000000029802322,0.0,0.0,0.0
00712,0.0,0.5,0.0,0.0,0.0,0.0
00713,0.0,0.5,0.0,0.0,0.0,0.0
00714,0.0,0.0,0.5,0.0,0.0,0.0
00715,0.5,0.0,0.0,0.0,0.0,0.0
00716,0.0088495574891567,0.0,0.3185840845108032,0.0,0.0,0.0
00717,0.5,0.0,0.0,0.0,0.5,0.5
00718,0.0172413792461156,0.0172413792461156,0.0258620698004961,0.0,0.0517241396009922,0.0
00719,0.0,0.0,0.0,0.0948275849223136,0.0,0.0
00720,0.0,0.0,0.0256410259753465,0.0341880358755588,0.0,0.0
00721,0.0,0.0,0.0,0.0,0.3333333432674408,0.0
00722,0.4642857015132904,0.1607142835855484,0.0,0.0,0.2857142984867096,0.3392857015132904
00723,0.5,0.0,0.0,0.0,0.0,0.5
00724,0.0366972461342811,0.1467889845371246,0.027522936463356,0.0,0.2385321110486984,0.0183486230671405
00725,0.0,0.0,0.5,0.0,1.0,0.0
00726,0.6666666865348816,0.0,0.0,0.0,0.6666666865348816,0.3333333432674408
00727,0.0,0.5,0.0,0.0,0.0,0.5
00728,0.5,1.0,0.0,0.0,0.0,0.0
00729,0.0,0.0,0.0,0.0,0.3333333432674408,0.0
00730,0.5,0.0,0.25,0.0,0.0,0.25
00731,0.3333333432674408,0.0,0.0,0.0,0.0,0.0
00732,0.0,0.5,0.0,0.0,0.0,0.0
00733,0.0,0.5,0.0,0.0,0.5,0.0
00734,0.0,0.5,0.25,0.0,0.0,0.0
00735,0.0,0.0,0.0,0.1136363670229911,0.0,0.0
00736,0.0,0.0,0.0,0.0,0.5,0.0
00737,0.5,0.0,0.0,0.0,0.0,0.0
00738,0.0,0.0,0.0,0.0,0.0,0.5
00739,0.0,0.0,0.5,0.0,0.0,0.0
00740,0.0,0.5,0.0,0.0,0.5,0.0
00741,0.0,0.0,0.1395348906517028,0.0232558138668537,0.0,0.0
00742,0.0,0.0,0.2000000029802322,0.0,0.0,0.0
00743,0.0,0.0,0.3333333333333333,0.0,0.0,0.0
00744,0.0,0.0,0.0,0.0,0.5,0.0
00745,0.0,0.0,0.1025641039013862,0.0170940179377794,0.0085470089688897,0.0
00746,0.3333333432674408,0.0,0.6666666865348816,0.0,0.0,0.0
00747,0.5,0.5,0.5,0.0,0.0,0.0
00748,0.1636363565921783,0.0,0.1000000014901161,0.0,0.0,0.0090909088030457
00749,0.4285714328289032,0.0,0.0,0.0,0.2857142984867096,0.2857142984867096
00750,0.5,0.0,0.0,0.0,0.0,0.5
00751,0.5,0.0,0.0,0.0,0.0,0.5
00752,0.0,0.5,0.0,0.5,0.5,0.5
00753,0.2000000029802322,0.0,0.0,0.0,0.0,0.0
00754,0.3333333432674408,0.0,0.0,0.0,0.3333333432674408,0.3333333432674408
00755,0.0,0.0,1.0,0.0,0.5,0.0
00756,0.0,0.25,0.0,0.0,0.0,0.0
00757,0.0,0.5,0.0,0.0,0.5,0.5
00758,0.0,0.0,0.5,0.0,0.0,0.0
00759,0.0,0.5,0.0,0.0,0.0,0.0
00760,0.0,0.0,0.1428571492433548,0.0,0.0,0.0
00761,0.3333333432674408,0.0,0.3333333432674408,0.0,0.0,0.0
00762,0.0,0.2000000029802322,0.0,0.0,0.4000000059604645,0.4000000059604645
00763,0.1538461595773697,0.0598290599882602,0.0085470089688897,0.0,0.0683760717511177,0.0256410259753465
00764,0.1666666716337204,0.0,0.0,0.0,0.0,0.0
00765,0.0,0.0,0.0,0.0,0.5,0.0
00766,0.5,0.0,0.0,0.0,0.0,0.0
00767,0.0,0.5,0.0,0.0,0.0,0.0
00768,1.0,0.0,0.0,0.0,0.0,0.0
00769,0.0,0.25,0.125,0.0,0.375,0.125
00770,0.0,0.0,0.5,0.0,0.0,0.0
00771,0.0,0.0,0.0,0.5,0.0,0.0
00772,0.0,0.0,1.0,0.0,0.0,0.0
00773,0.0,0.3333333432674408,0.0,0.0,0.0,0.0
00774,0.0,0.0,0.0,0.0,0.5,0.0
00775,0.5,0.0,0.0,0.0,0.0,0.0
00776,0.0,0.0,0.0,0.0,0.0,0.3333333432674408
00777,0.0,0.0183486230671405,0.0458715595304966,0.0,0.2201834917068481,0.1009174287319183
00778,0.0,0.0,0.0,0.0,1.0,0.5
00779,0.0,0.0,0.5,0.0,0.0,0.0
00780,0.0,0.0,0.3333333333333333,0.0,0.0,0.3333333333333333
00781,0.1009174287319183,0.0091743115335702,0.027522936463356,0.0,0.082568809390068,0.027522936463356
00782,0.5,0.0,0.0,0.0,0.0,0.0
00783,0.5,0.0,0.0,0.0,0.5,0.0
00784,0.0,0.5,0.0,0.0,0.0,0.0
00785,0.5,0.0,0.0,0.0,0.5,0.0
00786,0.3333333432674408,0.3333333432674408,0.0,0.0,0.3333333432674408,0.6666666865348816
00787,0.0291970800608396,0.0291970800608396,0.0656934306025505,0.0,0.0948905125260353,0.0510948896408081
00788,0.0,0.0,0.25,0.0,0.0,0.0
00789,0.0,0.5,0.0,0.0,0.0,0.0
00790,0.0,0.5,0.0,0.0,0.5,0.5
00791,0.0,0.0,0.0,0.0,0.3333333432674408,0.0
00792,0.0,0.0,0.0,0.0,1.0,0.0
00793,0.5,0.0,0.0,0.0,0.0,0.0
00794,0.0,0.0,0.0,0.0,0.0,0.5
00795,0.0,0.0408163256943225,0.0408163256943225,0.0204081628471612,0.0,0.0
00796,0.5,0.5,0.0,0.0,0.0,0.5
00797,1.0,0.0,0.0,0.0,0.0,1.0
00798,0.1009174287319183,0.0091743115335702,0.027522936463356,0.0,0.082568809390068,0.027522936463356
00799,0.0,0.0,0.0,0.0,0.0,0.5
00800,0.4000000059604645,0.0,0.0,0.0,0.0,0.4000000059604645
00801,0.0,0.0,0.0,0.0,0.5,0.5
00802,0.0,0.75,0.0,0.0,0.0,0.0
00803,0.5,0.5,0.5,0.0,0.0,0.0
00804,0.2,0.0,0.0,0.0,0.0,0.2
00805,0.0,0.5,0.0,0.0,0.0,0.0
00806,0.0,0.0,0.5,0.0,0.0,0.0
00807,0.125,0.0390625,0.0234375,0.0,0.0546875,0.1015625
00808,0.5,0.0,0.0,0.0,0.0,0.5
00809,0.0,0.0183486230671405,0.0458715595304966,0.0,0.2201834917068481,0.1009174287319183
00810,0.5,0.0,0.0,0.0,0.0,0.0
00811,0.0,0.0,0.3333333432674408,0.0,0.0,0.0
00812,0.0,0.0,0.0,0.3333333333333333,0.0,0.0
00813,0.0291970800608396,0.0291970800608396,0.0656934306025505,0.0,0.0948905125260353,0.0510948896408081
00814,0.0,0.0,0.0,0.0,0.3333333432674408,1.0
00815,0.25,0.25,0.0,0.0,0.0,0.25
00816,0.0,0.25,0.0,0.0,0.0,0.25
00817,0.7777777910232544,0.0,0.0,0.0,0.0,0.2222222238779068
00818,0.0,0.5,0.0,0.0,0.5,0.0
00819,0.0080000003799796,0.0399999991059303,0.1360000073909759,0.0080000003799796,0.1599999964237213,0.0
00820,0.0,0.0,0.3333333432674408,0.0,0.6666666865348816,0.0
00821,0.0366972461342811,0.1467889845371246,0.027522936463356,0.0,0.2385321110486984,0.0183486230671405
00822,0.0,0.5,0.0,0.0,0.5,0.5
00823,0.0,0.0,0.5,0.0,0.5,0.0
00824,0.5,0.0,0.0,0.0,0.0,0.0
00825,0.0,0.0,0.0,0.0,0.5,0.0
00826,0.0,0.0,0.0,0.5,0.5,0.0
00827,0.5,0.0,0.0,0.0,0.0,0.0
00828,0.0,0.0,0.0,0.0,0.8,0.0
00829,0.0,0.0,0.25,0.0,0.25,0.0
00830,0.0,0.0,0.0,0.0,0.3333333432674408,0.0
00831,0.5,0.5,0.5,0.0,0.0,0.0
00832,0.3333333432674408,0.0,0.1666666716337204,0.0,0.1666666716337204,0.8333333134651184
00833,0.5,0.0,0.0,0.5,0.0,0.0
00834,0.0,0.0,0.0,0.0,0.0,0.3333333432674408
00835,0.0,0.3333333432674408,0.0,0.0,0.6666666865348816,0.0
00836,0.0,0.3333333432674408,0.0,0.0,0.0,0.0
00837,0.0,0.0,0.5,0.0,0.0,0.0
00838,0.0,0.0,0.3333333432674408,0.0,0.0,0.0
00839,0.0,1.0,0.0,0.0,0.0,0.0
00840,0.2477064281702041,0.0091743115335702,0.027522936463356,0.0091743115335702,0.0183486230671405,0.0091743115335702
00841,0.0,0.1666666716337204,0.0,0.0,0.0,0.0
00842,0.0,0.3333333432674408,0.0,0.0,0.3333333432674408,0.3333333432674408
00843,0.5,0.0,0.0,0.0,0.5,0.0
00844,0.0,0.0,0.5,0.0,0.0,0.0
00845,0.5,0.0,0.0,0.0,1.0,0.0
00846,0.5,0.0,0.0,0.0,0.0,0.0
00847,0.0,0.0,0.0256410259753465,0.0341880358755588,0.0,0.0
00848,0.0,0.0,0.4000000059604645,0.0,0.0,0.0
00849,0.1636363565921783,0.0,0.1000000014901161,0.0,0.0,0.0090909088030457
00850,0.0,0.0,0.1666666716337204,0.0,0.0,0.0
00851,0.0,0.0,0.5,0.0,0.5,0.0
00852,0.25,0.0,0.0,0.0,0.0,0.0
00853,0.0,1.0,0.0,0.0,0.0,0.0
00854,0.1666666716337204,0.0,0.0,0.0,0.0,0.0
00855,1.0,0.0,0.0,0.0,0.0,0.0
00856,0.5,0.0,0.0,0.0,0.0,0.0
00857,0.0,0.0,0.5,0.0,0.5,0.0
00858,0.1666666716337204,0.0,0.0,0.0,0.0,0.1666666716337204
00859,0.0,0.0,0.0,0.0,0.0,0.5
00860,0.3333333432674408,0.0,0.0,0.0,0.0,0.6666666865348816
00861,0.0,0.0,0.25,0.0,0.25,0.25
00862,0.0,0.5,0.0,0.0,0.5,0.0
00863,0.3333333432674408,0.0,0.0,0.0,0.3333333432674408,0.6666666865348816
00864,0.0,0.0,0.0,0.0,0.5,0.0
00865,0.5,0.0,0.0,0.0,0.0,0.0
00866,0.0555555559694767,0.0,0.0,0.0,0.0,0.0277777779847383
00867,0.0,0.0,0.0,0.0,0.0,0.3333333333333333
00868,0.7142857313156128,0.0,0.0,0.0,0.0,0.0
00869,0.0,0.0,0.0,0.0,0.5,0.0
00870,0.0,0.3333333432674408,0.0,0.0,0.8333333134651184,0.3333333432674408
00871,0.0,0.5,0.0,0.0,0.0,0.0
00872,0.3333333432674408,0.0,0.0,0.0,0.0,0.0
00873,0.0,0.5,0.0,0.0,0.5,0.5
00874,1.0,0.0,0.0,0.0,0.0,0.0
00875,0.0,0.3333333432674408,0.0,0.0,0.3333333432674408,0.3333333432674408
00876,0.0,0.0,0.0,0.0,0.0,0.5
00877,0.5,0.0,0.0,0.0,0.0,0.0
00878,0.0,0.4285714328289032,0.0,0.0,0.0,0.2857142984867096
00879,0.0,0.0,1.0,0.0,0.0,0.0
00880,0.0,0.5,0.25,0.0,0.0,0.0
00881,0.5,0.0,0.5,0.0,1.0,0.0
00882,0.0,0.0,0.0,0.25,0.0,0.0
00883,0.0,0.0,0.0,0.0,0.5,0.0
00884,0.0,0.0,0.0,0.0,0.0,0.5
00885,0.3333333432674408,0.0,0.0,0.0,0.3333333432674408,0.0
00886,0.0,0.0,0.3333333333333333,0.0,0.0,0.0
00887,0.0,0.5,0.0,0.0,0.5,0.0
00888,0.25,0.25,0.0,0.0,0.0,0.0
00889,0.0,0.0,0.0,0.0,0.5,0.0
00890,0.0,0.1428571492433548,0.0,0.0,0.1428571492433548,0.1428571492433548
00891,0.0,0.5,0.0,0.0,0.0,0.0
00892,0.5,0.0,0.0,0.5,0.0,0.0
00893,0.5,0.0,0.0,0.0,0.0,0.0
00894,0.5,0.0,0.0,0.0,0.5,0.0
00895,0.5,0.0,0.0,0.0,0.0,0.0
00896,0.0366972461342811,0.1467889845371246,0.027522936463356,0.0,0.2385321110486984,0.0183486230671405
00897,0.0,0.0,0.0,0.0,0.3333333432674408,0.0
00898,0.5,0.0,0.0,0.0,0.0,0.0
00899,0.0243902429938316,0.0243902429938316,0.0487804859876632,0.0243902429938316,0.0243902429938316,0.0
00900,0.5,0.5,0.0,0.0,0.0,1.0
00901,0.0,0.5,0.0,0.0,0.5,0.0
00902,0.0,0.0,0.0,0.0,0.25,0.0
00903,0.045045044273138,0.0180180184543132,0.0630630627274513,0.0,0.0,0.0270270276814699
00904,0.5,0.0,0.0,0.0,0.0,0.0
00905,0.0,0.0,0.5,0.0,0.0,0.5
00906,0.0,0.0,0.2000000029802322,0.0,0.0,0.0
00907,0.0,0.0,0.5,0.0,0.0,0.0
00908,0.0,0.0,0.0,0.0,0.3333333432674408,0.0
00909,0.5,0.0,0.0,0.0,0.0,0.0
00910,0.5,0.0,0.0,0.0,0.0,0.0
00911,0.6666666666666666,0.0,0.0,0.0,0.0,0.0
00912,0.0,0.5,0.0,0.0,0.0,0.0
00913,0.0,0.5,0.5,0.0,0.0,0.0
00914,0.0,0.0,0.0,0.0,0.5,0.0
00915,0.0,0.5,0.0,0.0,0.0,0.0
00916,0.0,0.1666666716337204,0.0,0.0,0.5,0.3333333432674408
00917,0.5,0.5,0.5,0.0,0.0,0.0
00918,0.0,0.0,0.5,0.0,0.0,0.0
00919,0.0,0.0,0.0,0.0,0.5,0.5
00920,0.0,0.0,0.3333333333333333,0.3333333333333333,0.0,0.0
00921,0.5,0.0,0.0,0.5,0.0,0.0
00922,0.1666666716337204,0.1666666716337204,0.0,0.0,0.0,0.0
00923,0.1666666716337204,0.0,0.0,0.0,0.5,0.5
00924,0.0,0.5,0.0,0.0,0.5,0.0
00925,0.5,0.5,0.5,0.0,0.0,0.0
00926,0.875,0.0,0.0,0.0,0.0,0.125
00927,0.0,0.0,0.0,0.0,0.5,0.0
00928,0.0,0.0,0.0,0.2000000029802322,0.0,0.0
00929,0.3333333432674408,0.0,0.0,0.0,0.3333333432674408,0.0
00930,0.3333333432674408,0.0,0.0,0.0,0.0,0.0
00931,0.0,0.1428571492433548,0.0,0.0,0.2857142984867096,0.2857142984867096
00932,0.0,0.0,0.5,0.0,0.5,0.5
00933,0.5,0.0,0.0,0.0,0.0,0.0
00934,0.0,0.6666666865348816,0.0,0.0,0.0,0.3333333432674408
00935,0.0,0.5,0.0,0.0,0.0,0.0
00936,0.0366972461342811,0.1467889845371246,0.027522936463356,0.0,0.2385321110486984,0.0183486230671405
00937,0.5,0.5,0.5,0.0,0.0,0.0
00938,0.25,0.0,0.0,0.0,0.0,0.0
00939,0.0,0.4000000059604645,0.0,0.0,0.2000000029802322,0.0
00940,0.0,0.5,0.0,0.0,0.0,0.0
00941,0.0,0.5,0.0,0.0,1.0,0.5
00942,0.5,0.0,0.0,0.0,0.0,0.0
00943,0.0,0.0,0.5,0.0,0.0,0.0
00944,0.0,0.5,0.0,0.0,0.0,0.0
00945,0.0,0.0,0.0,0.1666666716337204,0.0,0.0
00946,0.0,0.5,0.0,0.0,0.5,0.0
00947,0.0,0.0,0.0,0.0,0.3333333432674408,0.0
00948,0.0,0.3333333432674408,0.0,0.0,0.0,0.0
00949,0.1009174287319183,0.0091743115335702,0.027522936463356,0.0,0.082568809390068,0.027522936463356
00950,0.0,0.5,0.0,0.0,0.0,0.0
00951,0.6666666865348816,0.0,0.0,0.0,0.0,0.3333333432674408
00952,0.0,0.4000000059604645,0.0,0.0,0.2000000029802322,0.2000000029802322
00953,0.0,0.0,0.5,0.0,0.0,0.0
00954,0.5,0.0,0.0,0.0,0.0,0.0
00955,0.0243902429938316,0.0243902429938316,0.0487804859876632,0.0243902429938316,0.0243902429938316,0.0
00956,1.0,0.0,0.0,0.0,0.0,0.0
00957,0.5,0.0,0.0,0.0,0.0,0.0
00958,0.0,0.1636363565921783,0.036363635212183,0.0272727273404598,0.0818181782960891,0.0909090936183929
00959,0.0,0.0408163256943225,0.0408163256943225,0.0204081628471612,0.0,0.0
00960,0.0,0.0,0.0,0.0,0.5,0.0
00961,0.0,0.0,0.0,0.0,0.25,0.0
00962,0.5,0.0,0.0,0.0,0.5,0.5
00963,0.0,0.0,0.0,0.0,0.5,0.0
00964,0.0,0.0,0.25,0.0,0.0,0.0
00965,0.0,0.2000000029802322,0.0,0.0,0.0,0.0
00966,0.0,0.6666666865348816,0.0,0.0,0.6666666865348816,0.0
00967,0.4000000059604645,0.0,0.2000000029802322,0.2000000029802322,0.0,0.0
00968,0.0,0.0,0.0,0.0,0.5,0.0
00969,0.0,0.0,0.0,0.0,0.5,0.0
00970,0.5,0.0,0.0,0.0,0.0,0.5
00971,0.0,0.0,0.0,0.0,0.5,0.0
00972,0.0,0.0,0.0,0.0,0.0,0.5
00973,0.0,1.0,0.0,0.0,1.0,0.0
00974,0.0,0.0,0.5,0.0,0.0,0.0
00975,0.3333333432674408,0.0,0.0,0.0,0.0,0.0
00976,0.0,0.0,0.3333333333333333,0.0,0.0,0.0
00977,0.800000011920929,0.2000000029802322,0.0,0.0,0.0,0.2000000029802322
00978,0.5,0.0,0.0,0.0,0.0,1.0
00979,0.0,0.0,0.0,0.0,0.0,0.5
00980,0.0,0.0089285718277096,0.0357142873108387,0.0089285718277096,0.0089285718277096,0.0
00981,0.0,0.0,1.0,0.0,0.0,0.0
00982,0.0,0.0,0.0,0.5,0.0,0.0
00983,0.25,0.0,0.0,0.0,0.0,0.0
00984,0.0,0.0,0.25,0.0,0.0,0.0
00985,0.3333333432674408,0.0,0.0,0.0,0.0,0.3333333432674408
00986,0.0,0.5,0.0,0.0,0.0,0.0
00987,0.5,0.0,0.0,0.0,1.0,0.5
00988,0.0,0.0,0.5,0.0,0.5,0.0
00989,0.5,0.0,0.0,0.0,0.5,0.0
00990,0.5,0.0,0.0,0.0,0.0,0.0
00991,0.0,0.0,0.3333333432674408,0.0,0.0,0.0
00992,0.5,0.5,0.0,0.0,0.0,0.0
00993,0.0,0.5,0.0,0.0,0.0,0.0
00994,0.0,0.5,0.0,0.0,0.0,0.0
00995,0.0088495574891567,0.0,0.3185840845108032,0.0,0.0,0.0
00996,0.0,0.5,0.5,0.0,0.0,0.5
00997,0.0,0.0,0.3333333432674408,0.0,0.0,0.0
00998,1.0,0.5,0.0,0.0,0.0,0.0
00999,0.0,0.0,0.0,0.0,0.0,0.5
01000,0.0,0.5,0.0,0.0,0.0,0.0
01001,0.1428571492433548,0.1428571492433548,0.0,0.0,0.2857142984867096,0.2857142984867096
01002,0.0,0.2000000029802322,0.0,0.0,0.0,0.0
01003,0.0,0.0,0.3333333432674408,0.0,0.0,0.0
01004,0.5,0.0,0.0,0.0,0.0,0.0
01005,0.0,0.6666666865348816,0.0,0.0,0.3333333432674408,0.3333333432674408
01006,0.0,0.5,0.0,0.0,0.0,0.5
01007,0.2000000029802322,0.0,0.0,0.0,0.0,0.0
01008,0.0,0.6666666865348816,0.0,0.0,0.3333333432674408,0.0
01009,0.25,0.25,0.0,0.0,0.0,0.0
01010,0.0,0.0,0.25,0.0,0.0,0.25
01011,0.5,0.0,0.0,0.0,0.0,0.0
01012,0.5,0.5,0.5,0.0,0.0,0.0
01013,0.0341880358755588,0.0769230797886848,0.0598290599882602,0.0,0.2905983030796051,0.0940170958638191
01014,0.0,0.0,0.5,0.0,0.0,0.0
01015,0.125,0.0,0.0,0.0,0.0,0.0
01016,1.0,0.0,0.0,0.0,0.0,0.5
01017,0.0,0.0,0.2222222238779068,0.0,0.1111111119389534,0.0
01018,0.1000000014901161,0.1000000014901161,0.1000000014901161,0.0,0.1000000014901161,0.0
01019,0.5,0.5,0.0,0.0,0.5,0.5
01020,0.0,0.0,0.5,0.0,0.0,0.0
01021,0.5,0.5,0.5,0.0,0.0,0.0
01022,0.5,0.5,0.5,0.0,0.0,0.0
01023,0.0,0.25,0.0,0.0,0.0,0.0
01024,0.0,0.5,0.0,0.0,0.0,0.0
01025,0.0,0.6000000238418579,0.0,0.0,0.0,0.0
01026,0.0,0.0,0.0,0.0,0.0,0.25
01027,0.0,0.0,0.0,0.5,0.0,0.0
01028,0.0,0.0,0.5,0.0,0.0,0.0
01029,0.0,0.2,0.2,0.0,0.0,0.0
01030,0.0,0.0,0.5,0.0,0.0,0.0
01031,0.0,0.5,0.0,0.0,0.0,0.0
01032,0.0,0.0,0.0,0.0,0.5,0.0
01033,0.0,0.0,0.25,0.0,0.5,0.0
01034,0.5,0.0,0.0,0.0,0.5,0.0
01035,0.3333333432674408,0.3333333432674408,0.0,0.0,0.3333333432674408,0.3333333432674408
01036,0.0,0.0,0.0,0.3333333432674408,0.3333333432674408,0.0
01037,0.0,0.0,0.125,0.0,0.0,0.0
01038,0.0,0.5,0.0,0.0,0.0,0.5
01039,0.0,0.0,0.0,0.2000000029802322,0.0,0.0
01040,0.6666666865348816,0.0,0.0,0.0,0.0,0.1666666716337204
01041,0.5,0.0,0.0,0.0,0.0,0.0
01042,0.5,0.0,0.0,0.0,0.5,0.0
01043,0.0,0.0,0.5,0.0,0.0,0.0
01044,0.5,0.0,0.0,0.0,0.0,0.0
01045,0.5,0.0,0.0,0.0,0.0,0.0
01046,0.0,0.5,0.0,0.0,0.0,0.0
01047,0.0,0.25,0.0,0.0,0.0,0.0
01048,0.0,0.0,0.0,0.0,0.0,0.5
01049,0.0,0.0,0.0,0.0,0.5,0.0
01050,0.5,0.0,0.5,0.0,0.0,0.0
01051,0.5,0.0,0.0,0.0,0.0,0.0
01052,0.0,0.0091743115335702,0.0183486230671405,0.0091743115335702,0.0,0.0
01053,0.0,0.0,0.0,0.0,0.3333333432674408,0.0
01054,0.0,0.0,0.0,0.0,1.0,0.0
01055,0.0,0.0,0.5,0.0,0.0,0.0
01056,0.0,0.0,0.5,0.0,0.5,0.0
01057,0.0,0.5,0.0,0.0,0.0,0.0
01058,0.5,0.0,0.0,0.0,0.0,0.0
01059,0.0,0.3333333333333333,0.0,0.0,0.0,0.0
01060,0.0088495574891567,0.0,0.3185840845108032,0.0,0.0,0.0
01061,0.5,0.0,0.0,0.0,0.0,0.0
01062,0.0,0.25,0.25,0.0,0.0,0.5
01063,0.0,0.5,0.0,0.0,1.0,0.0
01064,0.2477064281702041,0.0091743115335702,0.027522936463356,0.0091743115335702,0.0183486230671405,0.0091743115335702
01065,0.0,0.0,0.3333333333333333,0.0,0.0,0.0
01066,0.5,0.0,0.0,0.0,0.0,0.0
01067,0.6666666865348816,0.1666666716337204,0.1666666716337204,0.0,0.0,0.0
01068,0.0,0.0,0.0256410259753465,0.0341880358755588,0.0,0.0
01069,0.3333333432674408,0.3333333432674408,0.3333333432674408,0.0,0.3333333432674408,0.3333333432674408
01070,0.0,0.0,0.0,0.0,0.0,0.3333333333333333
01071,0.0,0.4000000059604645,0.0,0.0,0.0,0.0
01072,0.3333333432674408,0.6666666865348816,0.3333333432674408,0.0,0.3333333432674408,0.0
01073,0.0,0.5,0.0,0.0,0.0,0.0
01074,0.0,0.0,0.5,0.0,0.0,0.0
01075,0.5,0.0,0.0,0.0,0.0,0.0
01076,0.0,0.0,0.5,0.0,0.0,0.0
01077,0.0,0.0,0.0,0.0,0.3333333432674408,0.3333333432674408
01078,0.0,0.0,0.5,0.0,0.0,0.0
01079,0.3333333432674408,0.0,0.0,0.0,0.0,0.0
01080,0.0,0.0,0.0,0.0948275849223136,0.0,0.0
01081,0.6666666865348816,0.0,0.0,0.0,0.0,0.0
01082,0.0,0.0,0.0256410259753465,0.0341880358755588,0.0,0.0
01083,0.0,0.5,0.0,0.0,0.0,0.5
01084,0.3333333432674408,0.3333333432674408,0.0,0.0,0.0,0.1666666716337204
01085,0.0,0.0,0.0909090936183929,0.0,0.0,0.0
01086,0.0277777779847383,0.0277777779847383,0.0277777779847383,0.0,0.0,0.0
01087,0.0,0.0,0.0,0.0,0.0,0.5
01088,0.0,0.0,0.0,0.0,0.1428571492433548,0.0
01089,0.0,0.25,0.0,0.0,0.0,0.0
01090,0.0,0.3333333432674408,0.0,0.0,0.1666666716337204,0.1666666716337204
01091,0.0,0.0,0.5,0.0,0.0,0.0
01092,0.0,0.2000000029802322,0.0,0.0,0.0,0.0
01093,0.5,0.5,0.0,0.0,0.0,0.0
01094,0.0,0.5,0.0,0.0,0.0,0.5
01095,0.3333333432674408,0.0,0.0,0.0,0.3333333432674408,0.0
01096,0.1538461595773697,0.0598290599882602,0.0085470089688897,0.0,0.0683760717511177,0.0256410259753465
01097,0.0,0.5,0.0,0.0,0.25,0.0
01098,0.0,0.6666666865348816,0.0,0.0,0.3333333432674408,0.0
01099,0.5,0.1666666716337204,0.0,0.0,0.1666666716337204,0.0
01100,0.0,0.0090090092271566,0.0720720738172531,0.0,0.0090090092271566,0.0
01101,0.3333333432674408,0.0,0.0,0.0,0.1666666716337204,0.6666666865348816
01102,0.125,0.25,0.0,0.125,0.0,0.375
01103,0.0,0.3333333333333333,0.0,0.0,0.0,0.0
01104,0.0,0.0,0.5,0.0,0.0,0.0
01105,0.5,0.0,0.0,0.0,0.0,0.0
01106,0.0,0.0,0.0,0.0,0.0,0.5
01107,0.5,0.0,0.0,0.5,0.0,0.0
01108,0.1666666716337204,0.0,0.1666666716337204,0.0,0.0,0.0
01109,0.0,0.0,0.0,0.0,0.3333333432674408,0.0
01110,0.0,0.5,0.0,0.0,0.0,0.0
01111,0.5,0.0,0.0,0.0,0.0,0.0
01112,0.0,0.0,0.0256410259753465,0.0341880358755588,0.0,0.0
01113,0.0,0.0,0.0,0.0,0.0,0.3333333432674408
01114,0.1009174287319183,0.0091743115335702,0.027522936463356,0.0,0.082568809390068,0.027522936463356
01115,0.1351351290941238,0.1351351290941238,0.0,0.0,0.0,0.0540540553629398
01116,0.0,0.1666666716337204,0.1666666716337204,0.0,0.3333333432674408,0.0
01117,0.0,0.0,0.5,0.0,0.0,0.0
01118,0.5,0.0,0.0,0.0,0.5,0.5
01119,0.1666666716337204,0.0,0.0,0.0,0.0,0.3333333432674408
01120,0.3333333432674408,0.0,0.0,0.0,0.0,0.0
01121,0.0,0.0,0.0,0.0,0.0,0.5
01122,0.0,0.2000000029802322,0.2000000029802322,0.0,0.0,0.0
01123,0.4000000059604645,0.0,0.0,0.0,0.0,0.0
01124,0.5,0.0,0.0,0.0,0.0,0.0
01125,0.5,0.0,0.0,0.0,0.0,0.0
01126,0.0,0.0,0.0,0.0,0.0,0.5
01127,0.0,0.0,0.0,0.3333333333333333,0.0,0.0
01128,0.0,0.0,0.25,0.0,0.75,0.5
01129,0.5,0.0,0.0,0.0,0.0,0.0
01130,0.0,0.0,0.0,0.0,0.5,0.0
01131,0.25,0.0,0.0,0.0,0.0,0.25
01132,0.5,0.0,0.5,0.0,0.0,0.0
01133,0.0,0.0,0.5,0.0,0.0,0.0
01134,0.0,0.0,0.0,0.0,0.875,0.25
01135,0.0341880358755588,0.0769230797886848,0.0598290599882602,0.0,0.2905983030796051,0.0940170958638191
01136,0.1666666716337204,0.0,0.0,0.0,0.6666666865348816,0.8333333134651184
01137,0.0,0.5,0.25,0.0,0.0,0.0
01138,0.3333333432674408,1.0,0.0,0.0,0.0,0.0
01139,0.5,0.0,0.0,0.0,0.0,0.0
01140,0.0,0.0,0.0,0.0,0.5,0.0
01141,0.0,0.5,0.0,0.0,0.0,0.0
01142,0.5,0.0,0.0,0.0,0.0,0.0
01143,0.0,0.0,0.0,0.0,0.5,0.0
01144,0.0,0.5,0.0,0.0,0.5,0.0
01145,0.0,0.3333333333333333,0.0,0.0,0.0,0.0
01146,0.5,0.0,0.0,0.0,0.5,0.5
01147,0.0,0.0,0.0,0.3333333432674408,0.3333333432674408,0.0
01148,0.0,0.0,0.3333333432674408,0.0,0.1666666716337204,0.0
01149,0.25,0.0,0.0,0.0,0.25,0.25
01150,0.0,0.0,0.0,0.0,0.0,0.3333333333333333
01151,0.0,0.0,0.4000000059604645,0.0,0.0,0.0
01152,0.0,0.5,0.0,0.0,0.25,0.0
01153,0.2000000029802322,0.2000000029802322,0.0,0.0,0.4000000059604645,0.4000000059604645
01154,0.0,0.3333333432674408,0.0,0.0,0.0,0.3333333432674408
01155,0.0,0.0,0.3333333432674408,0.0,0.0,0.0
01156,0.5,0.0,0.25,0.0,0.0,0.5
01157,0.6666666865348816,0.0,0.0,0.0,0.3333333432674408,0.0
01158,0.0,0.0091743115335702,0.0183486230671405,0.0091743115335702,0.0,0.0
01159,0.0,0.0,0.0,0.5,0.0,0.0
01160,0.0,0.0,0.3333333432674408,0.0,0.0,0.0
01161,0.0,0.0,0.0,0.0,0.5,0.0
01162,0.0,0.0,0.2857142984867096,0.0,0.0,0.0
01163,0.0,0.0,0.0,0.0,0.5,0.0
01164,0.0,0.0,0.0,0.0,0.0,0.1428571492433548
01165,0.0,0.0,0.0,0.0,0.5,0.0
01166,0.0,0.0,0.5,0.0,0.0,0.0
01167,0.0,0.0,0.5,0.0,0.0,0.0
01168,0.0,0.5,0.0,0.0,0.0,0.0
01169,0.0,0.0,0.3333333432674408,0.0,0.0,0.0
01170,0.5,0.0,0.0,0.0,0.0,0.0
01171,0.0,0.4000000059604645,0.0,0.0,0.2000000029802322,0.0
01172,0.0,0.0,0.0,0.0,0.5,0.0
01173,0.0,0.0,0.0,0.0,0.0,0.1428571492433548
01174,0.0,0.0,0.0,0.0,0.1666666716337204,0.1666666716337204
01175,0.0,0.0,0.0,0.0,0.5,0.0
01176,1.0,0.0,0.0,0.0,0.0,0.0
01177,0.0,0.0,0.0,0.0,0.0,0.5
01178,0.0,0.0,1.0,0.0,0.0,0.0
01179,0.25,0.0,0.0,0.0,0.5,0.25
01180,0.0,0.0,0.3333333333333333,0.3333333333333333,0.0,0.0
01181,0.0,0.5,0.0,0.0,0.5,0.0
01182,0.0,0.0263157896697521,0.1315789520740509,0.0,0.0,0.0
01183,0.0,0.0,0.5,0.0,0.5,0.0
01184,0.3333333432674408,0.0,0.0,0.0,0.0,0.0
01185,0.045045044273138,0.0180180184543132,0.0630630627274513,0.0,0.0,0.0270270276814699
01186,0.0,0.5,0.0,0.0,0.5,0.0
01187,0.5,0.0,0.0,0.0,0.0,0.0
01188,0.0,0.0,0.0,0.0,0.0,0.5
01189,0.0,0.0,0.3333333432674408,0.0,0.0,0.0
01190,0.0,0.0,0.5,0.0,0.0,0.0
01191,0.0,0.6666666865348816,0.0,0.0,0.0,0.3333333432674408
01192,0.0,0.0091743115335702,0.0183486230671405,0.0091743115335702,0.0,0.0
01193,0.5,0.0,0.0,0.0,0.0,0.0
01194,0.0,0.0,0.2000000029802322,0.0,0.0,0.0
01195,0.0,0.3333333432674408,0.1666666716337204,0.0,0.0,0.0
01196,0.0,0.5,0.0,0.0,0.0,0.0
01197,0.045045044273138,0.0180180184543132,0.0630630627274513,0.0,0.0,0.0270270276814699
01198,0.0,0.0,0.5,0.0,0.0,0.0
01199,0.0,0.0,0.0,0.0,0.5,0.0
01200,0.0,0.0,0.0,0.0,0.0,0.5
01201,0.0,0.0,0.0,0.3333333432674408,0.0,0.0
01202,0.0,0.0,0.0,0.5,0.0,0.0
01203,0.0,0.0,0.5,0.0,0.0,0.0
01204,1.0,0.0,0.0,0.0,0.0,0.0
01205,0.0,0.0263157896697521,0.1315789520740509,0.0,0.0,0.0
01206,0.0,0.0,0.5,0.0,0.0,0.5
01207,0.2093023210763931,0.0465116277337074,0.1162790730595588,0.0,0.302325576543808,0.2790697813034057
01208,0.5,0.0,0.0,0.0,0.5,0.0
01209,0.3333333432674408,0.0,0.0,0.0,0.3333333432674408,0.0
01210,0.0,0.0,0.0,0.0,0.5,0.0
01211,0.0,0.3333333432674408,0.0,0.0,0.0,0.0
01212,0.0,0.5,0.0,0.0,0.0,0.0
01213,0.1009174287319183,0.0091743115335702,0.027522936463356,0.0,0.082568809390068,0.027522936463356
01214,0.0,0.2000000029802322,0.0,0.0,0.0,0.0
01215,0.0,0.0,0.0,0.1136363670229911,0.0,0.0
01216,0.5,0.0,0.0,0.0,0.0,0.5
01217,0.0,0.5,0.0,0.0,0.0,0.0
01218,0.3333333432674408,0.1666666716337204,0.0,0.0,0.1666666716337204,0.3333333432674408
01219,0.0,1.0,0.0,0.0,0.0,0.0
01220,0.0,0.5,0.0,0.0,0.0,0.0
01221,0.0,0.0,0.5,0.0,0.0,0.0
01222,0.0,0.0,0.0,0.0,0.2000000029802322,0.2000000029802322
01223,0.0,0.5,0.0,0.0,0.0,0.0
01224,0.0,0.5,0.0,0.0,1.0,0.5
01225,0.3333333333333333,0.0,0.0,0.0,0.0,0.0
01226,0.5,0.0,0.0,0.0,0.5,0.0
01227,0.0,0.0,0.0,0.0,0.5,0.5
01228,0.0,0.0,0.1025641039013862,0.0170940179377794,0.0085470089688897,0.0
01229,0.3333333432674408,0.0,0.0,0.0,0.0,0.0
01230,0.5,0.0,0.0,0.0,0.0,0.0
01231,0.0,0.0,0.5,0.0,0.0,0.0
01232,0.0,0.3333333333333333,0.0,0.0,0.0,0.0
01233,0.4000000059604645,0.0,0.2000000029802322,0.2000000029802322,0.0,0.0
01234,1.0,0.0,0.0,0.0,0.0,0.5
01235,0.0,0.0,0.0,0.0,0.6666666865348816,0.0
01236,0.3333333432674408,0.6666666865348816,0.0,0.0,0.0,0.3333333432674408
01237,0.0,0.5,0.0,0.0,0.0,0.0
01238,0.0,0.0183486230671405,0.0458715595304966,0.0,0.2201834917068481,0.1009174287319183
01239,0.0,0.0,0.0,0.0,0.5,0.5
01240,0.2477064281702041,0.0091743115335702,0.027522936463356,0.0091743115335702,0.0183486230671405,0.0091743115335702
01241,0.5,0.5,0.0,0.0,0.5,0.0
01242,0.3333333432674408,0.0,0.0,0.0,0.0,0.0
01243,0.0,0.0,0.0,0.0,0.5,0.0
01244,0.0,0.0,0.2857142857142857,0.14285714285714285,0.0,0.0
01245,0.5,0.0,0.0,0.0,0.5,0.0
01246,0.0,0.5,0.5,0.0,0.0,0.0
01247,0.0285714287310838,0.0,0.0571428574621677,0.0285714287310838,0.0,0.0
01248,0.5,0.0,0.0,0.0,0.0,0.0
01249,0.0,0.0,0.5,0.0,0.0,0.0
01250,0.0,0.0091743115335702,0.0183486230671405,0.0091743115335702,0.0,0.0
01251,0.045045044273138,0.0180180184543132,0.0630630627274513,0.0,0.0,0.0270270276814699
01252,0.0,0.0,0.5,0.0,0.0,0.0
01253,0.0,0.0,0.0,0.0,0.0,0.16666666666666666
01254,0.0,0.0,0.0,0.0,0.0,0.5
01255,0.5,0.0,0.0,0.0,0.0,0.0
01256,0.1538461595773697,0.0598290599882602,0.0085470089688897,0.0,0.0683760717511177,0.0256410259753465
01257,0.0,0.3333333432674408,0.0,0.0,0.3333333432674408,0.0
01258,0.0,0.5,0.0,0.0,0.0,0.0
01259,0.0,0.0091743115335702,0.0183486230671405,0.0091743115335702,0.0,0.0
01260,0.1666666716337204,0.1111111119389534,0.0,0.0277777779847383,0.0555555559694767,0.1388888955116272
01261,1.0,0.0,0.0,0.0,0.0,0.0
01262,0.0,0.0,0.5,0.0,0.0,0.0
01263,0.0,0.2000000029802322,0.0,0.0,0.0,0.2000000029802322
01264,0.0,0.0,0.5,0.0,0.0,0.0
01265,0.6666666865348816,0.0,0.0,0.0,0.3333333432674408,0.0
01266,0.0,0.0,0.6666666865348816,0.0,0.3333333432674408,0.0
01267,0.1636363565921783,0.0,0.1000000014901161,0.0,0.0,0.0090909088030457
01268,0.0,0.0,0.25,0.0,0.0,0.0
01269,0.1666666716337204,0.0,0.0,0.0,0.0,0.0
01270,0.0857142880558967,0.0,0.0285714287310838,0.0,0.0571428574621677,0.1142857149243354
01271,0.0,0.3333333432674408,0.0,0.0,0.3333333432674408,0.0
01272,0.0,0.0,0.0,0.0,0.5,0.0
01273,0.0,0.0,0.25,0.0,0.0,0.0
01274,0.5,0.0,0.5,0.0,0.0,0.0
01275,0.125,0.0390625,0.0234375,0.0,0.0546875,0.1015625
01276,0.5,0.0,0.0,0.0,0.0,0.0
01277,0.0,0.0,0.0,0.0,0.5,0.0
01278,0.0,0.1636363565921783,0.036363635212183,0.0272727273404598,0.0818181782960891,0.0909090936183929
01279,0.0,0.0,0.1111111119389534,0.0,0.0,0.0
01280,0.6666666865348816,0.0,0.0,0.0,0.3333333432674408,0.0
01281,0.0,0.0,0.0,0.0,0.5,0.0
01282,0.75,0.0,0.0,0.0,0.0,0.0
01283,0.0,0.0,0.2000000029802322,0.0,0.0,0.2000000029802322
01284,0.5,0.0,0.0,0.0,0.25,0.5
01285,0.25,0.0,0.0,0.0,0.0,0.0
01286,0.0,0.5,0.0,0.0,0.5,0.0
01287,0.0,0.25,0.0,0.0,0.5,0.125
01288,0.0,0.0,0.0,0.5,0.5,0.0
01289,0.5,0.5,0.0,0.0,0.0,0.5
01290,0.0,0.0,0.2857142984867096,0.0,0.0,0.0
01291,0.0,0.0,0.5,0.0,0.0,0.0
01292,0.0,0.0,0.0,0.0,1.0,0.0
01293,0.5,0.5,0.0,0.0,0.0,0.0
01294,0.25,0.0,0.0,0.0,0.0,0.25
01295,0.5,0.0,0.0,0.5,0.0,0.0
01296,0.0,0.2000000029802322,0.0,0.0,0.0,0.0
01297,0.3333333432674408,0.0,0.3333333432674408,0.0,0.0,0.3333333432674408
01298,0.0,0.5,0.0,0.0,0.5,0.0
01299,0.5,0.0,0.0,0.0,0.0,0.0
01300,0.5,0.0,0.0,0.0,0.0,0.0
01301,0.0818181782960891,0.0090909088030457,0.0454545468091964,0.0090909088030457,0.0181818176060915,0.1545454561710357
01302,0.0,0.0,0.0,0.0,0.5,0.0
01303,1.0,0.0,0.0,0.0,0.0,0.0
01304,0.0,0.0,0.0,0.0,0.0,0.5
01305,0.0,0.0090090092271566,0.0720720738172531,0.0,0.0090090092271566,0.0
01306,0.5,0.0,0.0,0.0,0.5,0.0
01307,0.5,0.0,0.0,0.0,0.5,0.5
01308,0.0,0.5,0.0,0.0,0.5,0.0
01309,0.0,0.0,0.0,0.0,0.5,0.0
01310,0.0,0.0,0.5,0.0,0.5,0.0
01311,0.0,0.3333333432674408,0.3333333432674408,0.0,0.0,0.0
01312,0.25,0.25,0.0,0.0,0.25,0.0
01313,1.0,0.0,0.0,0.0,0.0,0.0
01314,0.1666666716337204,0.1666666716337204,0.0,0.0,0.0,0.0
01315,0.1666666716337204,0.0,0.0,0.0,0.1666666716337204,0.1666666716337204
01316,0.0,0.25,0.0,0.0,0.0,0.25
01317,0.6666666865348816,0.3333333432674408,0.0,0.0,0.0,0.0
01318,0.5,0.0,0.0,0.0,0.0,0.0
01319,0.0,0.0,0.1666666716337204,0.0,0.0,0.0
01320,1.0,0.0,0.0,0.0,0.0,0.0
01321,0.5,0.0,0.0,0.0,0.5,0.5
01322,0.0,0.0,0.0,0.0,0.5,0.0
01323,0.0,0.0,0.0,0.0,0.0,0.16666666666666666
01324,0.0,0.0,0.3333333432674408,0.0,0.0,0.0
01325,0.0,0.0,0.0,0.0,0.6666666865348816,0.0
01326,0.0,0.3333333432674408,0.0,0.0,0.0,0.0
01327,0.0,0.25,0.0,0.0,0.25,0.0
01328,0.0,0.0,1.0,0.0,0.0,0.0
01329,0.5,0.0,0.0,0.0,0.5,0.0
01330,0.0,0.0,0.3333333432674408,0.0,0.0,0.0
01331,0.125,0.0390625,0.0234375,0.0,0.0546875,0.1015625
01332,0.0,0.5,0.0,0.0,0.5,0.5
01333,0.0,1.0,0.0,0.0,0.0,0.0
01334,0.1538461595773697,0.0598290599882602,0.0085470089688897,0.0,0.0683760717511177,0.0256410259753465
01335,0.25,0.0,0.0,0.0,0.25,0.0
01336,0.5,0.0,0.0,0.0,0.0,1.0
01337,0.0,0.25,0.0,0.0,0.0,0.0
01338,0.5,0.0,0.0,0.0,0.0,0.0
01339,0.0,0.0,0.0,0.0,0.5,0.0
01340,0.1666666716337204,0.0,0.0,0.0,0.0,0.0
01341,0.0,0.0,0.3333333333333333,0.0,0.0,0.0
01342,0.1666666716337204,0.0,0.1666666716337204,0.0,0.0,0.0
01343,0.0,0.0,0.25,0.0,0.0,0.0
01344,0.0,0.5,0.0,0.0,0.0,0.0
01345,0.0,0.3333333432674408,0.0,0.0,1.0,0.6666666865348816
01346,0.5,0.0,0.0,0.5,0.0,0.0
01347,0.0,0.0,1.0,0.0,0.0,0.0
01348,0.0,0.0,0.2000000029802322,0.2000000029802322,0.0,0.0
01349,0.5,0.0,0.0,0.0,0.0,0.0
01350,0.0,0.0,0.0,0.0,0.5,0.0
01351,0.5,0.0,0.0,0.0,0.0,0.0
01352,0.0,0.2000000029802322,0.0,0.0,0.0,0.4000000059604645
01353,0.1666666716337204,0.0,0.0,0.0,0.1666666716337204,0.5
01354,0.0,0.5,0.0,0.0,0.0,0.0
01355,0.0088495574891567,0.0,0.3185840845108032,0.0,0.0,0.0
01356,0.1538461595773697,0.0598290599882602,0.0085470089688897,0.0,0.0683760717511177,0.0256410259753465
01357,0.3333333432674408,0.0,0.0,0.0,0.3333333432674408,0.0
01358,0.0,0.0,0.75,0.0,0.5,0.0
01359,0.0,0.0,0.1666666716337204,0.0,0.1666666716337204,0.1666666716337204
01360,0.0,0.3333333432674408,0.0,0.0,0.0,0.0
01361,0.3333333333333333,0.0,0.0,0.0,0.0,0.0
01362,0.1636363565921783,0.0,0.1000000014901161,0.0,0.0,0.0090909088030457
01363,0.5,0.5,0.0,0.0,0.0,0.0
01364,0.5,0.0,0.0,0.0,0.0,0.0
01365,0.5,0.0,0.0,0.0,0.5,0.5
01366,0.0088495574891567,0.0,0.3185840845108032,0.0,0.0,0.0
01367,0.0,0.0,0.0,0.0,0.0,0.5
01368,0.0,0.0,0.0,0.0,0.5,0.0
01369,0.0291970800608396,0.0291970800608396,0.0656934306025505,0.0,0.0948905125260353,0.0510948896408081
01370,0.0,0.0,0.0,0.0,1.0,1.0
01371,0.0818181782960891,0.0090909088030457,0.0454545468091964,0.0090909088030457,0.0181818176060915,0.1545454561710357
01372,0.6000000238418579,0.0,0.0,0.0,0.0,0.0
01373,0.0,0.2000000029802322,0.2000000029802322,0.0,0.2000000029802322,0.0
01374,0.5,0.0,0.0,0.0,0.0,0.0
01375,0.0,0.25,0.375,0.0,0.0,0.125
01376,0.0,0.0,0.0256410259753465,0.0341880358755588,0.0,0.0
01377,0.0,0.0,0.0,0.0,0.0,0.5
01378,0.0,0.0,0.0,0.0948275849223136,0.0,0.0
01379,0.0,0.0,0.0,0.0,0.0,0.5
01380,0.0,0.5,0.0,0.0,0.625,0.625
01381,0.5,0.0,0.0,0.0,0.0,0.0
01382,0.5,0.0,0.0,0.0,0.0,0.5
01383,0.0,0.0,0.125,0.0,0.0,0.125
01384,1.0,0.0,0.0,0.0,0.0,0.0
01385,0.5,0.5,0.0,0.0,0.0,0.0
01386,0.0172413792461156,0.0172413792461156,0.0258620698004961,0.0,0.0517241396009922,0.0
01387,0.0,0.0,0.5,0.5,0.0,0.0
01388,0.0,0.0091743115335702,0.0183486230671405,0.0091743115335702,0.0,0.0
01389,0.0,0.0,0.5,0.0,0.0,0.0
01390,0.5,0.0,0.0,0.0,0.0,0.0
01391,0.25,0.0,0.0,0.0,0.25,0.25
01392,0.1009174287319183,0.0091743115335702,0.027522936463356,0.0,0.082568809390068,0.027522936463356
01393,0.0,0.0,0.0,0.0,0.5,0.0
01394,0.0,0.0,0.0,0.0,0.5,0.0
01395,0.0,0.5,0.0,0.0,0.0,0.5
01396,0.0,0.0,0.0,0.14285714285714285,0.0,0.0
01397,0.6666666865348816,0.1666666716337204,0.0,0.0,0.0,0.3333333432674408
01398,0.5,0.0,0.25,0.0,0.0,0.0
01399,0.0,0.0,0.0,0.5,0.0,0.0
01400,0.0,0.0,0.2000000029802322,0.0,0.0,0.0
01401,0.0,0.0,0.0,0.0,0.0,0.3333333333333333
01402,0.1428571492433548,0.0,0.0,0.0,0.0,0.0
01403,0.1428571492433548,0.0,0.0,0.0,0.0,0.2857142984867096
01404,0.0,0.5,0.0,0.0,0.5,0.5
01405,0.5,0.5,0.0,0.0,0.0,0.5
01406,0.0,0.3333333432674408,0.0,0.0,0.0,0.0
01407,0.0,0.1111111119389534,0.0,0.0,0.4444444477558136,0.3333333432674408
01408,0.0,0.5,0.0,0.0,0.0,0.0
01409,0.0,0.0,0.5,0.0,0.0,0.0
01410,0.0,0.0,0.0,0.0,0.5,0.0
01411,0.0,0.0,0.5,0.0,0.0,0.0
01412,1.0,0.0,0.0,0.0,0.0,0.0
01413,0.0,1.0,0.0,0.0,0.5,0.0
01414,0.0172413792461156,0.0172413792461156,0.0258620698004961,0.0,0.0517241396009922,0.0
01415,0.0,0.0,0.5,0.0,0.0,0.0
01416,0.0,0.3333333432674408,0.0,0.0,0.3333333432674408,0.0
01417,0.0,0.0,0.5,0.0,0.0,0.0
01418,0.1428571492433548,0.1428571492433548,0.0,0.0,0.2857142984867096,0.2857142984867096
01419,0.0,0.0,0.0,0.0,0.1666666716337204,0.0
01420,0.0,0.0,0.0,0.0,0.5,0.5
01421,0.5,0.0,0.0,0.0,0.0,0.5
01422,0.3333333432674408,0.0,0.0,0.0,0.3333333432674408,0.0
01423,0.4000000059604645,0.0,0.0,0.0,0.0,0.0
01424,0.0818181782960891,0.0090909088030457,0.0454545468091964,0.0090909088030457,0.0181818176060915,0.1545454561710357
01425,0.0,0.5,0.0,0.0,0.5,0.0
01426,0.0,0.0,0.2222222238779068,0.1111111119389534,0.0,0.0
01427,0.2000000029802322,0.0,0.2000000029802322,0.0,0.0,0.0
01428,0.0,0.0,0.25,0.0,0.0,0.0
01429,0.5,0.0,0.0,0.0,0.0,0.0
01430,0.5,0.5,0.0,0.0,0.0,0.0
01431,0.0,0.0,0.0,0.0948275849223136,0.0,0.0
01432,0.0,0.0,0.5,0.0,0.0,0.0
01433,0.0080000003799796,0.0399999991059303,0.1360000073909759,0.0080000003799796,0.1599999964237213,0.0
01434,0.5,0.0,0.0,0.0,0.5,0.0
01435,0.5,0.5,0.0,0.0,0.0,0.0
01436,0.5,0.0,0.0,0.0,0.0,0.0
01437,0.0,0.0,0.0,0.0,0.3333333432674408,0.0
01438,0.3333333432674408,0.0,0.3333333432674408,0.0,0.0,0.0
01439,0.0,0.0,0.0,0.0,0.1666666716337204,0.1666666716337204
01440,0.5,1.0,0.0,0.0,0.0,0.0
01441,0.0,0.0,0.3333333333333333,0.0,0.0,0.0
01442,0.0,0.5,0.0,0.0,0.0,0.0
01443,0.0,0.875,0.0,0.0,0.0,0.0
01444,0.5,0.0,0.0,0.0,0.0,0.0
01445,0.1538461595773697,0.0598290599882602,0.0085470089688897,0.0,0.0683760717511177,0.0256410259753465
01446,0.5,0.5,0.0,0.0,0.0,0.0
01447,0.0,0.0,0.3333333432674408,0.0,0.0,0.0
01448,0.0,0.5,0.0,0.0,0.5,0.0
01449,0.0,0.0,0.5,0.0,0.0,0.0
01450,0.0,0.5,0.0,0.0,0.0,0.0
01451,0.0555555559694767,0.0,0.0,0.0,0.0,0.0277777779847383
01452,0.0,0.0,0.6666666865348816,0.0,0.0,0.0
01453,0.0,0.0,0.0,0.0,0.5,0.5
01454,0.6666666865348816,0.0,0.0,0.0,0.0,0.0
01455,0.0,0.0,0.0,0.0,0.0,0.5
01456,0.0,0.0,0.5,0.0,0.0,0.0
01457,0.1666666716337204,0.0,0.0,0.0,0.0,0.0
01458,0.3333333432674408,0.0,0.3333333432674408,0.0,0.0,0.0
01459,0.0,0.0,0.25,0.0,0.0,0.0
01460,0.5,0.0,0.0,0.0,0.0,0.0
01461,0.0,0.5,0.0,0.0,0.0,1.0
01462,0.5,0.0,0.0,0.0,0.0,1.0
01463,0.0,0.0,0.0,0.0,0.5,0.0
01464,0.0,0.0,0.5,0.0,0.0,0.0
01465,0.1428571492433548,0.0,0.2857142984867096,0.0,0.1428571492433548,0.0
01466,0.0,0.25,0.0,0.0,0.0,0.0
01467,0.0,0.1666666716337204,0.0,0.0,0.0,0.0
01468,0.0,0.7142857313156128,0.0,0.0,0.1428571492433548,0.1428571492433548
01469,0.5,0.0,0.0,0.0,0.0,0.0
01470,0.0,0.0,0.3333333432674408,0.0,0.0,0.0
01471,0.0,0.0,0.5,0.0,0.0,0.0
01472,0.1636363565921783,0.0,0.1000000014901161,0.0,0.0,0.0090909088030457
01473,0.0,0.0,0.5,0.0,0.0,0.0
01474,0.0,0.0,0.0,0.0,0.5,1.0
01475,0.4000000059604645,0.0,0.0,0.0,0.0,0.2000000029802322
01476,1.0,0.0,0.0,0.0,0.0,0.5
01477,0.0,0.5,0.0,0.0,0.5,0.0
01478,0.0,0.5,0.0,0.0,0.5,0.0
01479,0.0,0.0,0.0,0.2000000029802322,0.2000000029802322,0.0
01480,1.0,0.0,0.0,0.0,0.0,0.0
01481,0.0,0.5,0.0,0.0,0.5,0.5
01482,0.0,0.5,0.0,0.0,0.0,0.0
01483,0.5,0.0,0.0,0.0,0.5,0.5
01484,0.0,0.0,0.3333333432674408,0.0,0.0,0.0
01485,0.0,0.0090090092271566,0.0720720738172531,0.0,0.0090090092271566,0.0
01486,0.0,0.0,0.0,0.0,0.25,0.25
01487,0.1538461595773697,0.0598290599882602,0.0085470089688897,0.0,0.0683760717511177,0.0256410259753465
01488,0.0,0.0,0.0,0.0,0.5,0.0
01489,0.3333333432674408,0.6666666865348816,0.3333333432674408,0.0,0.3333333432674408,0.0
01490,0.0,0.0,0.3333333333333333,0.0,0.0,0.0
01491,0.0,0.5,0.0,0.0,0.0,0.0
01492,0.3333333432674408,0.0,0.0,0.0,0.1666666716337204,0.1666666716337204
01493,0.5,0.0,0.5,0.5,0.0,0.5
01494,0.6666666865348816,0.0,0.0,0.0,0.0,0.6666666865348816
01495,0.0,0.0,0.0,0.0,0.0,0.5
01496,0.1009174287319183,0.0091743115335702,0.027522936463356,0.0,0.082568809390068,0.027522936463356
01497,0.0,0.3333333432674408,0.0,0.0,0.1666666716337204,0.1666666716337204
01498,0.3333333432674408,0.0,0.0,0.0,0.3333333432674408,0.3333333432674408
01499,0.5,0.0,0.0,0.0,0.5,0.0
01500,0.0366972461342811,0.1467889845371246,0.027522936463356,0.0,0.2385321110486984,0.0183486230671405
01501,0.0,0.5,0.0,0.0,0.0,0.0
01502,0.0,0.0,0.5,0.0,0.0,0.0
01503,0.0,0.5,0.0,0.0,0.0,0.0
01504,0.5,0.0,0.0,0.0,0.0,0.0
01505,0.0,0.0091743115335702,0.0183486230671405,0.0091743115335702,0.0,0.0
01506,0.5,0.0,0.0,0.0,0.0,0.0
01507,0.0,0.0,0.0,0.0,0.5,0.0
01508,0.0,0.0,0.0,0.0,0.5,0.5
01509,0.0,0.0,0.0,0.0,0.0,0.5
01510,0.0,0.2000000029802322,0.0,0.0,0.0,0.2000000029802322
01511,0.3333333432674408,0.0,0.0,0.0,0.0,0.0
01512,0.0,0.0,0.0,0.5,0.0,0.0
01513,0.0,0.0,0.0,0.0,0.0,0.5
01514,0.0,0.2000000029802322,0.0,0.0,0.4000000059604645,0.6000000238418579
01515,0.5,0.0,0.0,0.0,0.0,0.0
01516,0.0,0.0,0.5,0.0,0.0,0.0
01517,0.0,0.5,0.0,0.0,0.0,0.0
01518,0.3333333432674408,0.0,0.3333333432674408,0.0,0.0,0.0
01519,0.0,0.0,0.0,0.0,0.0,0.2000000029802322
01520,0.1666666716337204,0.1666666716337204,0.0,0.0,0.0,0.0
01521,0.5,0.5,0.5,0.0,0.0,0.0
01522,0.3333333432674408,0.0,0.3333333432674408,0.0,0.0,0.0
01523,0.0,0.0,0.0,0.5,0.0,0.0
01524,0.5,0.0,0.0,0.0,0.5,0.0
01525,0.5,0.0,0.0,0.0,0.0,0.0
01526,0.0,0.0,0.0,0.3333333333333333,0.0,0.0
01527,0.0,0.0,0.1395348906517028,0.0232558138668537,0.0,0.0
01528,0.0,0.0,0.0,0.0,0.0,0.5
01529,0.5,0.0,0.0,0.0,0.0,0.0
01530,0.0,0.3333333432674408,0.0,0.0,0.3333333432674408,0.3333333432674408
01531,0.25,0.0,0.0,0.0,0.25,0.25
01532,0.0,0.3333333432674408,0.0,0.0,0.0,0.0
01533,0.5,0.0,0.5,0.0,0.0,0.0
01534,0.0,0.0,0.0,0.0,0.6666666865348816,0.3333333432674408
01535,0.0,0.5,0.0,0.0,0.0,0.5
01536,0.0,0.0,0.1351351290941238,0.0,0.0270270276814699,0.0
01537,0.1666666716337204,0.1111111119389534,0.0,0.0277777779847383,0.0555555559694767,0.1388888955116272
01538,0.0,0.3333333432674408,0.0,0.0,0.3333333432674408,0.0
01539,0.1636363565921783,0.0,0.1000000014901161,0.0,0.0,0.0090909088030457
01540,0.0,0.0,0.0,0.0,0.6666666865348816,0.0
01541,0.045045044273138,0.0180180184543132,0.0630630627274513,0.0,0.0,0.0270270276814699
01542,0.0,0.5,0.0,0.0,0.0,0.0
01543,0.5,0.0,0.5,0.0,0.0,0.0
01544,0.0,0.3333333432674408,0.0,0.0,0.0,0.3333333432674408
01545,0.0,0.3333333432674408,0.0,0.0,0.0,0.0
01546,0.3333333432674408,0.0,0.0,0.0,0.3333333432674408,0.0
01547,1.0,0.5,0.0,0.0,0.0,0.0
01548,0.0,0.0,0.0,0.0,0.25,0.75
01549,0.0,0.0,0.0,0.0,0.5,0.5
01550,0.3333333432674408,0.0,0.0,0.0,0.0,0.0
01551,0.0,0.0,0.5,0.0,0.5,0.0
01552,0.5,0.0,0.0,0.0,0.0,0.0
01553,0.0,0.0,1.0,0.0,0.0,0.0
01554,0.0,0.5,0.0,0.0,0.5,0.0
01555,0.5,0.0,0.0,0.0,0.0,0.0
01556,0.5,0.0,0.0,0.0,0.0,0.0
01557,0.25,0.0,0.0,0.0,0.0,0.0
01558,0.0,0.0,0.0,0.0,0.5,0.0
01559,0.0,0.0,0.0,0.0,0.5,0.0
01560,0.3333333432674408,0.0,0.0,0.0,0.0,0.3333333432674408
01561,0.3333333432674408,0.6666666865348816,0.0,0.0,0.3333333432674408,0.6666666865348816
01562,0.2857142984867096,0.1428571492433548,0.0,0.0,0.0,0.0
01563,0.5,0.5,0.0,0.0,0.0,0.0
01564,0.0,0.0,0.0,0.0,0.0,0.5
01565,0.045045044273138,0.0180180184543132,0.0630630627274513,0.0,0.0,0.0270270276814699
01566,0.1666666716337204,0.0,0.1666666716337204,0.0,0.0,0.0
01567,0.0,0.0,0.0,0.0,0.3333333432674408,0.0
01568,0.0,0.0089285718277096,0.0357142873108387,0.0089285718277096,0.0089285718277096,0.0
01569,0.0,0.5,0.0,0.0,0.0,0.0
01570,0.0,0.0,0.2,0.0,0.0,0.0
01571,0.0,0.0,0.3333333432674408,0.0,0.0,0.3333333432674408
01572,0.5,0.0,0.0,0.0,0.0,1.0
01573,0.5,0.0,0.0,0.5,0.0,0.0
01574,0.0,0.5,0.0,0.0,0.0,0.5
01575,0.1636363565921783,0.0,0.1000000014901161,0.0,0.0,0.0090909088030457
01576,0.0,0.5,0.0,0.0,0.0,0.5
01577,0.0,0.0,0.0,0.0,0.0,1.0
01578,0.0,0.0,0.0256410259753465,0.0341880358755588,0.0,0.0
01579,0.0,0.0,0.2222222238779068,0.1111111119389534,0.0,0.0
01580,0.0,0.5,0.0,0.0,0.5,0.0
01581,0.1636363565921783,0.0,0.1000000014901161,0.0,0.0,0.0090909088030457
01582,0.0,0.5,0.0,0.0,0.0,0.0
01583,0.0,0.3333333333333333,0.0,0.0,0.0,0.3333333333333333
01584,0.5,0.0,0.0,0.0,0.5,0.0
01585,0.0,0.0,0.5,0.0,0.0,0.0
01586,0.5,0.0,0.5,0.0,0.0,0.5
01587,0.3333333432674408,0.0,0.0,0.0,0.0,0.6666666865348816
01588,0.0341880358755588,0.0769230797886848,0.0598290599882602,0.0,0.2905983030796051,0.0940170958638191
01589,0.5,0.0,0.0,0.0,0.0,0.0
01590,0.0,0.2000000029802322,0.0,0.0,0.4000000059604645,0.6000000238418579
01591,0.0,0.0,0.0,0.5,0.0,0.0
01592,0.0,0.5,0.0,0.0,0.5,0.0
01593,0.0512820519506931,0.0769230797886848,0.0512820519506931,0.0,0.0,0.0256410259753465
01594,0.0,0.0,0.0,0.0,0.5,0.0
01595,0.3333333432674408,0.3333333432674408,0.0,0.0,0.0,0.3333333432674408
01596,0.5,0.0,0.0,0.0,0.5,0.5
01597,0.2000000029802322,0.2000000029802322,0.4000000059604645,0.0,0.2000000029802322,0.0
01598,0.5,0.5,0.0,0.0,0.5,0.5
01599,0.3333333432674408,0.0,0.0,0.0,0.0,0.3333333432674408
01600,0.0,0.0,0.0,0.0,0.0,1.0
01601,0.5,0.0,0.0,0.0,0.5,0.0
01602,0.0,0.0,0.0,0.0,0.5,0.0
01603,0.5,0.0,0.0,0.0,0.5,0.5
01604,0.0,0.0,0.0,0.0,0.5,0.0
01605,0.0,0.0,0.5,0.0,0.0,0.0
01606,0.0341880358755588,0.0769230797886848,0.0598290599882602,0.0,0.2905983030796051,0.0940170958638191
01607,0.0,0.0,0.0,0.0,0.5,0.0
01608,0.0366972461342811,0.1467889845371246,0.027522936463356,0.0,0.2385321110486984,0.0183486230671405
01609,0.0,0.0,0.5,0.0,0.0,0.0
01610,0.5,0.0,0.0,0.0,0.0,0.5
01611,0.3333333432674408,0.0,0.3333333432674408,0.0,0.0,0.0
01612,0.5,0.0,0.0,0.0,0.0,0.0
01613,0.6666666865348816,0.0,0.0,0.0,0.0,0.6666666865348816
01614,0.0,0.0,0.5,0.0,0.0,0.0
01615,0.0,0.0183486230671405,0.0458715595304966,0.0,0.2201834917068481,0.1009174287319183
01616,0.0,0.0,0.3333333333333333,0.0,0.0,0.0
01617,0.0,0.0,0.0,0.0,0.5,0.0
01618,0.0,0.5,0.0,0.25,0.0,0.0
01619,0.0,0.0,0.1025641039013862,0.0170940179377794,0.0085470089688897,0.0
01620,0.0,0.5,0.0,0.0,0.5,0.5
01621,0.0088495574891567,0.0,0.3185840845108032,0.0,0.0,0.0
01622,0.6666666865348816,0.3333333432674408,0.0,0.0,0.6666666865348816,0.0
01623,0.25,0.0,0.0,0.0,0.0,0.0
01624,0.3333333432674408,0.0,0.0,0.0,0.0,0.0
01625,0.5,0.0,0.0,0.0,0.5,0.5
01626,0.0,0.0,0.5,0.0,0.0,0.0
01627,0.25,0.5,0.0,0.0,0.5,0.0
01628,0.0341880358755588,0.0769230797886848,0.0598290599882602,0.0,0.2905983030796051,0.0940170958638191
01629,0.0,0.0,0.5,0.0,0.0,0.0
01630,0.3333333432674408,0.0,0.0,0.0,0.3333333432674408,0.6666666865348816
01631,0.0,0.2857142984867096,0.0,0.0,0.1428571492433548,0.1428571492433548
01632,0.0,0.0,0.1428571492433548,0.0,0.0,0.0
01633,0.0291970800608396,0.0291970800608396,0.0656934306025505,0.0,0.0948905125260353,0.0510948896408081
01634,0.0,0.0263157896697521,0.1315789520740509,0.0,0.0,0.0
01635,0.0,0.0,0.0,0.0,0.0,0.1666666716337204
01636,0.5,0.0,0.0,0.0,0.0,0.0
01637,0.0,0.3333333432674408,0.0,0.0,0.1666666716337204,0.3333333432674408
01638,0.0,0.0,0.5,0.0,0.0,0.0
01639,0.0341880358755588,0.0769230797886848,0.0598290599882602,0.0,0.2905983030796051,0.0940170958638191
01640,0.0,0.5,0.0,0.0,0.0,0.0
01641,0.3333333432674408,0.3333333432674408,0.0,0.0,0.0,0.0
01642,0.3333333432674408,0.0,0.0,0.0,0.3333333432674408,0.0
01643,0.0,0.5,0.0,0.0,0.0,0.0
01644,0.0,0.0,0.5,0.0,0.0,0.0
01645,0.25,0.0,0.0,0.0,0.25,0.25
01646,0.0,0.5,0.0,0.0,0.0,0.0
01647,0.2477064281702041,0.0091743115335702,0.027522936463356,0.0091743115335702,0.0183486230671405,0.0091743115335702
01648,0.5,0.5,0.5,0.0,0.0,0.0
01649,0.0,0.0,0.0,0.0,0.5,0.5
01650,0.3333333432674408,0.0,0.0,0.0,0.0,0.0
01651,0.3333333333333333,0.0,0.3333333333333333,0.0,0.0,0.0
01652,0.0,0.0,0.5,0.0,0.5,0.5
01653,0.5,0.0,0.0,0.5,0.0,0.0
01654,0.1636363565921783,0.0,0.1000000014901161,0.0,0.0,0.0090909088030457
01655,0.0,0.1636363565921783,0.036363635212183,0.0272727273404598,0.0818181782960891,0.0909090936183929
01656,0.5,0.0,0.0,0.0,0.0,0.0
01657,0.0,0.0,0.0,0.2000000029802322,0.2000000029802322,0.0
01658,0.2432432472705841,0.0810810774564743,0.0,0.0,0.4054054021835327,0.4594594538211822
01659,0.5,0.0,0.0,0.5,0.0,0.0
01660,0.3333333432674408,0.0,0.3333333432674408,0.0,0.0,0.3333333432674408
01661,0.0,0.0,0.0,0.0,0.5,0.0
01662,0.5,0.0,0.0,0.0,0.0,0.0
01663,0.5,0.0,0.0,0.0,0.5,0.5
01664,0.5,0.0,0.0,0.0,0.5,0.0
01665,0.0,0.0183486230671405,0.0458715595304966,0.0,0.2201834917068481,0.1009174287319183
01666,0.2857142984867096,0.0,0.0,0.0,0.0,0.4285714328289032
01667,0.5,0.0,0.0,0.0,0.0,0.0
01668,0.0,0.5,0.0,0.0,0.625,0.625
01669,0.0,0.5,0.0,0.0,0.0,0.0
01670,0.1428571492433548,0.1428571492433548,0.1428571492433548,0.0,0.2857142984867096,0.1428571492433548
01671,0.125,0.0,0.125,0.0,0.0,0.0
01672,0.0,0.5,0.0,0.0,0.5,0.0
01673,0.1666666716337204,0.3333333432674408,0.0,0.0,0.0,0.8333333134651184
01674,0.0,1.0,0.0,0.0,0.0,0.5
01675,0.0,0.5,0.0,0.0,0.0,0.0
01676,0.0,0.0,0.3333333432674408,0.0,0.0,0.0
01677,0.0,0.5,0.0,0.0,0.0,0.0
01678,0.0,0.0,0.0,0.0,0.4000000059604645,0.4000000059604645
01679,0.0,0.2000000029802322,0.2000000029802322,0.0,0.2000000029802322,0.4000000059604645
01680,0.5,0.0,0.0,0.0,0.5,0.5
01681,0.5,0.0,0.0,0.0,0.5,0.5
01682,0.1111111119389534,0.0,0.2222222238779068,0.0,0.0,0.0
01683,0.6666666865348816,0.0,0.0,0.0,0.0,0.3333333432674408
01684,0.0,0.0,0.0,0.25,0.0,0.0
01685,0.0,0.2857142984867096,0.0,0.0,0.1428571492433548,0.4285714328289032
01686,0.0,0.0,0.5,0.0,0.0,0.0
01687,0.0,0.0,0.0,0.0,0.3333333432674408,0.0
01688,0.1666666716337204,0.0,0.0,0.0,0.0,0.0
01689,0.5,0.0,0.0,0.0,0.0,0.0
01690,0.5,0.0,0.0,0.0,0.0,0.0
01691,0.0,0.0,0.5,0.0,0.0,0.0
01692,0.5,0.0,0.0,0.0,0.0,0.0
01693,0.0,0.0,0.0,0.0,0.5,0.5
01694,0.0,0.5,0.0,0.0,0.5,0.0
01695,0.0,0.0,0.2000000029802322,0.0,0.2000000029802322,0.2000000029802322
01696,0.0,0.5,0.0,0.0,0.0,0.0
01697,0.0,0.0,0.0,0.0,0.5,0.0
01698,0.0,0.5,0.0,0.0,0.0,0.0
01699,0.0,0.0,0.5,0.0,0.0,0.0
01700,0.0,0.0,0.0,0.5,0.0,0.0
01701,0.0,0.0,0.0,0.14285714285714285,0.0,0.0
01702,0.0,0.5,0.0,0.0,0.0,0.0
01703,0.5,0.0,0.0,0.0,0.0,0.0
01704,0.0,0.0,0.1891891956329345,0.0270270276814699,0.0270270276814699,0.0
01705,0.0,0.0,0.0,0.0,0.5,0.0
01706,0.0,0.0,0.2000000029802322,0.0,0.0,0.0
01707,0.2000000029802322,0.2000000029802322,0.2000000029802322,0.0,0.0,0.4000000059604645
01708,0.0,0.3333333432674408,0.0,0.0,0.3333333432674408,0.3333333432674408
01709,0.0,0.0,0.0,0.0,0.5,0.0
01710,0.0,0.0,0.3333333432674408,0.0,0.3333333432674408,0.0
01711,0.0,0.0,0.5,0.0,0.0,0.0
01712,0.0,0.0,0.5,0.0,0.0,0.0
01713,0.0,0.1111111119389534,0.1111111119389534,0.1111111119389534,0.0,0.0
01714,0.0,0.0090090092271566,0.0720720738172531,0.0,0.0090090092271566,0.0
01715,0.3333333432674408,0.0,0.0,0.0,0.0,0.0
01716,0.0,0.0,0.5,0.0,0.0,0.0
01717,0.3333333432674408,0.0,0.0,0.0,0.0,0.0
01718,0.0,0.0,0.0,0.0,0.5,0.0
01719,0.5,1.0,0.0,0.0,0.0,0.0
01720,0.0,0.5,0.0,0.0,0.0,0.0
01721,0.0,0.25,0.0,0.0,0.0,0.0
01722,1.0,0.0,0.0,0.0,0.0,0.0
01723,0.0,0.2857142984867096,0.0,0.0,0.5714285969734192,0.2857142984867096
01724,0.3333333432674408,0.0,0.0,0.0,0.0,0.0
01725,0.0,0.0,0.125,0.0,0.0,0.0
01726,0.6666666865348816,0.0,0.0,0.0,0.0,0.3333333432674408
01727,0.0,0.0091743115335702,0.0183486230671405,0.0091743115335702,0.0,0.0
01728,1.0,0.0,0.0,0.0,0.0,0.0
01729,0.0080000003799796,0.0399999991059303,0.1360000073909759,0.0080000003799796,0.1599999964237213,0.0
01730,0.0,0.3333333432674408,0.0,0.0,0.0,0.6666666865348816
01731,0.0,0.0,0.0,0.0,0.3333333432674408,0.3333333432674408
01732,0.5,0.0,0.0,0.0,0.0,0.5
01733,0.5,0.0,0.0,0.0,0.0,0.5
01734,0.0,0.0,0.0,0.0,0.5,0.0
01735,0.0,0.0,0.0,0.0,0.2000000029802322,0.2000000029802322
01736,0.0,0.0,0.3333333432674408,0.0,0.6666666865348816,0.0
01737,0.5,0.0,0.5,0.0,0.0,0.0
01738,0.2000000029802322,0.0,0.0,0.0,0.0,0.0
01739,0.5,0.0,0.0,0.0,0.0,0.0
01740,0.2000000029802322,0.0,0.2000000029802322,0.0,0.0,0.0
01741,0.3333333432674408,0.3333333432674408,0.0,0.0,0.0,0.0
01742,0.0,0.8333333134651184,0.0,0.0,0.1666666716337204,0.0
01743,0.0,0.0,0.3333333432674408,0.0,0.0,0.0
01744,0.1111111119389534,0.0222222227603197,0.0444444455206394,0.0222222227603197,0.0,0.0222222227603197
01745,0.5,0.0,0.0,0.0,0.0,0.0
01746,0.0,0.0,0.5,0.0,0.0,0.0
01747,0.0263157896697521,0.0,0.1052631586790084,0.0,0.0526315793395042,0.1052631586790084
01748,0.0,0.25,0.0,0.0,0.5,0.5
01749,0.0,0.3333333432674408,0.0,0.0,0.3333333432674408,0.0
01750,0.5,0.0,0.0,0.0,0.0,0.0
01751,0.25,0.0,0.0,0.0,0.0,0.0
01752,0.1538461595773697,0.0,0.0769230797886848,0.0,0.0769230797886848,0.0512820519506931
01753,0.5,0.5,0.5,0.0,0.0,0.0
01754,0.0,0.0,0.4000000059604645,0.0,0.0,0.2000000029802322
01755,0.0,0.0,0.3333333333333333,0.0,0.3333333333333333,0.0
01756,0.0,0.0,0.5,0.0,0.0,0.0
01757,0.0,0.5,0.0,0.0,0.0,0.0
01758,0.5,0.0,0.0,0.0,0.5,0.0
01759,0.0,0.5,0.0,0.0,0.0,0.0
01760,0.0,0.0,0.5,0.0,0.0,0.0
01761,0.3333333432674408,0.0,0.0,0.0,0.3333333432674408,0.0
01762,0.0,0.0,0.5,0.0,0.0,0.0
01763,0.6666666865348816,0.3333333432674408,0.0,0.0,0.0,0.1666666716337204
01764,0.0,0.0,0.3333333432674408,0.0,0.3333333432674408,0.0
01765,0.5,0.3333333432674408,0.0,0.0,0.3333333432674408,0.5
01766,0.5,0.0,0.0,0.0,0.5,0.5
01767,0.0,0.0,0.0,0.0,0.5,0.0
01768,0.0,0.0089285718277096,0.0357142873108387,0.0089285718277096,0.0089285718277096,0.0
01769,1.0,0.0,0.0,0.0,0.5,1.0
01770,0.0,0.0,0.0,0.5,0.0,0.0
01771,0.0,0.0,0.0,0.0,0.5,0.0
01772,0.0,0.0,0.0,0.0,0.5,0.5
01773,0.0,0.0,0.2000000029802322,0.0,0.0,0.0
01774,0.0,0.5,0.0,0.0,0.0,0.0
01775,0.0,0.0,0.0,0.0,0.0,0.5
01776,0.25,0.25,0.0,0.0,0.5,0.5
01777,0.5,0.5,0.0,0.0,0.5,0.0
01778,0.5,0.0,0.0,0.0,0.5,0.0
01779,0.0,0.0,0.0,0.0,0.5,0.0
01780,0.0,0.5,0.0,0.0,0.5,0.0
01781,0.0,0.0,0.0,0.0,1.0,0.5
01782,0.5,0.0,0.0,0.0,0.5,0.0
01783,0.0,0.0089285718277096,0.0357142873108387,0.0089285718277096,0.0089285718277096,0.0
01784,0.1666666716337204,0.0,0.0,0.0,0.1666666716337204,0.5
01785,0.0,0.2000000029802322,0.0,0.0,0.5,0.3000000119209289
01786,0.2000000029802322,0.0,0.0,0.0,0.0,0.0
01787,0.5,0.0,0.0,0.0,0.5,0.0
01788,0.0,0.3333333432674408,0.0,0.0,0.3333333432674408,0.0
01789,0.0818181782960891,0.0090909088030457,0.0454545468091964,0.0090909088030457,0.0181818176060915,0.1545454561710357
01790,0.5,0.0,0.0,0.0,0.0,0.0
01791,0.0,0.5,0.0,0.0,0.5,0.0
01792,0.0,0.0,0.0,0.0,0.5,1.0
01793,0.0,0.0,0.3333333432674408,0.0,0.0,0.0
01794,0.0,0.25,0.375,0.0,0.0,0.125
01795,1.0,0.0,0.0,0.0,0.0,0.0
01796,0.0,0.0,0.0,0.0,1.0,0.0
01797,0.0,1.0,0.0,0.0,0.0,0.0
01798,0.25,0.5,0.0,0.0,0.5,0.0
01799,0.0,0.0,0.1351351290941238,0.0,0.0270270276814699,0.0
01800,0.0,0.0,0.0,0.0,0.0,0.1000000014901161
01801,0.0,0.0,0.0,0.0,0.0,0.5
01802,0.5,0.0,0.0,0.0,0.0,0.0
01803,0.0,0.3333333432674408,0.0,0.0,0.1666666716337204,0.5
01804,0.0,0.3333333432674408,0.3333333432674408,0.0,0.0,0.3333333432674408
01805,0.0,0.0,0.0,0.0,0.3333333333333333,0.3333333333333333
01806,0.0,0.0,0.0,0.2000000029802322,0.0,0.0
01807,0.0,0.0,0.3333333333333333,0.0,0.0,0.0
01808,0.0,0.5,0.0,0.0,0.0,0.0
01809,0.4000000059604645,0.0,0.0,0.0,0.0,0.0
01810,0.0,0.0,0.0,1.0,0.0,0.0
01811,0.2477064281702041,0.0091743115335702,0.027522936463356,0.0091743115335702,0.0183486230671405,0.0091743115335702
01812,0.1666666716337204,0.0,0.1666666716337204,0.0,0.0,0.0
01813,0.0,0.3333333432674408,0.0,0.0,0.0,0.0
01814,0.0,0.1666666716337204,0.0,0.0,0.0,0.0
01815,0.0,0.25,0.0,0.0,0.5,0.5
01816,0.3333333432674408,0.0,0.0,0.0,0.0,0.0
01817,0.5,0.0,0.0,0.0,0.5,0.5
01818,0.5,0.0,0.0,0.0,0.0,0.0
01819,0.0,0.0,0.14285714285714285,0.0,0.0,0.0
01820,0.0,0.25,0.5,0.0,0.75,0.25
01821,0.0,0.0091743115335702,0.0183486230671405,0.0091743115335702,0.0,0.0
01822,0.0,0.0408163256943225,0.0408163256943225,0.0204081628471612,0.0,0.0
01823,0.3333333432674408,0.0,0.0,0.0,0.0,0.0
01824,0.0,0.5,0.0,0.0,0.1666666716337204,0.1666666716337204
01825,0.0,1.0,0.0,0.0,0.0,0.5
01826,0.0,0.0,0.5,0.5,0.0,0.0
01827,1.0,0.0,0.0,0.0,0.0,0.0
01828,0.0,0.0,0.3333333432674408,0.0,0.0,0.0
01829,0.0,0.6000000238418579,0.0,0.0,0.2000000029802322,0.2000000029802322
01830,0.0341880358755588,0.0769230797886848,0.0598290599882602,0.0,0.2905983030796051,0.0940170958638191
01831,0.0,0.0,0.0,0.0,0.25,0.0
01832,0.0,0.125,0.0,0.0,0.0,0.125
01833,0.5,0.0,1.0,0.5,0.0,0.0
01834,0.0,0.0,0.0,0.0,0.5,0.0
01835,0.5,0.0,0.0,0.0,0.0,0.0
01836,0.0,0.0,0.5,0.0,0.0,0.0
01837,1.0,0.0,0.0,0.0,0.0,0.0
01838,0.0,0.0,0.2000000029802322,0.0,0.0,0.0
01839,0.5,0.0,0.0,0.0,0.5,0.25
01840,0.0,0.5,0.0,0.0,0.0,0.5
01841,0.0,0.3333333432674408,0.0,0.0,0.3333333432674408,0.3333333432674408
01842,0.5,0.5,0.0,0.0,0.0,0.0
01843,0.0,0.0,0.0,0.0,1.0,0.0
01844,0.2000000029802322,0.0,0.0,0.0,0.0,0.0
01845,0.0,0.0,0.0,0.0,0.0,0.6666666666666666
01846,0.5,0.0,0.0,0.0,0.5,0.0
01847,0.5555555820465088,0.0833333358168602,0.0,0.0,0.1944444477558136,0.1388888955116272
01848,0.5,0.5,0.0,0.0,0.5,0.0
01849,0.125,0.25,0.0,0.0,0.375,0.25
01850,0.0,0.0,0.0,0.0,0.5,0.0
01851,0.25,0.0,0.0,0.0,0.25,0.0
01852,0.0,0.0,0.4000000059604645,0.0,0.0,0.0
01853,0.1351351290941238,0.1351351290941238,0.0,0.0,0.0,0.0540540553629398
01854,0.0,0.0,0.0,0.0,0.0,0.6666666865348816
01855,0.5,0.0,0.0,0.0,0.5,0.0
01856,0.0,0.0,0.0,0.0,0.5,0.0
01857,0.0088495574891567,0.0,0.3185840845108032,0.0,0.0,0.0
01858,0.0,0.0,0.0,0.0,0.0,1.0
01859,0.0,0.5,0.0,0.0,0.0,0.0
01860,0.0,0.5,0.0,0.0,0.0,0.0
01861,0.0,0.0,0.2000000029802322,0.0,0.0,0.0
01862,0.0,0.5,0.0,0.0,0.0,0.0
01863,0.5,0.5,0.0,0.0,0.0,0.0
01864,1.0,0.0,0.0,0.0,0.0,0.0
01865,0.1538461595773697,0.0598290599882602,0.0085470089688897,0.0,0.0683760717511177,0.0256410259753465
01866,0.5,0.0,0.0,0.0,0.0,0.0
01867,0.0,0.0,0.16666666666666666,0.0,0.0,0.0
01868,0.0,0.0183486230671405,0.0458715595304966,0.0,0.2201834917068481,0.1009174287319183
01869,0.5,0.5,0.0,0.0,0.0,0.0
01870,0.0,0.0,0.1666666716337204,0.0,0.0,0.1666666716337204
01871,0.0,0.3333333432674408,0.0,0.0,0.8333333134651184,0.3333333432674408
01872,0.0,0.0,0.0,0.0,0.0,0.5
01873,0.5,0.5,0.5,0.0,0.0,0.0
01874,0.0,0.5,0.0,0.0,0.0,0.0
01875,0.5,0.0,0.0,0.0,0.0,0.0
01876,0.2380952388048172,0.0238095242530107,0.095238097012043,0.0,0.0476190485060215,0.0476190485060215
01877,0.0,0.0,0.1666666716337204,0.1666666716337204,0.0,0.0
01878,0.0,0.0,0.5,0.0,0.0,0.0
01879,0.0,0.1666666716337204,0.1666666716337204,0.0,0.1666666716337204,0.1666666716337204
01880,0.5,0.0,1.0,0.0,0.0,0.0
01881,0.0,0.0,0.5,0.0,0.0,0.0
01882,0.6666666865348816,0.6666666865348816,0.0,0.0,0.0,0.0
01883,0.0,0.0,0.0,0.3333333333333333,0.0,0.0
01884,0.0,0.0,0.0,0.0948275849223136,0.0,0.0
01885,0.0,0.0,0.0,0.0,0.0,1.0
01886,0.1666666716337204,0.0,0.1666666716337204,0.0,0.6666666865348816,0.1666666716337204
01887,0.5,0.0,0.0,0.0,0.0,0.0
01888,0.0,0.0,0.0,0.0,1.0,0.5
01889,0.0,0.3333333432674408,0.3333333432674408,0.0,0.0,0.0
01890,0.5555555820465088,0.0833333358168602,0.0,0.0,0.1944444477558136,0.1388888955116272
01891,0.0,0.1666666716337204,0.0,0.0,0.0,0.1666666716337204
01892,0.0,0.0,0.0,0.0,0.5,0.0
01893,0.5,0.0,0.0,0.0,0.0,0.3333333432674408
01894,0.3333333432674408,0.0,0.0,0.0,0.0,0.0
01895,0.5,0.0,0.0,0.0,0.5,0.0
01896,0.5,0.0,0.0,0.0,0.0,0.0
01897,0.0,0.0,0.0,0.0,0.5,0.0
01898,0.0,0.0,0.0,0.0,0.5,1.0
01899,0.0,0.0,0.0,0.0,0.5,0.0
01900,0.0,0.0089285718277096,0.0357142873108387,0.0089285718277096,0.0089285718277096,0.0
01901,0.0,0.3333333432674408,0.0,0.0,0.3333333432674408,0.0
01902,0.0,0.5,0.0,0.0,0.0,0.0
01903,0.5,0.0,0.5,0.5,0.5,0.0
01904,0.5,0.0,0.0,0.0,0.0,0.0
01905,0.0,0.2000000029802322,0.0,0.0,0.5,0.3000000119209289
01906,0.25,0.0,0.0,0.0,0.0,0.0
01907,0.0,0.0,0.0,0.0,0.5,0.0
01908,0.25,0.25,0.0,0.0,0.0,0.0
01909,0.0,0.0,0.0,0.0277777779847383,0.0,0.0277777779847383
01910,0.1428571492433548,0.1428571492433548,0.1428571492433548,0.0,0.0,0.1428571492433548
01911,0.0291970800608396,0.0291970800608396,0.0656934306025505,0.0,0.0948905125260353,0.0510948896408081
01912,0.3333333432674408,0.0,0.0,0.0,0.0,0.0
01913,0.5,0.0,0.0,0.0,0.0,0.0
01914,0.5,0.5,0.0,0.0,0.0,0.0
01915,0.0,0.0,0.5,0.0,0.0,0.0
01916,0.0,0.5,0.5,0.5,0.0,0.5
01917,0.0,0.5,0.0,0.0,0.5,0.5
01918,0.0,0.0,0.0,0.0,0.25,0.0
01919,1.0,0.0,0.0,0.0,0.0,0.5
01920,0.5,0.0,0.0,0.0,0.0,0.0
01921,0.0,0.2000000029802322,0.0,0.0,0.0,0.0
01922,0.0,0.0,0.5,0.0,0.0,0.0
01923,0.0,0.5,0.0,0.0,0.0,0.0
01924,0.0,0.0,0.0,0.0,0.0,0.5
01925,0.0291970800608396,0.0291970800608396,0.0656934306025505,0.0,0.0948905125260353,0.0510948896408081
01926,0.0,0.25,0.0,0.0,0.0,0.0
01927,0.5,0.0,0.0,0.0,0.5,0.0
01928,0.3333333432674408,0.0,0.0,0.0,0.3333333432674408,0.0
01929,0.045045044273138,0.0180180184543132,0.0630630627274513,0.0,0.0,0.0270270276814699
01930,0.0,0.0,0.5,0.0,0.0,0.0
01931,0.0088495574891567,0.0,0.3185840845108032,0.0,0.0,0.0
01932,0.0,0.75,0.0,0.0,0.0,0.0
01933,0.25,0.25,0.0,0.0,0.0,0.25
01934,0.0,0.5,0.0,0.0,0.0,0.0
01935,0.5,0.0,0.0,0.0,0.0,0.0
01936,0.5,0.0,0.0,0.0,0.5,0.5
01937,0.0,0.0,0.1025641039013862,0.0170940179377794,0.0085470089688897,0.0
01938,0.0,0.5,0.0,0.0,0.5,0.0
01939,0.0,0.0,0.0,0.0,0.5,0.5
01940,0.0,0.0,0.0,0.0,0.3333333432674408,0.0
01941,0.3333333432674408,0.6666666865348816,0.0,0.0,0.0,0.3333333432674408
01942,0.0,0.0,0.0909090936183929,0.0,0.0,0.0
01943,0.3333333432674408,0.0,0.3333333432674408,0.3333333432674408,0.0,0.0
01944,0.3333333432674408,0.3333333432674408,0.0,0.0,0.0,0.0
01945,0.0,0.0,0.5,0.0,0.0,0.0
01946,0.3333333432674408,0.0,0.0,0.0,0.0,0.0
01947,0.3333333432674408,0.3333333432674408,0.0,0.0,0.0,0.0
01948,0.0,0.0,0.0,0.0,0.5,0.0
01949,0.5,0.0,0.0,0.0,0.5,0.5
01950,0.0,0.0,0.3333333432674408,0.0,0.0,0.0
01951,0.125,0.25,0.0,0.0,0.25,0.125
01952,0.0,0.0,0.25,0.0,0.0,0.0
01953,0.0,0.125,0.0,0.0,0.125,0.0
01954,0.5,0.5,0.5,0.0,0.0,0.0
01955,0.1666666716337204,0.0,0.0,0.0,0.0,0.0
01956,0.800000011920929,0.0,0.0,0.0,0.0,0.0
01957,0.0,0.0,0.0,0.0,0.5,0.0
01958,0.5,0.0,0.0,0.0,0.0,0.0
01959,0.5,0.0,0.0,0.5,0.0,0.0
01960,0.3333333432674408,0.0,0.0,0.0,0.0,0.0
01961,0.0,0.0,0.0,0.0,0.5,0.0
01962,0.0,0.0,0.5,0.0,0.0,0.0
01963,0.5,0.5,0.0,0.0,0.0,0.0
01964,0.25,0.0,0.25,0.0,0.0,0.0
01965,0.0,0.0,0.3333333333333333,0.3333333333333333,0.0,0.0
01966,0.0,0.0,0.2000000029802322,0.0,0.0,0.0
01967,0.0,0.0,0.0,0.0,0.3333333432674408,0.0
01968,0.0,0.2000000029802322,0.0,0.0,0.0,0.2000000029802322
01969,0.5,0.0,0.5,0.0,0.0,0.0
01970,0.5,0.0,0.5,0.0,0.0,0.0
01971,0.3333333432674408,0.1666666716337204,0.0,0.0,0.3333333432674408,0.3333333432674408
01972,0.5,0.0,0.0,0.0,0.0,0.5
01973,0.0,0.1666666716337204,0.0,0.0,0.1666666716337204,0.0
01974,0.25,0.0,0.0,0.0,0.0,0.0
01975,0.3333333432674408,0.0,0.0,0.0,0.6666666865348816,0.0
01976,0.0,0.5,0.0,0.0,0.5,0.5
01977,0.0,0.0,0.3333333432674408,0.0,1.0,1.0
01978,0.0,0.0,0.125,0.0,0.0,0.0
01979,0.5,0.0,0.0,0.0,0.0,0.0
01980,0.1000000014901161,0.0,0.0,0.1000000014901161,0.0,0.0
01981,0.0,0.0,1.0,0.0,0.0,0.0
01982,0.0,0.0,0.4000000059604645,0.0,0.0,0.0
01983,0.0,0.0,0.5,0.0,0.0,0.5
01984,0.6666666865348816,0.0,0.0,0.0,0.3333333432674408,0.3333333432674408
01985,0.1428571492433548,0.4285714328289032,0.0,0.0,0.2857142984867096,0.1428571492433548
01986,0.0,0.1636363565921783,0.036363635212183,0.0272727273404598,0.0818181782960891,0.0909090936183929
01987,0.5,0.3333333432674408,0.0,0.0,0.3333333432674408,0.5
01988,0.5,0.0,0.5,0.0,0.0,0.5
01989,0.5,0.0,0.0,0.0,0.5,0.0
01990,0.0,0.0,0.0,0.0,0.5,0.0
01991,0.5,0.0,0.0,0.0,0.5,0.5
01992,0.3333333432674408,0.0,0.1666666716337204,0.0,0.1666666716337204,0.8333333134651184
01993,0.3333333432674408,0.3333333432674408,0.0,0.0,0.0,0.0
01994,0.0,0.2000000029802322,0.0,0.0,0.4000000059604645,0.4000000059604645
01995,0.0,0.0,0.0,0.0,0.5,0.0
01996,0.0,0.0,0.0,0.0,0.5,0.0
01997,0.0,0.0,0.5,0.0,0.5,0.0
01998,0.0,0.0,0.0,0.0,0.3333333432674408,0.0
01999,0.0,0.0,0.3333333333333333,0.0,0.0,0.0
02000,0.3333333432674408,0.0,0.3333333432674408,0.0,0.0,0.0
02001,0.5,0.5,0.5,0.0,0.0,0.0
02002,0.0,0.0,0.0,0.0,0.3333333432674408,0.0
02003,0.0,0.0,0.0,0.0,0.3333333333333333,0.3333333333333333
02004,0.25,0.0,0.0,0.0,0.25,0.0
02005,0.5,0.1666666716337204,0.1666666716337204,0.0,0.0,0.1666666716337204
02006,0.25,0.0,0.0,0.0,0.0,0.0
02007,0.3333333432674408,0.0,0.0,0.0,0.0,0.0
02008,0.0,0.0,0.5,0.0,0.0,0.0
02009,0.25,0.0,0.0,0.0,0.25,0.0
02010,0.0,0.0,0.1428571492433548,0.0,0.1428571492433548,0.0
02011,0.0,0.0,0.0,0.0,0.0,0.5
02012,0.0,0.0183486230671405,0.0458715595304966,0.0,0.2201834917068481,0.1009174287319183
02013,0.25,0.0,0.0,0.0,0.75,0.5
02014,0.0,0.0,0.0,0.0,0.3333333432674408,0.0
02015,0.0,0.0,0.0,0.0,0.3333333333333333,0.3333333333333333
02016,0.5,0.0,0.5,0.0,0.0,0.0
02017,0.3333333432674408,0.0,0.0,0.0,0.0,0.3333333432674408
02018,0.3333333432674408,0.0,0.0,0.0,0.3333333432674408,0.0
02019,0.0,0.0,0.16666666666666666,0.0,0.0,0.0
02020,0.0,0.0,0.0,0.0,0.0,0.5
02021,0.0,0.0,0.5,0.5,0.0,0.0
02022,0.5,0.0,0.0,0.0,0.0,0.0
02023,0.0,0.0,0.0,0.0,1.0,0.5
02024,0.0,0.0,0.0,0.0,0.5,0.0
02025,0.0,0.0,0.1025641039013862,0.0170940179377794,0.0085470089688897,0.0
02026,0.0,0.5,0.0,0.0,0.0,0.5
02027,0.0,0.0,0.0,0.0,0.3333333432674408,0.1666666716337204
02028,0.5,0.0,0.0,0.0,0.0,0.0
02029,0.0,0.0,0.0,0.0,0.0,0.6666666666666666
02030,0.0,0.0,0.0,0.0,0.5,0.0
02031,0.0,0.6666666865348816,0.0,0.0,0.0,0.5
02032,0.5,0.0,0.0,0.0,0.0,0.0
02033,0.0,0.3333333432674408,0.0,0.0,0.3333333432674408,0.0
02034,0.0,0.4000000059604645,0.0,0.0,0.0,0.0
02035,0.1666666716337204,0.3333333432674408,0.0,0.0,0.0,0.1666666716337204
02036,0.5,0.5,0.0,0.0,0.0,0.0
02037,0.0,0.0,0.0,0.0,0.0,0.5
02038,0.5,0.0,0.0,0.0,0.5,0.0
02039,0.25,0.0,0.0,0.0,0.0,0.0
02040,0.5,0.0,0.0,0.0,0.0,0.0
02041,0.0,0.125,0.0,0.0,0.0,0.125
02042,0.0,0.0,0.5,0.0,0.0,0.0
02043,0.0,0.0,0.0,0.0,0.3333333432674408,0.0
02044,0.0,0.0,0.0,0.5,0.0,0.0
02045,0.5,0.0,0.0,0.0,0.0,0.5
02046,0.5,0.0,0.0,0.5,0.0,0.0
02047,0.3333333432674408,0.0,0.0,0.0,0.3333333432674408,0.0
02048,0.0,0.5,0.0,0.0,0.0,0.0
02049,0.0,0.1666666716337204,0.0,0.0,0.0,0.0
02050,0.0,0.0,0.0,0.0,0.5,0.0
02051,0.5,0.0,0.5,0.0,0.0,0.5
02052,0.0088495574891567,0.0,0.3185840845108032,0.0,0.0,0.0
02053,0.0,0.1666666716337204,0.0,0.0,0.0,0.0
02054,0.0,0.0,0.0,0.5,0.0,0.0
02055,0.0857142880558967,0.0,0.0285714287310838,0.0,0.0571428574621677,0.1142857149243354
02056,0.0,0.0,0.5,0.0,0.0,0.0
02057,0.0080000003799796,0.0399999991059303,0.1360000073909759,0.0080000003799796,0.1599999964237213,0.0
02058,0.0,0.0,0.0,0.0,0.5,0.0
02059,0.0,0.0,0.0,0.0,1.0,0.0
02060,0.5,0.0,0.0,0.0,0.0,0.0
02061,0.0,0.0,0.2000000029802322,0.0,0.0,0.0
02062,0.0,0.0,0.0,0.0,0.0,0.5
02063,0.0,0.3333333432674408,0.3333333432674408,0.0,0.3333333432674408,0.0
02064,0.0,0.0183486230671405,0.0458715595304966,0.0,0.2201834917068481,0.1009174287319183
02065,0.0,0.0,0.0,0.0,0.0,0.800000011920929
02066,0.0,0.0,0.0,0.0,0.0,0.1666666716337204
02067,0.0,0.0,0.0,0.0,0.0,0.5
02068,0.0,0.25,0.0,0.0,0.0,0.0
02069,0.0366972461342811,0.1467889845371246,0.027522936463356,0.0,0.2385321110486984,0.0183486230671405
02070,0.5,0.5,0.0,0.0,0.0,0.0
02071,0.0,0.8571428656578064,0.1428571492433548,0.0,0.1428571492433548,0.0
02072,0.5,0.0,0.0,0.0,0.5,0.0
02073,0.0,0.0,0.3333333432674408,0.0,0.0,0.0
02074,0.1666666716337204,0.0,0.0,0.0,0.0,0.1666666716337204
02075,0.25,0.0,0.0,0.0,0.5,0.0
02076,0.0,0.0,0.0,0.0,0.875,0.25
02077,0.0,0.2000000029802322,0.0,0.0,0.6000000238418579,0.6000000238418579
02078,0.1666666716337204,0.0,0.0,0.0,0.0,0.1666666716337204
02079,0.25,0.25,0.0,0.0,0.25,0.0
02080,0.4642857015132904,0.1607142835855484,0.0,0.0,0.2857142984867096,0.3392857015132904
02081,0.0,0.5,0.0,0.0,0.0,0.0
02082,0.6666666865348816,0.0,0.0,0.0,0.0,0.0
02083,0.0,0.0,0.5,0.0,0.0,0.0
02084,0.0,0.0,0.2857142984867096,0.0,0.5714285969734192,0.5714285969734192
02085,0.0,0.0,0.0,0.0,0.5,0.0
02086,0.5,0.0,0.0,0.0,0.0,0.0
02087,0.0,0.0,0.5,0.0,0.0,0.0
02088,0.0,0.0,0.0,0.0,1.0,0.5
02089,0.0,0.0,0.25,0.0,0.0,0.0
02090,0.0,0.0,0.0,0.5,0.0,0.0
02091,0.2000000029802322,0.2000000029802322,0.0,0.0,0.0,0.0
02092,0.5,0.5,0.0,0.0,0.0,0.0
02093,0.5,0.0,0.0,0.0,0.0,0.0
02094,0.0080000003799796,0.0399999991059303,0.1360000073909759,0.0080000003799796,0.1599999964237213,0.0
02095,0.4000000059604645,0.1000000014901161,0.0,0.0,0.3000000119209289,0.5
02096,0.0,0.3333333432674408,0.0,0.0,0.0,0.0
02097,0.0,0.0,0.2857142984867096,0.0,0.5714285969734192,0.5714285969734192
02098,0.0,0.25,0.0,0.0,0.0,0.25
02099,0.5,0.0,0.0,0.0,0.0,0.0
02100,0.0,0.0089285718277096,0.0357142873108387,0.0089285718277096,0.0089285718277096,0.0
02101,0.0,0.0,0.0256410259753465,0.0341880358755588,0.0,0.0
02102,0.5,0.0,0.0,0.0,0.0,0.0
02103,0.0,0.2000000029802322,0.0,0.0,0.2000000029802322,0.4000000059604645
02104,0.0,0.0,0.0,0.0,0.0,0.5
02105,0.0,0.0,0.0,0.0,0.5,0.5
02106,0.0,0.0,0.4000000059604645,0.0,0.0,0.0
02107,0.25,0.5,0.0,0.25,0.0,0.0
02108,0.6666666865348816,0.0,0.0,0.0,0.0,0.0
02109,0.5,0.0,0.0,0.0,0.0,0.0
02110,0.3333333432674408,0.3333333432674408,0.0,0.0,0.0,0.3333333432674408
02111,0.0,0.0,0.0,0.2,0.0,0.0
02112,0.5,0.0,0.0,0.0,0.0,0.0
02113,0.25,0.25,0.0,0.0,0.25,0.25
02114,0.0,0.0,0.5,0.0,0.0,0.0
02115,0.0,0.0,0.25,0.0,0.25,0.0
02116,0.6666666865348816,0.0,0.0,0.0,0.0,0.0
02117,0.2093023210763931,0.0465116277337074,0.1162790730595588,0.0,0.302325576543808,0.2790697813034057
02118,0.0,0.0,0.1428571492433548,0.0,0.0,0.0
02119,0.5,0.0,0.0,0.0,0.0,0.0
02120,0.5,0.0,0.0,0.0,0.0,0.0
02121,0.0,0.0,0.0,0.0,0.6666666666666666,0.3333333333333333
02122,0.0,0.0,0.5,0.0,0.0,0.0
02123,0.0,0.0,0.0,0.0,0.0,0.2000000029802322
02124,0.0172413792461156,0.0172413792461156,0.0258620698004961,0.0,0.0517241396009922,0.0
02125,0.1666666716337204,0.1666666716337204,0.0,0.0,0.5,0.1666666716337204
02126,0.0,0.0,0.0,0.0,0.0,0.6666666865348816
02127,0.3333333432674408,0.0,0.0,0.0,0.0,0.0
02128,0.0,1.0,0.0,0.0,0.0,0.0
02129,0.2857142984867096,0.0,0.1428571492433548,0.0,0.0,0.0
02130,0.3333333432674408,0.0,0.1666666716337204,0.0,0.1666666716337204,0.8333333134651184
02131,0.6666666666666666,0.0,0.0,0.0,0.0,0.0
02132,0.0,0.4000000059604645,0.0,0.0,0.6000000238418579,0.6000000238418579
02133,0.0,0.0,0.5,0.0,0.5,0.0
02134,0.0,0.0,0.0,0.0,0.0,0.5
02135,0.0,0.0,0.0,0.0,0.5,0.0
02136,0.0341880358755588,0.0769230797886848,0.0598290599882602,0.0,0.2905983030796051,0.0940170958638191
02137,0.5,0.0,0.0,0.0,0.0,0.0
02138,0.1000000014901161,0.0,0.1000000014901161,0.0,0.800000011920929,0.1000000014901161
02139,0.0,0.0,0.5,0.0,0.0,0.0
02140,0.0291970800608396,0.0291970800608396,0.0656934306025505,0.0,0.0948905125260353,0.0510948896408081
02141,0.0,0.0,0.0,0.0,0.0,0.5
02142,0.0,0.25,0.0,0.0,0.0,0.0
02143,0.0,0.0,0.0,0.0,0.0,0.5
02144,0.0,0.0,0.3333333432674408,0.0,0.3333333432674408,0.0
02145,0.0,0.0,0.5,0.0,0.0,0.0
02146,0.5,0.0,0.0,0.0,0.5,0.0
02147,0.0,0.5,0.0,0.0,0.0,0.0
02148,0.0857142880558967,0.0,0.0285714287310838,0.0,0.0571428574621677,0.1142857149243354
02149,0.3333333432674408,0.0,0.1666666716337204,0.0,0.0,0.0
02150,0.1428571492433548,0.4285714328289032,0.0,0.0,0.4285714328289032,0.1428571492433548
02151,0.5,0.0,0.0,0.0,0.0,0.0
02152,0.0,0.3333333432674408,0.0,0.0,0.0,0.3333333432674408
02153,0.0,0.0,0.1428571492433548,0.0,0.0,0.1428571492433548
02154,0.0,0.0,0.0256410259753465,0.0341880358755588,0.0,0.0
02155,0.0,0.3333333432674408,0.0,0.0,0.0,0.3333333432674408
02156,0.0,0.0089285718277096,0.0357142873108387,0.0089285718277096,0.0089285718277096,0.0
02157,0.5,0.0,0.0,0.0,0.0,0.0
02158,0.0,0.3333333333333333,0.3333333333333333,0.0,0.0,0.3333333333333333
02159,0.0,0.0,0.5,0.0,0.0,0.0
02160,0.0,0.5,0.0,0.0,0.1666666716337204,0.6666666865348816
02161,1.0,0.0,0.0,0.0,0.0,0.0
02162,0.0,0.0,0.5,0.0,0.0,0.0
02163,0.5,0.0,0.0,0.0,0.0,0.0
02164,0.25,0.0,0.0,0.0,0.0,0.75
02165,0.0,1.0,0.0,0.0,0.0,0.0
02166,0.0,0.6666666865348816,0.0,0.0,0.0,0.0
02167,0.0,0.5,0.0,0.0,0.0,0.0
02168,0.6666666865348816,0.0,0.0,0.0,0.0,0.0
02169,0.0,0.5,0.0,0.0,0.5,0.0
02170,1.0,0.0,0.0,0.0,0.0,0.0
02171,0.5,0.0,0.0,0.0,0.0,0.0
02172,0.0,0.5,0.0,0.0,0.0,0.0
02173,0.5,0.0,0.0,0.0,0.0,0.0
02174,0.5,0.0,0.0,0.0,0.0,0.0
02175,0.0,0.0,0.0,0.0,0.5,0.0
02176,0.5,0.0,0.0,0.5,0.0,0.0
02177,0.0,0.0,0.5,0.0,0.0,0.0
02178,0.5,0.0,0.5,0.0,0.0,0.0
02179,0.0172413792461156,0.0172413792461156,0.0258620698004961,0.0,0.0517241396009922,0.0
02180,0.0,0.5,0.0,0.0,1.0,0.0
02181,0.0,0.0,0.0,0.0,0.5,0.0
02182,0.1666666716337204,0.0,0.0,0.0,0.5,0.5
02183,0.25,0.25,0.0,0.0,0.5,0.5
02184,0.5,0.0,0.0,0.0,0.0,0.0
02185,0.0,0.5,0.0,0.0,0.0,0.0
02186,0.0,0.0,0.0,0.0,0.0,0.3333333432674408
02187,0.0,0.5,0.0,0.0,0.0,0.0
02188,0.0,0.3333333432674408,0.1666666716337204,0.0,0.0,0.0
02189,0.5,0.5,0.0,0.0,0.0,0.5
02190,0.0,0.0,0.0,1.0,0.0,0.0
02191,0.5,0.0,0.0,0.0,0.0,0.0
02192,0.5,0.0,0.0,0.0,0.0,0.0
02193,0.0291970800608396,0.0291970800608396,0.0656934306025505,0.0,0.0948905125260353,0.0510948896408081
02194,0.0,0.0,0.5,0.0,0.0,0.0
02195,0.5,0.25,0.0,0.0,0.0,0.0
02196,0.0,0.0,0.5,0.0,0.0,0.0
02197,0.0,0.3333333432674408,0.3333333432674408,0.0,0.3333333432674408,0.0
02198,0.5,0.0,0.0,0.0,0.5,0.5
02199,0.0,0.0,0.0,0.125,0.0,0.0
02200,1.0,1.0,0.0,0.0,0.0,0.0
02201,0.0,0.0,0.5,0.0,0.0,0.0
02202,0.0,0.0,0.0,0.0,0.2000000029802322,0.0
02203,0.5,0.0,0.0,0.0,0.0,0.0
02204,0.1009174287319183,0.0091743115335702,0.027522936463356,0.0,0.082568809390068,0.027522936463356
02205,0.0,0.0,0.5,0.0,0.0,0.0
02206,0.0,0.0,0.3333333432674408,0.0,0.0,0.0
02207,0.0,0.5,0.0,0.0,0.0,0.0
02208,1.0,0.5,0.0,0.0,0.0,0.0
02209,0.125,0.0390625,0.0234375,0.0,0.0546875,0.1015625
02210,0.6000000238418579,0.0,0.0,0.0,0.0,0.0
02211,0.0,0.0,0.5,0.0,0.0,0.0
02212,0.5,0.0,0.0,0.0,0.0,0.0
02213,0.0,0.0,0.0,0.0948275849223136,0.0,0.0
02214,0.2432432472705841,0.0810810774564743,0.0,0.0,0.4054054021835327,0.4594594538211822
02215,0.0,0.0,0.3333333432674408,0.0,0.0,0.0
02216,0.0,0.1666666716337204,0.0,0.0,0.0,0.0
02217,0.0,0.0,0.0256410259753465,0.0341880358755588,0.0,0.0
02218,0.5,0.0,0.0,0.0,0.0,0.0
02219,0.0,0.5,0.0,0.0,0.5,0.5
02220,0.25,0.0,0.0,0.0,0.25,0.25
02221,0.2857142984867096,0.0,0.0,0.0,0.2857142984867096,0.1428571492433548
02222,0.0,0.0,0.5,0.0,0.0,0.0
02223,0.0,0.0,0.0,0.0,0.5,0.0
02224,0.5,0.0,0.0,0.0,0.5,0.0
02225,0.0,0.0,0.0,0.0,0.5,0.0
02226,0.0,0.2857142984867096,0.0,0.0,0.1428571492433548,0.4285714328289032
02227,0.0,0.5,0.0,0.0,0.0,0.0
02228,0.5,0.5,0.0,0.0,0.0,0.0
02229,0.1666666716337204,0.0,0.0,0.0,0.1666666716337204,0.0
02230,0.5,0.0,0.0,0.0,0.0,0.0
02231,0.1666666716337204,0.0,0.0,0.0,0.0,0.5
02232,0.0080000003799796,0.0399999991059303,0.1360000073909759,0.0080000003799796,0.1599999964237213,0.0
02233,0.0,0.3333333432674408,0.0,0.0,0.0,0.0
02234,0.3333333432674408,0.3333333432674408,0.0,0.0,0.0,0.3333333432674408
02235,0.5,0.5,0.0,0.0,0.0,0.0
02236,0.5,0.0,0.0,0.0,0.0,0.0
02237,0.0,0.0,0.0,0.0,0.0,0.5
02238,0.0,0.5,0.0,0.0,0.0,0.0
02239,0.2000000029802322,0.2000000029802322,0.0,0.0,0.2000000029802322,0.2000000029802322
02240,0.1538461595773697,0.0598290599882602,0.0085470089688897,0.0,0.0683760717511177,0.0256410259753465
02241,0.0080000003799796,0.0399999991059303,0.1360000073909759,0.0080000003799796,0.1599999964237213,0.0
02242,1.0,0.0,0.0,0.0,0.0,0.0
02243,1.0,0.0,0.0,0.0,0.0,0.5
02244,0.0,0.0183486230671405,0.0458715595304966,0.0,0.2201834917068481,0.1009174287319183
02245,0.0,0.0,0.3333333333333333,0.0,0.0,0.0
02246,0.1009174287319183,0.0091743115335702,0.027522936463356,0.0,0.082568809390068,0.027522936463356
02247,0.0,0.0,0.0,0.2000000029802322,0.0,0.0
02248,0.0,0.5,0.0,0.0,0.0,0.0
02249,0.0,0.0,0.0,0.0,0.0,0.5
02250,0.1636363565921783,0.0,0.1000000014901161,0.0,0.0,0.0090909088030457
02251,0.0,0.0,0.1666666716337204,0.0,0.1666666716337204,0.1666666716337204
02252,0.0291970800608396,0.0291970800608396,0.0656934306025505,0.0,0.0948905125260353,0.0510948896408081
02253,0.0818181782960891,0.0090909088030457,0.0454545468091964,0.0090909088030457,0.0181818176060915,0.1545454561710357
02254,0.5,1.0,0.0,0.0,0.0,0.0
02255,0.5,0.0,0.0,0.0,0.5,0.0
02256,0.5,0.0,0.0,0.0,0.0,0.0
02257,0.0,0.3333333432674408,0.0,0.3333333432674408,0.0,0.0
02258,0.0,0.0,0.0,0.0,0.5,0.0
02259,0.0,0.5,0.0,0.0,0.0,0.0
02260,0.1009174287319183,0.0091743115335702,0.027522936463356,0.0,0.082568809390068,0.027522936463356
02261,0.0,0.4000000059604645,0.0,0.0,0.800000011920929,0.4000000059604645
02262,0.1666666716337204,0.0,0.0,0.0,0.1666666716337204,0.1666666716337204
02263,0.0,0.5,0.0,0.0,0.0,0.0
02264,0.5,0.0,0.5,0.0,0.0,0.0
02265,0.5,0.0,0.0,0.0,0.3333333432674408,0.1666666716337204
02266,0.5,0.0,0.0,0.0,0.0,0.5
02267,0.2000000029802322,0.0,0.2000000029802322,0.0,0.0,0.0
02268,0.5,0.5,0.5,0.0,0.0,0.0
02269,0.6666666865348816,0.0,0.3333333432674408,0.0,0.0,0.3333333432674408
02270,0.1636363565921783,0.0,0.1000000014901161,0.0,0.0,0.0090909088030457
02271,0.0291970800608396,0.0291970800608396,0.0656934306025505,0.0,0.0948905125260353,0.0510948896408081
02272,0.5,0.0,0.0,0.0,0.0,0.0
02273,0.0088495574891567,0.0,0.3185840845108032,0.0,0.0,0.0
02274,0.0,0.0,0.0,0.0,0.0,0.3333333432674408
02275,0.1666666716337204,0.0,0.0,0.0,0.0,0.0
02276,0.0,0.0,0.5,0.0,0.0,0.0
02277,0.25,1.0,0.0,0.0,0.0,0.25
02278,0.0341880358755588,0.0769230797886848,0.0598290599882602,0.0,0.2905983030796051,0.0940170958638191
02279,0.0,0.2857142984867096,0.0,0.0,0.1428571492433548,0.4285714328289032
02280,0.0,0.0,0.0,0.0,0.0,0.2000000029802322
02281,0.0,0.0,0.3333333333333333,0.0,0.0,0.0
02282,0.0,0.0,0.5,0.0,0.0,0.0
02283,0.5,0.0,0.0,0.0,0.0,0.0
02284,0.5,0.0,0.0,0.0,0.0,0.0
02285,0.0,0.0,0.0,0.0,0.5,0.0
02286,0.0,0.0,0.0,0.0,1.0,0.0
02287,0.0,0.0,0.0,0.0,0.5,0.0
02288,0.0,0.0,0.0,0.0,0.0,0.5
02289,0.5,0.0,0.5,0.0,0.0,0.5
02290,0.0,0.0,0.4,0.0,0.0,0.0
02291,0.0,0.0,0.5,0.0,0.5,0.5
02292,0.0,0.0,0.0,0.0,1.0,1.0
02293,0.0,0.0,1.0,0.0,0.0,0.0
02294,0.5,0.0,0.0,0.0,0.0,0.5
02295,0.25,0.0,0.0,0.0,0.0,0.0
02296,0.0,0.4000000059604645,0.0,0.0,0.2000000029802322,0.2000000029802322
02297,0.25,0.25,0.25,0.0,0.5,0.0
02298,0.3333333432674408,0.0,0.0,0.0,0.3333333432674408,0.0
02299,0.0,0.3333333432674408,0.0,0.0,0.3333333432674408,0.3333333432674408
02300,0.1666666716337204,0.0,0.0,0.0,0.0,0.0
02301,0.3333333432674408,0.1666666716337204,0.0,0.0,0.3333333432674408,0.1666666716337204
02302,0.0,0.5,0.0,0.0,0.0,0.0
02303,0.0,0.0,0.375,0.0,0.125,0.0
02304,0.0,0.0,0.3333333432674408,0.0,0.0,0.0
02305,0.5,0.0,0.0,0.0,0.5,0.0
02306,0.0,0.0,0.1025641039013862,0.0170940179377794,0.0085470089688897,0.0
02307,0.0,0.1666666716337204,0.0,0.0,0.0,0.1666666716337204
02308,0.0,0.0,0.0,0.5,0.0,0.0
02309,0.0,0.0,0.0,0.0,0.5,1.0
02310,0.0,0.5,0.0,0.0,0.0,0.0
02311,0.045045044273138,0.0180180184543132,0.0630630627274513,0.0,0.0,0.0270270276814699
02312,0.0,0.0183486230671405,0.0458715595304966,0.0,0.2201834917068481,0.1009174287319183
02313,0.2477064281702041,0.0091743115335702,0.027522936463356,0.0091743115335702,0.0183486230671405,0.0091743115335702
02314,0.0,0.5,0.0,0.0,0.0,0.5
02315,0.0,0.0,0.0,0.0,0.5,0.0
02316,0.1666666716337204,0.0,0.0,0.0,0.0,0.0
02317,0.125,0.0390625,0.0234375,0.0,0.0546875,0.1015625
02318,0.0,0.0,0.5,0.0,0.5,0.0
02319,0.0,0.0,0.1111111119389534,0.0,0.0,0.0
02320,0.0172413792461156,0.0172413792461156,0.0258620698004961,0.0,0.0517241396009922,0.0
02321,0.5,0.0,0.0,0.0,0.0,0.5
02322,0.3333333432674408,0.0,0.6666666865348816,0.0,0.0,0.0
02323,0.0,0.0,0.5,0.0,0.0,0.0
02324,0.0,0.0,0.0,0.0,0.3333333432674408,0.6666666865348816
02325,0.0270270276814699,0.1351351290941238,0.0,0.0,0.2432432472705841,0.1351351290941238
02326,0.5,0.0,0.0,0.0,0.0,0.0
02327,0.5,0.0,0.0,0.0,0.5,0.5
02328,1.0,0.0,0.0,0.0,0.0,0.0
02329,0.0,0.0,0.0,0.0,0.5,0.0
02330,0.0366972461342811,0.1467889845371246,0.027522936463356,0.0,0.2385321110486984,0.0183486230671405
02331,0.0,0.4000000059604645,0.0,0.0,0.0,0.2000000029802322
02332,1.0,0.0,0.0,0.0,0.0,0.0
02333,0.5,0.5,0.5,0.0,0.5,0.0
02334,0.045045044273138,0.0180180184543132,0.0630630627274513,0.0,0.0,0.0270270276814699
02335,0.5,0.25,0.0,0.0,0.25,0.25
02336,0.5,0.0,0.0,0.0,0.0,0.0
02337,0.0,0.0,0.0,0.0,0.5,0.0
02338,0.0,0.0,0.0,0.0,0.25,0.25
02339,0.0,0.0,0.6666666865348816,0.0,0.3333333432674408,0.0
02340,0.5,0.0,0.0,0.0,0.0,0.0
02341,0.0,0.0,0.0,0.0,0.0,0.5
02342,0.0,0.0,0.0,0.0,0.0,0.5
02343,0.3333333432674408,0.0,0.3333333432674408,0.0,0.3333333432674408,0.0
02344,0.0341880358755588,0.0769230797886848,0.0598290599882602,0.0,0.2905983030796051,0.0940170958638191
02345,0.0,0.0,0.0,0.0,0.5,0.0
02346,0.0,0.0,0.0,0.0,1.0,0.0
02347,0.0,0.5,0.0,0.0,0.0,0.5
02348,0.5,0.0,0.0,0.0,0.0,0.0
02349,0.6666666865348816,0.0,0.3333333432674408,0.0,0.0,0.0
02350,0.0,0.0,0.0,0.0,0.5,0.0
02351,0.0,0.0,0.5,0.0,0.0,0.0
02352,0.5,0.0,0.0,0.0,0.0,0.0
02353,0.6666666865348816,0.0,0.0,0.0,0.0,0.0
02354,0.0,0.0,0.6666666666666666,0.0,0.0,0.0
02355,0.5,0.0,0.0,0.0,0.0,0.0
02356,0.5,0.0,0.0,0.0,0.5,0.0
02357,0.5,0.5,0.0,0.0,0.0,0.0
02358,0.0,0.0,0.3333333432674408,0.0,0.0,0.0
02359,0.5,0.0,0.0,0.0,0.0,0.0
02360,0.0,0.0,0.5,0.0,0.5,0.0
02361,0.5,0.0,0.0,0.0,0.0,0.0
02362,0.0,0.1666666716337204,0.0,0.0,0.0,0.0
02363,0.0,0.0,0.5,0.0,0.0,0.0
02364,0.0,0.0183486230671405,0.0458715595304966,0.0,0.2201834917068481,0.1009174287319183
02365,0.1636363565921783,0.0,0.1000000014901161,0.0,0.0,0.0090909088030457
02366,0.0,0.5,0.0,0.0,0.0,0.0
02367,0.0,0.2000000029802322,0.2000000029802322,0.0,0.0,0.2000000029802322
02368,0.1428571492433548,0.0,0.2857142984867096,0.0,0.0,0.0
02369,0.0,0.0,1.0,0.0,0.0,0.0
02370,0.0,0.25,0.375,0.0,0.0,0.125
02371,0.0,0.0,0.3333333432674408,0.0,0.0,0.0
02372,0.0,0.5,0.0,0.0,0.5,0.5
02373,0.0,0.0,0.0,0.0,0.75,0.5
02374,0.0,0.3333333432674408,0.0,0.0,0.3333333432674408,0.6666666865348816
02375,0.0,0.3333333432674408,0.0,0.0,0.0,0.1666666716337204
02376,0.0,0.0,0.0256410259753465,0.0341880358755588,0.0,0.0
02377,0.0,0.0408163256943225,0.0408163256943225,0.0204081628471612,0.0,0.0
02378,0.0,0.0,0.0,0.0,0.25,0.0
02379,0.5,0.5,0.0,0.0,0.0,0.0
02380,0.0,0.0,0.2222222238779068,0.0,0.1111111119389534,0.0
02381,0.0,0.2000000029802322,0.0,0.0,0.4000000059604645,0.6000000238418579
02382,0.5,0.0,0.0,0.0,0.0,0.0
02383,0.0,1.0,0.0,0.0,0.0,0.0
02384,0.0,0.0,0.0,0.0,1.0,0.0
02385,0.0,0.8333333134651184,0.0,0.0,0.1666666716337204,0.0
02386,0.0,0.0,0.0,0.0,0.5,1.0
02387,0.5,0.0,0.0,0.0,0.5,0.5
02388,0.3333333432674408,0.5,0.0,0.0,0.0,0.0
02389,0.1666666716337204,0.0,0.0,0.0,0.0,0.0
02390,0.0,0.2000000029802322,0.0,0.2000000029802322,0.0,0.0
02391,0.0,0.0,0.0,0.0,0.0,0.5
02392,0.0,0.0,0.25,0.0,0.25,0.25
02393,0.0,0.2000000029802322,0.0,0.0,0.0,0.0
02394,0.0,0.0,0.5,0.0,0.0,0.0
02395,0.5,0.0,0.0,0.0,0.0,0.0
02396,0.0,0.0,0.0,0.0,0.0,0.5
02397,0.3333333432674408,0.0,0.0,0.0,0.0,0.0
02398,0.0,0.0,0.0,0.0,0.5,0.5
02399,0.5,0.0,0.0,0.0,0.5,0.0
02400,0.0,0.0,0.5,0.0,0.0,0.0
02401,0.0,0.0,0.5,0.0,0.0,0.0
02402,0.0,0.0,0.5,0.0,0.0,0.0
02403,0.0,0.0090090092271566,0.0720720738172531,0.0,0.0090090092271566,0.0
02404,0.5,0.25,0.0,0.0,0.25,0.25
02405,0.5,0.5,0.5,0.0,0.0,0.0
02406,0.5,0.5,0.0,0.0,0.0,0.0
02407,0.25,0.0,0.0,0.0,0.0,0.0
02408,0.0080000003799796,0.0399999991059303,0.1360000073909759,0.0080000003799796,0.1599999964237213,0.0
02409,0.5,0.0,0.0,0.0,0.5,0.0
02410,0.0,0.5,0.0,0.0,0.0,0.0
02411,0.5,0.0,0.0,0.0,0.0,0.0
02412,0.1428571492433548,0.0,0.0,0.0,0.0,0.2857142984867096
02413,0.0,0.0,0.5,0.0,0.5,1.0
02414,0.0,0.0,0.5,0.0,0.0,0.0
02415,0.5,0.0,0.0,0.0,0.0,0.0
02416,0.0,0.0,0.0,0.0,0.0,0.5
02417,0.0,0.0,0.0,0.0,0.5,0.0
02418,0.0,0.0,0.5,0.0,0.0,0.0
02419,0.0,0.0,0.2857142984867096,0.0,0.0,0.0
02420,0.0,0.6666666865348816,0.0,0.0,0.3333333432674408,0.0
02421,0.3333333432674408,0.0,0.0,0.0,0.0,0.0
02422,0.3333333432674408,0.3333333432674408,0.0,0.0,0.0,0.0
02423,0.2000000029802322,0.0,0.0,0.0,0.0,0.0
02424,0.1666666716337204,0.0,0.0,0.0,0.3333333432674408,0.3333333432674408
02425,0.0,0.5,0.0,0.0,0.0,0.0
02426,0.0,0.0,0.5,0.0,0.0,0.0
02427,0.3333333432674408,0.0,0.3333333432674408,0.0,0.0,0.0
02428,0.5,0.5,0.5,0.0,0.0,0.0
02429,0.0,0.25,0.0,0.0,0.0,0.0
02430,0.0,0.0,0.0,0.0,1.0,0.0
02431,0.0,0.5,0.0,0.0,0.0,0.0
02432,0.0,0.0,0.0,0.0,0.25,0.25
02433,0.0,0.0,0.0,0.0,0.3333333432674408,0.0
02434,0.1009174287319183,0.0091743115335702,0.027522936463356,0.0,0.082568809390068,0.027522936463356
02435,0.1666666716337204,0.0,0.0,0.0,0.0,0.1666666716337204
02436,0.125,0.0390625,0.0234375,0.0,0.0546875,0.1015625
02437,0.0,0.625,0.0,0.0,0.25,0.125
02438,0.5,0.0,0.0,0.0,0.0,0.0
02439,0.5,0.0,0.0,0.0,0.0,0.0
02440,0.6666666865348816,0.3333333432674408,0.0,0.0,0.0,0.0
02441,0.25,0.0,0.0,0.0,0.5,0.0
02442,0.0,0.0,0.0,0.0,0.3333333333333333,0.3333333333333333
02443,0.5,0.0,0.0,0.5,0.0,0.0
02444,0.5,0.0,0.0,0.0,0.0,0.0
02445,0.3333333432674408,0.0,0.0,0.0,0.0,0.0
02446,0.0,0.0,0.2000000029802322,0.0,0.0,0.0
02447,0.5,0.0,0.0,0.0,0.0,0.0
02448,0.3333333432674408,0.0,0.0,0.0,0.0,0.3333333432674408
02449,0.0172413792461156,0.0172413792461156,0.0258620698004961,0.0,0.0517241396009922,0.0
02450,0.0,0.0,0.0,0.3333333333333333,0.0,0.0
02451,0.0,0.0,0.0,0.0,0.5,0.0
02452,0.5,0.0,0.0,0.0,0.0,0.0
02453,0.3333333432674408,0.0,0.0,0.0,0.0,0.0
02454,0.5,0.0,0.0,0.0,0.0,1.0
02455,0.0,0.0,0.5,0.0,0.0,0.0
02456,0.0,0.5,0.0,0.0,0.5,0.5
02457,0.5,0.0,0.0,0.0,0.0,0.0
02458,0.5,0.0,0.25,0.0,0.25,0.5
02459,0.5,0.0,0.0,0.0,0.5,0.5
02460,0.3333333432674408,0.0,0.0,0.0,0.3333333432674408,0.3333333432674408
02461,0.0,0.0,0.0,0.0,0.3333333432674408,0.0
02462,0.0,0.0,0.0,0.0,0.5,0.5
02463,0.0080000003799796,0.0399999991059303,0.1360000073909759,0.0080000003799796,0.1599999964237213,0.0
02464,0.0,0.0,0.5,0.0,0.0,0.0
02465,0.5,0.0,0.0,0.0,0.0,0.0
02466,0.0,0.5,0.0,0.0,0.0,0.5
02467,0.0,0.1636363565921783,0.036363635212183,0.0272727273404598,0.0818181782960891,0.0909090936183929
02468,0.0,0.5,0.0,0.0,0.0,0.0
02469,0.5,0.0,0.0,0.0,0.5,0.25
02470,0.5,1.0,0.0,0.0,0.0,0.5
02471,0.0,0.4000000059604645,0.0,0.0,0.0,0.2000000029802322
02472,0.0,0.0,0.3333333432674408,0.0,0.0,0.0
02473,0.0,0.5,0.0,0.0,0.0,0.0
02474,0.0,0.25,0.0,0.0,0.0,0.0
02475,0.5,0.0,0.5,0.0,0.0,0.0
02476,0.6666666666666666,0.0,0.0,0.0,0.0,0.0
02477,0.0,0.0,0.1428571492433548,0.0,0.0,0.0
02478,0.3333333432674408,0.0,0.0,0.0,0.3333333432674408,0.0
02479,0.0,0.0,0.5714285969734192,0.0,0.1428571492433548,0.0
02480,0.0,0.1666666716337204,0.1666666716337204,0.0,0.0,0.0
02481,0.0,0.0,0.0,0.0,0.5,0.0
02482,0.25,0.0,0.0,0.0,0.0,0.0
02483,0.3333333432674408,0.0,0.0,0.0,0.0,0.0
02484,0.0,0.0,0.0,0.0948275849223136,0.0,0.0
02485,1.0,0.0,0.0,0.0,0.0,0.0
02486,0.5,0.0,0.0,0.0,0.0,0.0
02487,0.0,0.0,0.0,0.0,0.6666666865348816,0.0
02488,0.0,1.0,0.0,0.0,0.0,0.0
02489,0.5,0.0,0.5,0.0,0.0,0.0
02490,0.5,0.0,0.0,0.0,0.0,0.0
02491,0.0,0.0,0.0,0.0,0.5,0.0
02492,0.2000000029802322,0.2000000029802322,0.0,0.0,0.0,0.2000000029802322
02493,0.0,0.0091743115335702,0.0183486230671405,0.0091743115335702,0.0,0.0
02494,0.0,0.0090090092271566,0.0720720738172531,0.0,0.0090090092271566,0.0
02495,0.5,0.5,0.0,0.0,0.0,0.0
02496,0.5,0.0,0.0,0.0,0.5,0.0
02497,0.0,0.0,0.0,0.0,1.0,0.0
02498,0.25,0.0,0.0,0.0,0.0,0.75
02499,0.0,0.0091743115335702,0.0183486230671405,0.0091743115335702,0.0,0.0
02500,0.1428571492433548,0.0,0.0,0.0,0.0,0.0
02501,0.5,0.0,0.0,0.0,0.0,0.0
02502,0.0,0.3333333432674408,0.0,0.0,0.3333333432674408,0.0
02503,0.0,0.3333333432674408,0.0,0.0,0.0,0.0
02504,0.0,0.0,0.0,0.0,0.5,0.0
02505,0.0,0.5,0.0,0.0,0.0,0.0
02506,0.5,0.0,0.0,0.0,0.0,0.3333333432674408
02507,0.0,0.875,0.0,0.0,0.0,0.0
02508,0.0,0.6666666865348816,0.0,0.0,0.3333333432674408,0.0
02509,0.0,0.1666666716337204,0.1666666716337204,0.0,0.3333333432674408,0.0
02510,0.0,0.3333333432674408,0.0,0.0,0.0,0.0
02511,0.0,0.875,0.0,0.0,0.0,0.0
02512,0.0,0.5,0.0,0.0,0.0,0.0
02513,0.5,0.0,0.0,0.0,0.0,0.5
02514,0.5,0.0,0.0,0.0,0.0,0.0
02515,0.0,0.0,0.0,0.5,0.0,0.0
02516,0.0,0.5,0.0,0.0,0.0,0.5
02517,0.3333333333333333,0.0,0.0,0.0,0.0,0.0
02518,0.0,0.1666666716337204,0.0,0.0,0.0,0.0
02519,0.0,0.0,0.0,0.0,0.0,0.5
02520,0.0,0.2,0.0,0.0,0.0,0.0
02521,0.2000000029802322,0.2000000029802322,0.0,0.0,0.0,0.4000000059604645
02522,0.0,0.0,0.0,0.0,0.3333333432674408,0.0
02523,0.0,0.0,0.0,0.0,0.5,0.0
02524,0.0,0.0,0.0,0.0,0.5,0.0
02525,0.0,0.0,0.5,0.0,0.0,0.0
02526,0.0080000003799796,0.0399999991059303,0.1360000073909759,0.0080000003799796,0.1599999964237213,0.0
02527,0.0,0.0090090092271566,0.0720720738172531,0.0,0.0090090092271566,0.0
02528,0.5,0.0,0.0,0.0,0.0,0.0
02529,0.3333333432674408,0.0,0.0,0.0,0.0,0.2222222238779068
02530,0.0,0.0,0.0,0.0,0.3333333432674408,0.1666666716337204
02531,0.0,0.0,0.0,0.0,0.3333333432674408,0.0
02532,0.5,0.0,0.5,0.0,0.0,0.0
02533,0.0,0.0,0.5,0.0,0.0,0.0
02534,0.0,0.3333333432674408,0.0,0.0,0.0,0.0
02535,0.0,1.0,0.0,0.0,0.0,0.0
02536,0.0,0.0,0.0,0.0,0.3333333432674408,0.6666666865348816
02537,0.0,0.5,0.5,0.0,0.0,0.0
02538,0.0,0.0,0.5,0.0,0.0,0.0
02539,0.6666666666666666,0.0,0.0,0.0,0.0,0.0
02540,0.0366972461342811,0.1467889845371246,0.027522936463356,0.0,0.2385321110486984,0.0183486230671405
02541,0.4000000059604645,0.0,0.0,0.0,0.6000000238418579,0.4000000059604645
02542,0.0,0.0,0.5,0.0,0.0,0.0
02543,0.0,0.0,0.3333333432674408,0.0,0.0,0.0
02544,0.5,0.0,0.0,0.5,0.0,0.0
02545,0.0,0.0,0.0,0.0,0.3333333333333333,0.0
02546,0.5,0.5,0.5,0.0,0.0,0.0
02547,0.0,0.6666666865348816,0.0,0.0,0.0,0.3333333432674408
02548,0.3333333432674408,0.0,0.0,0.0,0.3333333432674408,0.0
02549,0.0,0.0090090092271566,0.0720720738172531,0.0,0.0090090092271566,0.0
02550,0.5,0.0,0.0,0.0,0.0,0.0
02551,0.2857142984867096,0.2857142984867096,0.0,0.0,0.5714285969734192,0.4285714328289032
02552,0.0,0.0,0.0,0.0,0.5,0.0
02553,0.4285714328289032,0.0,0.0,0.0,0.0,0.0
02554,0.5,0.0,0.0,0.0,0.0,0.5
02555,0.0,0.0,0.0,0.0,0.6666666865348816,0.3333333432674408
02556,0.0,0.0,0.0,0.5,0.0,0.0
02557,0.0,0.6666666865348816,0.3333333432674408,0.0,0.3333333432674408,0.3333333432674408
02558,0.25,0.0,0.0,0.0,0.0,0.0
02559,0.5,0.0,0.0,0.0,0.0,0.0
02560,0.5,0.0,0.0,0.0,0.0,0.0
02561,0.125,0.0390625,0.0234375,0.0,0.0546875,0.1015625
02562,0.0,0.25,0.0,0.0,0.0,0.0
02563,0.5,0.0,0.0,0.0,0.0,0.0
02564,0.0,0.0089285718277096,0.0357142873108387,0.0089285718277096,0.0089285718277096,0.0
02565,0.5714285969734192,0.0,0.0,0.0,0.0,0.1428571492433548
02566,0.5,0.5,0.0,0.0,0.5,0.0
02567,0.0,0.5,0.0,0.0,0.0,0.0
02568,0.1538461595773697,0.0598290599882602,0.0085470089688897,0.0,0.0683760717511177,0.0256410259753465
02569,0.0,0.0,0.0,0.0,0.0,0.5
02570,0.0,0.0,0.0,0.0,0.125,0.0
02571,0.5,0.0,0.0,0.0,0.5,0.0
02572,0.0,0.0,0.0,0.0,0.5,0.0
02573,0.0,0.0,0.0,0.0,0.5,0.0
02574,0.2000000029802322,0.0,0.2000000029802322,0.0,0.0,0.0
02575,0.0,0.0,0.0,0.0948275849223136,0.0,0.0
02576,0.5,0.0,0.0,0.0,0.0,0.0
02577,0.0,0.0,0.0,0.3333333333333333,0.0,0.0
02578,0.0,0.0,0.0,0.0,0.0,0.25
02579,0.0,0.0,0.0,0.0,0.3333333432674408,0.0
02580,0.0,0.0,0.0,0.5714285969734192,0.0,0.0
02581,0.0,0.0,0.3333333333333333,0.0,0.0,0.0
02582,0.0,0.5,0.0,0.0,0.0,0.0
02583,0.5,0.0,0.0,0.0,0.0,0.0
02584,0.5,0.0,0.0,0.0,0.5,0.0
02585,0.5,0.0,0.5,0.0,0.0,0.0
02586,0.0,0.0,0.0,0.0,0.5,0.0
02587,0.0,0.1428571492433548,0.0,0.0,0.0,0.0
02588,0.5,0.0,0.0,0.0,0.0,0.0
02589,0.4642857015132904,0.1607142835855484,0.0,0.0,0.2857142984867096,0.3392857015132904
02590,0.5,0.0,0.5,0.0,0.0,0.0
02591,0.5,0.0,0.0,0.0,0.0,0.0
02592,0.0,0.0,0.0,0.0,0.75,0.5
02593,0.0,0.0,0.0,0.0,0.0,0.5
02594,0.5,0.0,0.0,0.0,0.0,0.0
02595,0.0,0.0,0.5,0.0,0.0,0.0
02596,0.0,0.0,0.0,0.0,0.5,0.0
02597,0.5,0.0,0.0,0.0,0.0,0.5
02598,0.0,0.0,0.3333333333333333,0.0,0.0,0.0
02599,0.0,0.5,0.0,0.0,1.0,0.0
02600,0.0,0.0,0.0,0.0,0.5,0.0
02601,0.0,0.2000000029802322,0.0,0.0,0.0,0.2000000029802322
02602,0.0,0.5,0.0,0.0,0.0,0.0
02603,0.3333333432674408,0.3333333432674408,0.3333333432674408,0.0,0.0,0.0
02604,0.0,0.1666666716337204,0.0,0.0,0.0,0.0
02605,1.0,0.0,0.0,0.0,1.0,0.0
02606,0.0,0.0408163256943225,0.0408163256943225,0.0204081628471612,0.0,0.0
02607,0.3333333432674408,0.3333333432674408,0.0,0.0,0.0,0.0
02608,0.0,0.0,0.5,0.0,0.0,0.0
02609,0.0,0.0,0.0,0.5,0.0,0.0
02610,0.0,0.25,0.0,0.0,0.5,0.25
02611,0.0,0.0,0.0,0.5,0.0,0.0
02612,0.3333333432674408,0.0,0.0,0.0,0.3333333432674408,0.3333333432674408
02613,0.0,0.5,0.0,0.0,0.0,0.0
02614,0.2857142984867096,0.0,0.0,0.0,0.2857142984867096,0.1428571492433548
02615,0.5,0.0,0.0,0.5,0.0,0.0
02616,0.3333333432674408,0.3333333432674408,0.0,0.0,0.0,0.0
02617,0.0,0.0089285718277096,0.0357142873108387,0.0089285718277096,0.0089285718277096,0.0
02618,0.0,0.0,0.0,0.0948275849223136,0.0,0.0
02619,0.0,0.0,0.25,0.0,0.0,0.0
02620,0.0,0.0,0.0,0.0,0.3333333432674408,0.6666666865348816
02621,0.0,0.0,0.5,0.0,0.0,0.0
02622,0.0,0.2000000029802322,0.2000000029802322,0.0,0.0,0.2000000029802322
02623,0.0,0.2222222238779068,0.1111111119389534,0.0,0.1111111119389534,0.2222222238779068
02624,0.0,0.0270270276814699,0.0540540553629398,0.0,0.0810810774564743,0.1351351290941238
02625,0.0,0.0,0.3333333432674408,0.0,0.0,0.0
02626,0.1538461595773697,0.0598290599882602,0.0085470089688897,0.0,0.0683760717511177,0.0256410259753465
02627,0.3333333432674408,0.0,0.0,0.0,0.0,0.0
02628,0.6666666865348816,0.0,0.0,0.0,0.0,0.3333333432674408
02629,0.5,0.0,0.0,0.0,0.5,0.0
02630,0.5,0.5,0.0,0.0,0.0,0.0
02631,0.5,0.0,0.5,0.0,0.5,0.0
02632,0.0,0.5,0.0,0.0,0.0,0.0
02633,0.0366972461342811,0.1467889845371246,0.027522936463356,0.0,0.2385321110486984,0.0183486230671405
02634,0.0,0.0,0.0256410259753465,0.0341880358755588,0.0,0.0
02635,0.3333333432674408,0.3333333432674408,0.3333333432674408,0.0,0.0,1.0
02636,0.5,0.0,0.0,0.5,0.0,0.0
02637,0.0,0.0,0.0,0.0,0.3333333432674408,0.0
02638,0.5,0.0,0.0,0.0,0.5,0.5
02639,0.5,0.0,0.0,0.0,0.0,0.0
02640,0.0,0.0,0.0,0.0,0.5,0.5
02641,0.0291970800608396,0.0291970800608396,0.0656934306025505,0.0,0.0948905125260353,0.0510948896408081
02642,0.0,0.0,0.5,0.0,0.0,0.0
02643,0.0,0.0,0.2000000029802322,0.0,0.2000000029802322,0.0
02644,0.5,0.0,0.0,0.0,0.5,0.5
02645,0.0,0.5,0.0,0.0,0.0,0.0
02646,0.4642857015132904,0.1607142835855484,0.0,0.0,0.2857142984867096,0.3392857015132904
02647,0.5,0.0,0.5,0.0,0.5,0.5
02648,0.5,0.5,0.0,0.0,0.5,0.0
02649,0.0,0.5,0.0,0.0,0.0,0.0
02650,0.3333333432674408,0.0,0.0,0.0,0.3333333432674408,0.0
02651,0.0,0.5,0.0,0.0,0.0,0.0
02652,0.0,0.0,0.0,0.5,0.0,0.0
02653,0.25,0.0,0.0,0.0,0.25,0.0
02654,0.0,0.0,0.0,0.0,0.6666666865348816,0.6666666865348816
02655,0.2000000029802322,0.0,0.0,0.0,0.0,0.0
02656,0.0,0.0,0.0,0.0,0.3333333432674408,0.0
02657,0.3333333432674408,0.0,0.0,0.0,0.0,0.0
02658,1.0,0.0,0.0,0.0,0.0,0.0
02659,1.0,0.0,0.0,0.0,0.0,0.0
02660,0.0,0.0,0.6666666865348816,0.0,0.0,0.0
02661,0.6315789222717285,0.0526315793395042,0.0263157896697521,0.0,0.0,0.0526315793395042
02662,0.0,0.0,0.3333333432674408,0.0,0.0,0.0
02663,0.3333333432674408,0.3333333432674408,0.0,0.0,0.6666666865348816,0.3333333432674408
02664,0.0,0.5,0.0,0.0,0.0,0.0
02665,0.0,0.0,0.5,0.0,0.0,0.0
02666,0.0,0.6666666865348816,0.0,0.0,0.3333333432674408,0.6666666865348816
02667,0.4000000059604645,0.0,0.0,0.0,0.2000000029802322,0.4000000059604645
02668,0.0,0.0,0.0,0.0,0.5,0.0
02669,0.0,0.25,0.0,0.0,0.25,0.0
02670,0.0,0.2000000029802322,0.2000000029802322,0.0,0.2000000029802322,0.0
02671,0.5,0.0,0.0,0.0,0.5,0.5
02672,0.0,0.5,0.0,0.0,0.5,0.0
02673,0.5,0.0,0.0,0.0,0.0,0.0
02674,0.3333333432674408,0.3333333432674408,0.0,0.0,0.3333333432674408,0.0
02675,0.0,0.0,0.5,0.0,0.0,0.5
02676,0.0,0.3333333432674408,0.0,0.0,0.0,0.0
02677,0.3333333432674408,0.0,0.0,0.0,0.0,0.0
02678,0.0285714287310838,0.0,0.0571428574621677,0.0285714287310838,0.0,0.0
02679,0.0,0.0,0.0,0.0,0.5,0.5
02680,0.5,0.0,0.5,0.0,0.0,0.0
02681,0.0,0.0,0.0,0.0,0.0,0.3333333333333333
02682,0.0,0.0,0.0,0.0,0.3333333432674408,0.0
02683,0.0,0.1636363565921783,0.036363635212183,0.0272727273404598,0.0818181782960891,0.0909090936183929
02684,0.5,0.0,0.0,0.0,0.0,0.0
02685,0.3333333432674408,0.3333333432674408,0.0,0.0,0.0,0.3333333432674408
02686,0.0,0.5,0.0,0.0,0.0,0.0
02687,0.0,0.0,0.3333333333333333,0.0,0.0,0.0
02688,0.0,0.5,0.0,0.0,0.0,0.0
02689,1.0,0.0,0.0,0.0,0.0,0.0
02690,0.5,0.0,0.0,0.0,0.0,0.0
02691,0.0088495574891567,0.0,0.3185840845108032,0.0,0.0,0.0
02692,0.0,0.0,0.3333333432674408,0.0,0.0,0.0
02693,0.5,0.0,0.0,0.0,0.5,0.0
02694,0.5,0.0,0.0,0.0,0.5,0.0
02695,0.4444444477558136,0.0,0.0,0.0,0.0,0.1111111119389534
02696,0.1428571492433548,0.0,0.0,0.0,0.1428571492433548,0.1428571492433548
02697,0.0,0.5,0.0,0.0,0.5,0.0
02698,0.0,0.0,0.25,0.0,0.0,0.0
02699,0.6666666865348816,0.0,0.0,0.0,0.3333333432674408,0.3333333432674408
02700,0.0,0.5,0.0,0.0,0.0,0.0
02701,0.5,0.0,0.0,0.0,0.0,0.0
02702,0.0,0.2,0.0,0.0,0.0,0.0
02703,0.5,0.0,0.0,0.5,0.0,0.0
02704,0.0,0.0,0.0,0.5,0.0,0.0
02705,0.0080000003799796,0.0399999991059303,0.1360000073909759,0.0080000003799796,0.1599999964237213,0.0
02706,0.5,0.0,0.0,0.0,1.0,0.0
02707,0.0,0.3333333432674408,0.0,0.0,0.0,0.0
02708,0.0,0.3333333432674408,0.0,0.0,0.0,0.0
02709,0.0,0.0,0.0,0.0,1.0,0.5
02710,0.0,0.0,0.0,0.0,0.5,0.0
02711,0.0,0.3333333432674408,0.0,0.0,0.0,0.0
02712,0.1666666716337204,0.0,0.0,0.0,0.0,0.0
02713,0.0,0.0,0.0,0.0,0.5,0.5
02714,0.5,0.0,0.0,0.0,0.0,0.0
02715,0.0,0.0,0.0,0.0,0.0,0.3333333432674408
02716,0.3333333432674408,0.0,0.3333333432674408,0.0,0.0,0.0
02717,0.5,0.0,0.0,0.0,0.0,0.0
02718,0.1666666716337204,0.0,0.0,0.0,0.0,0.1666666716337204
02719,0.1666666716337204,0.1666666716337204,0.0,0.0,0.0,0.0
02720,0.0,0.0,0.3333333432674408,0.0,0.3333333432674408,0.0
02721,0.0,0.0,0.0,0.0,0.5,0.0
02722,0.5,0.0,0.0,0.0,0.0,0.0
02723,0.0,0.0,0.0,0.0,0.0,0.5
02724,0.0,0.0,0.0,0.0,0.5,0.0
02725,0.0,1.0,0.0,0.0,0.0,0.0
02726,1.0,0.0,0.0,0.0,0.0,0.5
02727,0.5,0.0,0.0,0.0,0.0,0.5
02728,0.0,0.5,0.0,0.0,0.0,0.0
02729,0.3333333333333333,0.0,0.3333333333333333,0.0,0.0,0.0
02730,0.5,0.0,0.0,0.0,0.5,0.0
02731,0.0,0.0,0.25,0.0,0.0,0.25
02732,0.0,0.4000000059604645,0.0,0.0,0.0,0.2000000029802322
02733,0.0,0.0,0.5,0.0,0.0,0.0
02734,0.25,0.0,0.0,0.0,0.0,0.5
02735,0.0,0.0,0.5,0.0,0.0,0.0
02736,0.0,0.5,0.0,0.0,0.5,0.0
02737,0.5,0.0,0.0,0.0,0.0,0.0
02738,0.0,0.0,0.125,0.0,0.0,0.0
02739,0.2000000029802322,0.0,0.0,0.0,0.0,0.0
02740,0.0,0.0,0.2000000029802322,0.0,0.0,0.0
02741,0.125,0.5,0.0,0.0,0.125,0.5
02742,0.0,0.0,0.1395348906517028,0.0232558138668537,0.0,0.0
02743,0.0,0.0,0.25,0.0,0.0,0.0
02744,0.5,0.0,0.0,0.0,0.5,0.0
02745,0.1428571492433548,0.1428571492433548,0.1428571492433548,0.0,0.2857142984867096,0.1428571492433548
02746,0.5,0.0,0.0,0.5,0.0,0.0
02747,0.0,0.0,0.0,0.0,0.5,0.3333333432674408
02748,0.0,0.0,0.0,0.5,0.0,0.0
02749,0.0,0.2000000029802322,0.0,0.0,0.0,0.2000000029802322
02750,0.0,0.0,0.0,0.5,0.0,0.0
02751,0.0,1.0,0.0,0.0,0.0,0.0
02752,0.0,0.0,0.1025641039013862,0.0170940179377794,0.0085470089688897,0.0
02753,0.125,0.0390625,0.0234375,0.0,0.0546875,0.1015625
02754,0.125,0.0390625,0.0234375,0.0,0.0546875,0.1015625
02755,0.0,0.0,0.0,0.0,0.0,0.1428571492433548
02756,0.0,0.2000000029802322,0.0,0.0,0.0,0.2000000029802322
02757,0.0,0.0,0.0,0.1428571492433548,0.0,0.0
02758,0.5,0.0,0.0,0.0,0.5,0.0
02759,0.0,0.5,0.0,0.0,0.0,0.0
02760,0.5,0.0,0.0,0.0,0.0,0.0
02761,0.0088495574891567,0.0,0.3185840845108032,0.0,0.0,0.0
02762,0.125,0.0390625,0.0234375,0.0,0.0546875,0.1015625
02763,0.3333333432674408,0.0,0.0,0.0,0.0,0.0
02764,0.2093023210763931,0.0465116277337074,0.1162790730595588,0.0,0.302325576543808,0.2790697813034057
02765,0.0,0.0,0.1666666716337204,0.0,0.0,0.0
02766,0.5,0.0,0.0,0.5,0.0,0.0
02767,0.0,0.0,0.0,0.0,0.5,0.5
02768,0.1428571492433548,0.1428571492433548,0.4285714328289032,0.0,0.0,0.0
02769,0.3333333432674408,0.0,0.0,0.0,0.0,0.0
02770,0.0,0.0,0.0,0.0,0.0,0.5
02771,0.0,0.5,0.0,0.0,0.0,0.5
02772,0.0,0.0,0.5,0.0,0.0,0.0
02773,0.0,0.0,0.25,0.0,0.0,0.25
02774,0.0,0.75,0.0,0.0,0.0,0.25
02775,0.5,0.5,0.5,0.0,0.0,0.0
02776,0.0,0.0,0.0,0.0,0.0,0.5
02777,0.1666666716337204,0.0,0.0,0.0,0.1666666716337204,0.0
02778,1.0,0.0,0.5,0.0,0.0,0.0
02779,0.25,0.25,0.0,0.0,0.0,0.25
02780,0.0243902429938316,0.0243902429938316,0.0487804859876632,0.0243902429938316,0.0243902429938316,0.0
02781,0.5,0.0,0.0,0.0,0.0,0.0
02782,0.0,0.0,0.0,0.2000000029802322,0.0,0.0
02783,0.0,0.3333333432674408,0.0,0.0,0.0,0.0
02784,0.2477064281702041,0.0091743115335702,0.027522936463356,0.0091743115335702,0.0183486230671405,0.0091743115335702
02785,0.0,0.3333333432674408,0.0,0.0,0.0,0.0
02786,0.0,0.0,0.1025641039013862,0.0170940179377794,0.0085470089688897,0.0
02787,0.0,0.0,0.0,0.0,0.0,0.5
02788,0.0,0.0,0.0,0.0,0.3333333432674408,0.0
02789,0.0,0.6666666865348816,0.1666666716337204,0.0,0.0,0.1666666716337204
02790,0.0,0.0,0.1428571492433548,0.0,0.0,0.0
02791,0.0,0.0,0.5714285969734192,0.0,0.0,0.0
02792,0.0,0.0,0.0,0.0,0.25,0.25
02793,0.3333333432674408,0.6666666865348816,0.0,0.0,0.0,0.0
02794,0.0,0.5,0.0,0.0,0.1666666716337204,0.1666666716337204
02795,0.5,0.5,0.0,0.0,0.0,0.0
02796,0.0,0.0,0.0,0.0,0.25,0.0
02797,0.0,0.0,1.0,0.0,0.0,0.0
02798,1.0,0.0,0.0,0.0,0.0,0.0
02799,0.0,0.0,0.4000000059604645,0.0,0.6000000238418579,0.0
02800,0.0,0.0,0.3333333432674408,0.0,0.0,0.3333333432674408
02801,0.0,0.0,0.0,0.0,0.5,0.0
02802,0.0243902429938316,0.0243902429938316,0.0487804859876632,0.0243902429938316,0.0243902429938316,0.0
02803,0.0,0.0,0.5,0.0,0.0,0.0
02804,0.0,0.0,0.5,0.0,0.0,0.0
02805,0.0,0.0,0.0,0.0,0.0,0.3333333432674408
02806,0.0,0.0,1.0,0.0,1.0,0.0
02807,0.0,0.5,0.0,0.0,0.0,0.0
02808,0.0,0.0,0.0,0.0,0.6666666865348816,0.0
02809,0.5,0.0,0.0,0.0,0.0,0.0
02810,0.0,0.1636363565921783,0.036363635212183,0.0272727273404598,0.0818181782960891,0.0909090936183929
02811,0.0,0.2000000029802322,0.0,0.0,0.0,0.2000000029802322
02812,0.0,0.5,0.0,0.0,0.0,0.0
02813,0.0,0.0,0.0,0.0,0.0,1.0
02814,1.0,0.0,0.0,0.0,0.0,0.5
02815,0.0,0.0,0.0,0.3333333333333333,0.0,0.0
02816,1.0,0.0,0.0,0.0,0.0,0.0
02817,0.0172413792461156,0.0172413792461156,0.0258620698004961,0.0,0.0517241396009922,0.0
02818,0.0,0.0,0.5,0.0,0.5,0.0
02819,0.0,0.0,0.2857142984867096,0.0,0.0,0.0
02820,0.2000000029802322,0.2000000029802322,0.0,0.0,0.0,0.0
02821,0.25,0.0,0.0,0.0,0.0,0.0
02822,0.0,0.0,0.0,0.0,0.2000000029802322,0.2000000029802322
02823,0.0,0.3333333432674408,0.3333333432674408,0.0,0.0,0.0
02824,0.1428571492433548,0.2857142984867096,0.0,0.1428571492433548,0.1428571492433548,0.0
02825,0.4000000059604645,0.0,0.0,0.0,0.2000000029802322,0.0
02826,0.25,0.0,0.0,0.0,0.0,0.5
02827,0.5,0.5,0.5,0.0,0.0,0.0
02828,0.0,0.0,0.0,0.0,1.0,0.0
02829,0.0,0.0,0.5,0.0,0.0,0.0
02830,0.0,0.1428571492433548,0.0,0.0,0.2857142984867096,0.2857142984867096
02831,0.0,0.5,0.0,0.0,0.5,0.5
02832,0.0,0.1666666716337204,0.0,0.0,0.0,0.0
02833,0.0,0.5,0.0,0.0,0.5,0.25
02834,0.1666666716337204,0.0,0.1666666716337204,0.0,0.0,0.0
02835,0.5,0.0,0.0,0.0,0.0,0.0
02836,0.0,0.0089285718277096,0.0357142873108387,0.0089285718277096,0.0089285718277096,0.0
02837,0.0,0.5,0.0,0.0,0.0,0.0
02838,0.0,0.5,0.0,0.0,0.0,0.0
02839,0.1666666716337204,0.1666666716337204,0.1666666716337204,0.0,0.1666666716337204,0.0
02840,0.5,0.0,0.0,0.0,0.0,0.5
02841,0.0,0.0089285718277096,0.0357142873108387,0.0089285718277096,0.0089285718277096,0.0
02842,0.0,0.0,0.2222222238779068,0.0,0.0,0.0
02843,0.0,0.0,0.1428571492433548,0.0,0.1428571492433548,0.1428571492433548
02844,0.0,0.0,0.0,0.0,0.5,0.0
02845,0.0,0.5,0.0,0.0,0.5,0.5
02846,0.0,0.0,0.0,0.0948275849223136,0.0,0.0
02847,0.0,0.0,0.5,0.0,0.0,0.0
02848,0.0,0.0,0.2,0.0,0.0,0.0
02849,0.5,0.5,0.0,0.0,0.5,0.0
02850,0.5,0.0,0.0,0.0,0.5,0.5
02851,0.0,0.5,0.0,0.0,0.0,0.0
02852,0.0,0.0,0.3333333432674408,0.0,0.0,0.0
02853,0.16666666666666666,0.0,0.16666666666666666,0.0,0.0,0.0
02854,0.25,0.25,0.0,0.0,0.0,0.5
02855,0.0,0.0,0.25,0.0,0.0,0.0
02856,0.3333333432674408,0.3333333432674408,0.0,0.0,0.3333333432674408,0.3333333432674408
02857,0.0,0.0,0.0,0.0,0.5,0.0
02858,0.0,0.0,0.0,0.0,0.0,0.25
02859,0.0,0.25,0.0,0.0,0.0,0.25
02860,0.25,0.25,0.0,0.0,0.0,0.0
02861,1.0,0.0,0.0,0.0,0.0,0.0
02862,0.25,0.0,0.0,0.0,0.0,0.0
02863,0.0,0.0,0.5,0.0,0.0,0.0
02864,0.5,0.5,0.5,0.0,0.0,0.0
02865,0.5,0.5,0.0,0.0,0.5,0.0
02866,0.0,1.0,0.0,0.0,0.0,0.0
02867,0.0,0.5,0.0,0.0,0.5,0.0
02868,0.3333333432674408,0.0,0.0,0.5,0.0,0.1666666716337204
02869,0.3333333432674408,0.0,0.0,0.0,0.0,0.0
02870,0.5,0.0,0.0,0.0,0.0,0.0
02871,0.0,0.0,0.0,0.0,1.0,0.0
02872,0.5,0.0,0.0,0.0,0.0,0.0
02873,0.5,0.0,0.0,0.0,0.5,0.5
02874,0.5,0.0,0.0,0.0,0.0,0.5
02875,0.0,0.0,0.0,0.0,0.0,0.2000000029802322
02876,0.0,0.3333333432674408,0.0,0.0,0.6666666865348816,0.0
02877,0.0,0.5,0.0,0.0,0.0,0.0
02878,0.0,0.0,0.0,0.0,0.5,0.5
02879,0.0,0.0,0.0,0.0,0.3333333432674408,0.0
02880,0.0,0.0,0.5,0.0,0.0,0.0
02881,0.0,0.0,0.25,0.0,0.0,0.25
02882,0.0,0.0,0.0,0.5,0.0,0.0
02883,0.5,0.0,0.5,0.0,0.0,0.0
02884,0.0,0.0,0.0,0.0,0.0,0.5
02885,0.0,0.0263157896697521,0.1052631586790084,0.078947365283966,0.0526315793395042,0.1315789520740509
02886,0.0,0.0,0.3333333432674408,0.0,0.0,0.0
02887,0.3333333432674408,0.0,0.3333333432674408,0.0,0.0,0.0
02888,0.0088495574891567,0.0,0.3185840845108032,0.0,0.0,0.0
02889,0.3333333432674408,0.0,0.0,0.0,0.0,1.0
02890,0.0,0.5,0.0,0.5,0.0,0.0
02891,1.0,0.0,0.0,0.5,0.0,0.0
02892,0.0,1.0,0.0,0.0,1.0,0.0
02893,0.5,0.0,0.0,0.5,0.0,0.0
02894,0.5,0.0,0.0,0.5,0.0,0.0
02895,0.0,0.0,0.0,0.0,0.6666666865348816,0.3333333432674408
02896,0.125,0.0,0.0,0.0,0.0,0.0
02897,0.2000000029802322,0.2000000029802322,0.0,0.0,0.0,0.2000000029802322
02898,0.5,0.0,0.0,0.0,0.0,0.0
02899,0.0,0.6666666666666666,0.0,0.0,0.0,0.0
02900,0.5,0.0,0.0,0.0,0.0,0.0
02901,0.0,0.0,0.3333333432674408,0.0,0.0,0.0
02902,0.0,0.0,0.0,0.0,1.0,0.0
02903,0.0,0.0,0.5,0.0,0.5,0.5
02904,0.0,0.4000000059604645,0.2000000029802322,0.0,0.0,0.2000000029802322
02905,1.0,0.5,0.0,0.0,0.0,0.0
02906,0.75,0.0,0.0,0.0,0.0,0.0
02907,0.3333333432674408,0.0,0.3333333432674408,0.0,0.3333333432674408,0.0
02908,0.0,0.0,0.4,0.0,0.0,0.0
02909,0.0,0.0,0.0,0.0,0.0,0.5
02910,0.0,0.0,0.5,0.0,0.0,0.0
02911,0.1428571492433548,0.0,0.2857142984867096,0.0,0.1428571492433548,0.1428571492433548
02912,0.5,0.0,0.0,0.0,0.0,1.0
02913,0.0,0.800000011920929,0.0,0.0,0.4000000059604645,0.4000000059604645
02914,0.0,0.5,0.0,0.0,0.0,0.5
02915,0.0,0.0,0.5,0.0,0.0,0.0
02916,0.5,0.0,0.0,0.0,0.0,0.0
02917,0.0,0.5,0.0,0.0,0.25,0.25
02918,0.0,0.0,0.0,0.0,0.5,0.0
02919,0.1351351290941238,0.1351351290941238,0.0,0.0,0.0,0.0540540553629398
02920,1.0,0.0,0.0,0.0,0.0,0.0
02921,0.0,0.0,0.0,0.0948275849223136,0.0,0.0
02922,0.0,0.0,0.5,0.0,0.0,0.0
02923,0.0,0.5,0.5,0.0,0.0,0.0
02924,1.0,0.0,0.0,0.0,0.5,0.0
02925,0.6666666865348816,0.3333333432674408,0.0,0.0,0.0,0.3333333432674408
02926,0.3333333333333333,0.0,0.0,0.0,0.0,0.0
02927,0.3333333432674408,0.0,0.1666666716337204,0.0,0.0,0.0
02928,0.0,0.3333333432674408,0.0,0.0,0.0,0.0
02929,0.0,0.0,0.0,0.0,0.5,0.0
02930,0.0,0.0,0.0,0.0,0.5,0.5
02931,0.5,0.0,0.0,0.0,0.0,0.0
02932,0.5,0.0,0.0,0.0,0.0,0.0
02933,0.3333333432674408,0.3333333432674408,0.0,0.0,0.0,0.0
02934,0.6666666865348816,0.0,0.0,0.0,0.0,0.0
02935,0.0,0.0,0.0,0.0,0.5,0.0
02936,0.0,0.0,0.1428571492433548,0.0,0.0,0.0
02937,0.0,0.0,0.2000000029802322,0.0,0.0,0.0
02938,0.0,0.0,0.1428571492433548,0.0,0.0,0.0
02939,0.045045044273138,0.0180180184543132,0.0630630627274513,0.0,0.0,0.0270270276814699
02940,0.0,0.0,0.0,0.0,0.5,0.0
02941,0.1666666716337204,0.3333333432674408,0.1666666716337204,0.0,0.1666666716337204,0.5
02942,0.0,0.5,0.0,0.0,0.0,0.0
02943,0.0,0.0,0.0,0.0,0.5,0.5
02944,0.1666666716337204,0.0,0.1666666716337204,0.0,0.0,0.0
02945,0.0,0.25,0.0,0.0,0.0,0.0
02946,0.5,0.0,0.0,0.0,0.0,1.0
02947,0.1111111119389534,0.0222222227603197,0.0444444455206394,0.0222222227603197,0.0,0.0222222227603197
02948,0.5,0.0,0.0,0.0,0.0,0.0
02949,0.6000000238418579,0.2000000029802322,0.0,0.0,0.2000000029802322,0.2000000029802322
02950,0.0080000003799796,0.0399999991059303,0.1360000073909759,0.0080000003799796,0.1599999964237213,0.0
02951,0.5,0.0,0.0,0.0,0.0,1.0
02952,0.5,0.0,0.0,0.0,0.5,0.0
02953,0.5,0.0,0.0,0.0,0.0,0.0
02954,0.0,0.6666666865348816,0.0,0.0,0.1666666716337204,0.0
02955,0.0,0.0091743115335702,0.0183486230671405,0.0091743115335702,0.0,0.0
02956,0.1428571492433548,0.0,0.2857142984867096,0.0,0.0,0.0
02957,0.125,0.0390625,0.0234375,0.0,0.0546875,0.1015625
02958,0.5,0.0,0.0,0.0,0.0,0.5
02959,0.0,0.0,0.0,0.0,0.5,0.0
02960,0.0,0.3333333432674408,0.0,0.0,0.1666666716337204,0.1666666716337204
02961,0.2000000029802322,0.2000000029802322,0.0,0.0,0.2000000029802322,0.4000000059604645
02962,0.5,0.0,0.0,0.0,0.0,0.0
02963,0.0,0.0,0.5,0.0,1.0,0.0
02964,0.5,0.0,0.0,0.0,0.5,0.0
02965,0.0,0.0,0.0,0.0,0.0,0.2000000029802322
02966,0.0,0.2000000029802322,0.2000000029802322,0.0,0.2000000029802322,0.4000000059604645
02967,0.2000000029802322,0.2000000029802322,0.0,0.0,0.0,0.2000000029802322
02968,0.0,0.1636363565921783,0.036363635212183,0.0272727273404598,0.0818181782960891,0.0909090936183929
02969,0.0,0.0183486230671405,0.0458715595304966,0.0,0.2201834917068481,0.1009174287319183
02970,0.0,0.0,0.0,0.0,0.5,1.0
02971,0.25,0.25,0.0,0.0,0.0,0.0
02972,0.0,0.0,0.0,0.0,0.3333333432674408,0.0
02973,0.0,0.0,0.5,0.0,0.0,0.0
02974,0.0,0.5,0.0,0.0,0.0,0.0
02975,0.0,0.3333333432674408,0.0,0.0,0.3333333432674408,0.0
02976,0.0,0.0,0.0,0.0,1.0,0.5
02977,0.3333333432674408,0.0,0.0,0.0,0.0,0.0
02978,0.5,0.0,0.0,0.0,0.5,0.0
02979,1.0,0.0,0.0,0.0,0.0,0.0
02980,0.5,0.0,0.0,0.0,0.0,1.0
02981,0.5,0.0,0.0,0.0,0.25,0.0
02982,1.0,0.0,0.0,0.0,0.0,0.0
02983,0.0,0.0,0.0,0.0,0.5,0.0
02984,0.5,0.0,0.0,0.0,0.5,0.5
02985,0.5,0.0,0.0,0.0,0.5,0.0
02986,0.0,0.0,0.25,0.0,0.0,0.0
02987,0.0,0.0,0.1111111119389534,0.0,0.0,0.0
02988,0.3333333432674408,0.0,0.3333333432674408,0.0,0.0,0.0
02989,0.0,0.0,0.1025641039013862,0.0170940179377794,0.0085470089688897,0.0
02990,0.0,0.0,0.0256410259753465,0.0341880358755588,0.0,0.0
02991,0.0,0.0,0.0,0.0,0.5,0.0
02992,0.0,0.0,1.0,0.0,0.0,0.0
02993,0.0,0.5,0.0,0.0,0.0,0.0
02994,1.0,0.0,0.0,0.0,0.0,0.5
02995,0.0,0.0,0.0,0.0,0.0,0.5
02996,0.0,0.0,0.5,0.0,0.0,0.0
02997,0.0,0.0091743115335702,0.0183486230671405,0.0091743115335702,0.0,0.0
02998,0.0,0.5,0.0,0.0,0.0,0.0
02999,0.0,0.0,0.5,0.0,0.0,0.5
03000,0.5,0.0,0.0,0.0,0.0,0.0
03001,0.0,0.5,0.0,0.0,0.0,0.0
03002,0.0,0.0,0.0,0.0,0.5,0.0
03003,0.5,0.5,0.5,0.0,0.0,0.0
03004,0.0,0.0,0.0,0.0,0.5,0.0
03005,0.1666666716337204,0.0,0.0,0.0,0.5,0.3333333432674408
03006,0.0,0.0,0.0,0.0,0.5,0.5
03007,0.0,0.0,0.0,0.5,0.0,0.0
03008,0.0,0.0,0.2857142984867096,0.0,0.0,0.0
03009,0.0,0.0183486230671405,0.0458715595304966,0.0,0.2201834917068481,0.1009174287319183
03010,0.0,0.0,0.1025641039013862,0.0170940179377794,0.0085470089688897,0.0
03011,0.5,0.0,0.0,0.0,0.0,0.0
03012,0.5,0.0,0.0,0.0,0.0,0.0
03013,0.5,0.0,0.5,0.5,0.0,0.0
03014,0.5,0.5,0.5,0.0,0.0,1.0
03015,0.0,0.0,0.0,0.125,0.0,0.0
03016,0.0,0.25,0.0,0.0,0.0,0.0
03017,0.0,1.0,1.0,0.0,0.0,0.0
03018,0.5,0.0,0.0,0.0,0.0,0.0
03019,0.0,0.0,0.0,0.0,0.0,0.5
03020,0.0,1.0,0.0,0.0,0.0,0.0
03021,0.3333333432674408,0.0,0.0,0.0,0.0,0.0
03022,0.1666666716337204,0.0,0.0,0.0,0.0,0.0
03023,0.0,0.0,0.0,0.0,0.5,0.0
03024,0.0,0.4285714328289032,0.0,0.0,0.0,0.2857142984867096
03025,0.3333333432674408,0.3333333432674408,0.0,0.0,0.0,0.3333333432674408
03026,0.0,0.0,1.0,0.0,0.0,0.0
03027,0.1000000014901161,0.0,0.0,0.1000000014901161,0.0,0.0
03028,0.0,0.0,0.0,0.4000000059604645,0.0,0.0
03029,0.0,0.0183486230671405,0.0458715595304966,0.0,0.2201834917068481,0.1009174287319183
03030,0.0,0.0,0.5,0.0,0.0,0.0
03031,0.0,0.0,0.0256410259753465,0.0341880358755588,0.0,0.0
03032,0.0,0.0,0.0,0.0,0.5,0.0
03033,0.3333333432674408,0.3333333432674408,0.0,0.0,0.0,0.0
03034,0.0,0.5,0.5,0.0,0.0,0.0
03035,0.0,0.1636363565921783,0.036363635212183,0.0272727273404598,0.0818181782960891,0.0909090936183929
03036,0.0,0.5,0.0,0.0,0.0,0.0
03037,0.0,0.0,0.25,0.0,0.0,0.0
03038,0.5,0.0,0.0,0.0,0.5,0.0
03039,0.0,0.1666666716337204,0.0,0.0,0.5,0.6666666865348816
03040,0.1666666716337204,0.0,0.0,0.0,0.0,0.0
03041,0.0,0.0,0.0,0.0,1.0,0.5
03042,0.0,0.0,0.5,0.0,0.0,0.0
03043,0.0,0.3333333432674408,0.0,0.0,0.0,0.0
03044,0.0,0.25,0.0,0.0,0.0,0.0
03045,1.0,0.0,0.0,0.0,0.0,0.0
03046,0.1538461595773697,0.0598290599882602,0.0085470089688897,0.0,0.0683760717511177,0.0256410259753465
03047,0.0,0.0,0.0,0.0,0.0,0.5
03048,0.045045044273138,0.0180180184543132,0.0630630627274513,0.0,0.0,0.0270270276814699
03049,0.0,0.0,0.0256410259753465,0.0341880358755588,0.0,0.0
03050,0.0,0.0,1.0,0.0,1.0,0.0
03051,0.5,0.5,0.5,0.0,0.0,0.0
03052,0.0,0.0,0.0,0.0,0.5,0.0
03053,0.25,0.125,0.0,0.0,0.125,0.125
03054,0.5,0.0,0.0,0.0,0.0,0.5
03055,0.5,0.0,0.0,0.0,0.0,0.0
03056,0.0,0.0,0.0,0.0,0.0,0.3333333432674408
03057,0.0,0.0,0.5,0.0,0.0,0.0
03058,0.0,0.0,0.0,0.0277777779847383,0.0,0.0277777779847383
03059,0.5,0.0,0.0,0.0,0.5,0.5
03060,0.0,0.5,0.0,0.0,0.5,1.0
03061,0.0,0.0,0.5,0.0,0.0,0.0
03062,0.5,0.0,0.0,0.5,0.0,0.0
03063,0.0,0.0,0.0,0.0,0.0,0.5
03064,0.5,0.5,0.5,0.0,0.0,0.0
03065,1.0,0.0,0.0,0.0,0.0,0.5
03066,0.0,0.0,0.800000011920929,0.0,0.0,0.0
03067,0.6666666865348816,0.6666666865348816,0.0,0.0,0.3333333432674408,0.0
03068,0.0,0.0090090092271566,0.0720720738172531,0.0,0.0090090092271566,0.0
03069,0.5,0.5,0.0,0.0,0.0,0.0
03070,0.0,0.5,0.0,0.0,0.0,0.5
03071,0.0,0.3333333432674408,0.0,0.0,0.3333333432674408,0.3333333432674408
03072,0.0341880358755588,0.0769230797886848,0.0598290599882602,0.0,0.2905983030796051,0.0940170958638191
03073,0.5,0.5,0.0,0.0,0.0,0.0
03074,0.0,0.0,0.1428571492433548,0.0,0.0,0.0
03075,0.0,0.0,0.3333333432674408,0.0,0.0,0.0
03076,0.3333333432674408,0.0,0.1666666716337204,0.0,0.0,0.0
03077,0.0,0.2000000029802322,0.0,0.0,0.0,0.0
03078,0.0,0.3333333432674408,0.0,0.0,0.0,0.0
03079,0.0,0.0,0.25,0.0,0.25,0.0
03080,0.0,0.5,0.0,0.0,0.0,0.0
03081,0.0,0.6000000238418579,0.0,0.0,0.0,0.0
03082,0.25,0.0,0.0,0.0,0.25,0.0
03083,0.3333333432674408,0.0,0.0,0.0,0.3333333432674408,0.0
03084,0.0,0.0,0.0,0.0,0.5,0.0
03085,0.25,0.0,0.0,0.0,0.0,0.0
03086,0.2477064281702041,0.0091743115335702,0.027522936463356,0.0091743115335702,0.0183486230671405,0.0091743115335702
03087,0.0,0.0,0.0,0.0,0.0,0.3333333432674408
03088,0.0,0.5,0.0,0.0,0.0,0.0
03089,0.0,0.1666666716337204,0.0,0.0,0.0,0.0
03090,0.0857142880558967,0.0,0.0285714287310838,0.0,0.0571428574621677,0.1142857149243354
03091,0.0,0.6666666865348816,0.0,0.0,0.0,0.0
03092,0.0,0.25,0.0,0.0,0.0,0.25
03093,0.0,0.0,0.0,0.0,0.0,1.0
03094,0.6666666865348816,0.0,0.0,0.0,0.0,0.0
03095,0.0,0.0,0.0,0.0,0.0,0.5
03096,0.0080000003799796,0.0399999991059303,0.1360000073909759,0.0080000003799796,0.1599999964237213,0.0
03097,0.0,0.0,0.3333333333333333,0.0,0.0,0.0
03098,0.5,0.0,0.0,0.0,0.0,0.5
03099,0.2000000029802322,0.0,0.0,0.0,0.0,0.0
03100,0.0,0.2000000029802322,0.0,0.0,0.0,0.0
03101,0.0,0.0,0.0,0.3333333333333333,0.0,0.0
03102,0.5,0.0,0.0,0.5,0.0,0.0
03103,0.0,0.0,0.0,0.5,0.0,0.0
03104,0.0,0.0,0.25,0.0,0.0,0.0
03105,0.5,0.0,0.0,0.0,0.0,0.0
03106,0.0,0.3333333432674408,0.0,0.0,0.0,0.0
03107,0.0,0.0,0.5,0.0,0.0,0.0
03108,0.5,0.0,0.0,0.0,0.0,0.0
03109,0.0,0.0089285718277096,0.0357142873108387,0.0089285718277096,0.0089285718277096,0.0
03110,0.0,0.0,0.3333333333333333,0.0,0.0,0.0
03111,0.0,0.0,0.0,0.0,0.5,0.0
03112,0.125,0.0,0.0,0.0,0.0,0.0
03113,0.0,0.0,0.1666666716337204,0.1666666716337204,0.0,0.0
03114,0.0,0.0,0.0,0.0,0.5,0.0
03115,0.5,0.0,0.5,0.5,0.0,0.0
03116,0.3333333333333333,0.0,0.0,0.0,0.0,0.0
03117,0.5,0.0,0.0,0.0,0.0,0.5
03118,0.5,0.0,0.0,0.0,0.0,0.5
03119,0.0,1.0,0.0,0.0,0.0,0.0
03120,0.0,0.0,0.0,0.0,0.5,0.0
03121,0.0,0.0263157896697521,0.1052631586790084,0.078947365283966,0.0526315793395042,0.1315789520740509
03122,0.0,0.0,0.0,0.0,0.25,0.0
03123,0.0,0.4000000059604645,0.0,0.0,0.6000000238418579,0.6000000238418579
03124,0.6666666865348816,0.1666666716337204,0.0,0.0,0.1666666716337204,0.0
03125,1.0,0.5,0.0,0.0,0.0,0.0
03126,0.1428571492433548,0.0,0.2857142984867096,0.0,0.0,0.0
03127,0.0,0.0,0.5,0.0,0.5,0.5
03128,0.0088495574891567,0.0,0.3185840845108032,0.0,0.0,0.0
03129,1.0,0.0,0.5,0.0,0.0,0.0
03130,0.5,0.5,0.0,0.0,0.0,0.3333333432674408
03131,0.0,0.0,0.4000000059604645,0.0,0.0,0.0
03132,0.25,0.0,0.125,0.0,0.0,0.0
03133,0.5714285969734192,0.0,0.0,0.0,0.0,0.1428571492433548
03134,0.045045044273138,0.0180180184543132,0.0630630627274513,0.0,0.0,0.0270270276814699
03135,0.0,0.25,0.0,0.0,0.0,0.0
03136,0.0,0.1666666716337204,0.0,0.1666666716337204,0.0,0.0
03137,0.5,0.5,1.0,0.0,0.5,0.5
03138,0.0,0.0,0.5,0.0,0.0,0.0
03139,0.5,0.0,0.0,0.0,0.0,0.0
03140,0.3333333432674408,1.0,0.0,0.0,0.6666666865348816,0.6666666865348816
03141,0.1666666716337204,0.0,0.0,0.0,0.1666666716337204,0.5
03142,0.0,0.5,0.0,0.0,0.0,0.5
03143,0.0,0.0,0.0,0.25,0.0,0.0
03144,0.5,0.0,0.0,0.0,0.0,0.0
03145,0.0,0.0,0.3333333333333333,0.0,0.0,0.0
03146,0.0,0.0,0.0,0.0,0.1666666716337204,0.0
03147,0.0,0.0,0.2222222238779068,0.0,0.1111111119389534,0.0
03148,0.0,0.5,0.0,0.0,0.0,0.0
03149,0.4000000059604645,0.1000000014901161,0.0,0.0,0.3000000119209289,0.5
03150,0.0,0.5,0.5,0.0,0.5,0.0
03151,0.5,1.0,0.0,0.0,0.0,0.5
03152,1.0,0.0,0.0,0.0,0.0,0.0
03153,0.0,0.0,0.0,0.0,0.5,0.0
03154,0.0,0.0,0.3333333432674408,0.0,0.6666666865348816,0.6666666865348816
03155,0.0,0.3333333432674408,0.0,0.0,0.0,0.0
03156,0.0,0.0,0.0,0.0,0.0,0.5
03157,0.1428571492433548,0.0,0.0,0.0,0.2857142984867096,0.1428571492433548
03158,0.5,0.0,0.0,0.0,0.5,0.0
03159,0.5,0.0,0.0,0.0,0.5,0.5
03160,0.0,0.0,0.1666666716337204,0.0,0.0,0.0
03161,0.0341880358755588,0.0769230797886848,0.0598290599882602,0.0,0.2905983030796051,0.0940170958638191
03162,0.0,0.5,0.0,0.0,0.0,0.0
03163,0.0,0.0,0.0,0.0,0.0,0.5
03164,0.0,0.25,0.0,0.0,0.25,0.25
03165,0.5,0.0,0.0,0.0,0.5,0.0
03166,0.0,0.5,0.0,0.0,0.5,0.0
03167,0.75,0.25,0.0,0.0,0.75,0.25
03168,0.0,0.0,0.0,0.0948275849223136,0.0,0.0
03169,0.0,0.0,0.0,0.0,0.5,0.0
03170,0.0818181782960891,0.0090909088030457,0.0454545468091964,0.0090909088030457,0.0181818176060915,0.1545454561710357
03171,0.5,0.0,0.0,0.0,0.5,0.0
03172,0.0088495574891567,0.0,0.3185840845108032,0.0,0.0,0.0
03173,0.0,0.1666666716337204,0.0,0.0,0.0,0.3333333432674408
03174,0.0,0.0,0.0,0.0,0.5,0.5
03175,0.0,0.2000000029802322,0.0,0.0,0.0,0.0
03176,0.0,0.5,0.0,0.0,0.0,0.0
03177,0.3333333432674408,0.0,0.0,0.0,0.0,0.0
03178,0.0,0.0,0.5,0.0,0.0,0.0
03179,0.0,0.0,0.2222222238779068,0.0,0.0,0.0
03180,0.0,0.0,0.0,0.0,0.5,0.0
03181,0.0,0.25,0.125,0.0,0.0,0.0
03182,0.0,0.0,0.0,0.0,0.5,0.5
03183,0.5,0.0,0.0,0.0,1.0,0.0
03184,0.0,0.5,0.0,0.0,0.0,0.5
03185,0.5,0.0,0.0,0.5,0.0,0.0
03186,0.0,0.0,0.0,0.0,0.5,0.0
03187,0.0,0.0408163256943225,0.0408163256943225,0.0204081628471612,0.0,0.0
03188,0.3333333432674408,0.0,0.0,0.0,0.0,0.0
03189,0.0,1.0,0.0,0.0,0.5,0.0
03190,0.0,0.375,0.0,0.0,0.125,0.125
03191,0.0,0.0,0.0,0.0277777779847383,0.0,0.0277777779847383
03192,0.1666666716337204,0.0,0.1111111119389534,0.0,0.0555555559694767,0.0555555559694767
03193,0.0,0.5,0.0,0.0,0.0,0.0
03194,0.0,0.0,0.6666666865348816,0.0,0.0,0.0
03195,0.0,0.0,0.0,0.0,0.0,0.25
03196,0.5714285969734192,0.0,0.0,0.0,0.0,0.1428571492433548
03197,0.0,0.25,0.0,0.0,0.0,0.25
03198,0.0,0.3333333432674408,0.0,0.0,0.0,0.0
03199,0.3333333432674408,0.0,0.0,0.0,0.0,0.0
03200,0.5,0.0,0.0,0.0,0.0,0.0
03201,0.3333333432674408,0.0,0.0,0.0,0.0,0.0
03202,0.3333333432674408,0.0,0.0,0.0,0.0,0.0
03203,0.0,0.0,0.0,0.0,0.3333333432674408,0.0
03204,0.0,0.0,0.5,0.0,0.0,0.0
03205,0.0,0.2000000029802322,0.0,0.0,0.0,0.0
03206,0.5,0.0,0.5,0.0,0.0,0.0
03207,0.0,0.0,0.0,0.0,0.5,0.0
03208,0.0,0.0,0.0,0.0,0.0,0.5
03209,0.0,0.3333333432674408,0.0,0.0,0.6666666865348816,0.0
03210,0.0,0.1428571492433548,0.7142857313156128,0.0,0.1428571492433548,0.0
03211,0.5,0.0,0.0,0.0,0.0,0.5
03212,0.0,0.3333333432674408,0.0,0.0,0.3333333432674408,0.3333333432674408
03213,0.5,0.0,0.0,0.0,0.0,0.0
03214,0.0,0.0,0.5,0.0,0.0,0.0
03215,0.5,0.5,0.0,0.0,0.0,0.0
03216,0.1009174287319183,0.0091743115335702,0.027522936463356,0.0,0.082568809390068,0.027522936463356
03217,0.045045044273138,0.0180180184543132,0.0630630627274513,0.0,0.0,0.0270270276814699
03218,0.5,0.5,0.0,0.0,0.0,0.5
03219,0.0,0.3333333432674408,0.0,0.0,0.3333333432674408,0.0
03220,0.0,0.6666666666666666,0.0,0.0,0.0,0.0
03221,0.0,0.0,0.0,0.0,0.5,0.0
03222,0.0,0.0,0.0,0.0,0.0,0.2000000029802322
03223,0.0,0.0,0.1666666716337204,0.1666666716337204,0.0,0.1666666716337204
03224,0.0,0.0,0.1111111119389534,0.0,0.0,0.0
03225,0.0,0.0,0.1111111119389534,0.0,0.0,0.0
03226,0.25,0.0,0.0,0.0,0.0,0.375
03227,0.0,0.1428571492433548,0.0,0.0,0.2857142984867096,0.2857142984867096
03228,0.0,0.0,0.0256410259753465,0.0341880358755588,0.0,0.0
03229,0.0,0.5,0.0,0.0,0.0,0.0
03230,0.0,0.0,0.5,0.0,0.0,0.0
03231,0.6666666865348816,0.0,0.0,0.0,1.0,0.0
03232,0.0,0.0,0.0,0.0,0.0,0.3333333432674408
03233,0.0,0.4000000059604645,0.0,0.0,0.6000000238418579,0.6000000238418579
03234,0.5,1.0,0.0,0.0,0.0,0.0
03235,0.3333333432674408,0.0,0.0,0.0,0.0,0.0
03236,0.125,0.0390625,0.0234375,0.0,0.0546875,0.1015625
03237,0.5,0.0,0.0,0.0,0.5,0.0
03238,0.0,0.3333333432674408,0.0,0.0,0.0,0.0
03239,0.0,0.5,0.0,0.0,0.5,0.0
03240,0.0,0.0,0.5,0.0,0.0,0.0
03241,0.5,0.0,0.0,0.0,0.3333333432674408,0.1666666716337204
03242,0.0,0.0,0.0,0.0,0.0,0.5
03243,0.5,0.0,0.0,0.0,0.5,0.5
03244,0.0,0.0,0.5,0.0,0.0,0.0
03245,0.0,0.3333333432674408,0.0,0.0,0.3333333432674408,0.3333333432674408
03246,0.5,0.0,0.0,0.0,0.0,0.0
03247,0.5,0.0,0.0,0.0,0.0,0.0
03248,0.0,0.5,0.0,0.0,0.0,0.3333333432674408
03249,0.0,0.0,0.5,0.0,0.0,0.0
03250,0.0,0.0,0.5,0.0,0.0,0.0
03251,0.0,0.0,0.0,0.0,0.5,0.0
03252,0.5,0.0,0.0,0.0,0.0,0.0
03253,0.0,0.0,0.0,0.0,0.0,0.1428571492433548
03254,0.2380952388048172,0.0238095242530107,0.095238097012043,0.0,0.0476190485060215,0.0476190485060215
03255,0.0,0.0,0.5714285969734192,0.0,0.0,0.0
03256,0.5,0.0,0.0,0.0,0.0,0.0
03257,0.0,0.6666666865348816,0.0,0.0,0.3333333432674408,0.3333333432674408
03258,0.0,0.0,0.5,0.0,0.0,0.0
03259,0.0341880358755588,0.0769230797886848,0.0598290599882602,0.0,0.2905983030796051,0.0940170958638191
03260,0.3333333432674408,0.6666666865348816,0.0,0.0,0.0,0.3333333432674408
03261,0.1666666716337204,0.0,0.0,0.0,0.0,0.0
03262,0.0,0.0,0.0,0.0,1.0,0.5
03263,0.0,0.3333333432674408,0.0,0.0,0.3333333432674408,0.0
03264,0.1636363565921783,0.0,0.1000000014901161,0.0,0.0,0.0090909088030457
03265,0.5,0.0,0.0,0.0,0.0,0.0
03266,0.5,0.0,0.5,0.0,0.0,0.0
03267,0.3333333432674408,0.0,0.0,0.0,0.0,0.0
03268,0.3333333432674408,0.0,0.0,0.0,0.0,0.0
03269,0.0,0.0,0.3333333432674408,0.0,0.0,0.3333333432674408
03270,0.5,0.0,0.0,0.0,0.0,0.0
03271,0.0,0.0,0.1395348906517028,0.0232558138668537,0.0,0.0
03272,0.0,0.0,0.0,0.0,0.0,0.5
03273,0.0,0.5,0.0,0.0,0.5,0.0
03274,0.6315789222717285,0.0526315793395042,0.0263157896697521,0.0,0.0,0.0526315793395042
03275,0.1666666716337204,0.3333333432674408,0.0,0.0,0.0,0.1666666716337204
03276,0.0,0.0,0.2,0.0,0.0,0.0
03277,0.3333333432674408,0.0,0.1666666716337204,0.3333333432674408,0.0,0.0
03278,0.5,0.5,0.5,0.5,0.5,0.5
03279,0.0,0.0,0.0,1.0,0.0,1.0
03280,0.0,0.0183486230671405,0.0458715595304966,0.0,0.2201834917068481,0.1009174287319183
03281,0.0,0.6666666865348816,0.0,0.0,0.1666666716337204,0.0
03282,0.125,0.375,0.0,0.0,0.25,0.375
03283,0.0080000003799796,0.0399999991059303,0.1360000073909759,0.0080000003799796,0.1599999964237213,0.0
03284,0.3333333432674408,0.3333333432674408,0.3333333432674408,0.0,0.3333333432674408,0.0
03285,0.0,0.0,0.6000000238418579,0.0,0.0,0.0
03286,0.0,0.0,0.0,0.0,0.0,0.5
03287,0.0,0.0,0.5,0.0,0.0,0.0
03288,0.0,0.0,0.0,0.0,0.5,1.0
03289,0.5,0.0,0.0,0.0,0.5,0.0
03290,0.0818181782960891,0.0090909088030457,0.0454545468091964,0.0090909088030457,0.0181818176060915,0.1545454561710357
03291,0.3333333432674408,0.0,0.0,0.0,0.0,0.0
03292,0.5,0.0,0.0,0.0,0.5,0.0
03293,0.0,0.5,0.0,0.0,0.0,0.0
03294,0.0,0.0,0.25,0.0,0.0,0.0
03295,0.0,0.0,0.5,0.0,0.0,0.0
03296,0.0080000003799796,0.0399999991059303,0.1360000073909759,0.0080000003799796,0.1599999964237213,0.0
03297,0.0,0.0,0.0,0.0,1.0,0.5
03298,0.0,0.0,0.0,0.5,0.0,0.0
03299,0.5,0.5,0.0,0.0,0.5,0.0
03300,0.0,0.6666666865348816,0.0,0.0,0.3333333432674408,0.0
03301,0.5,0.0,0.5,0.0,0.5,0.5
03302,0.0,0.0,0.0,0.0,0.5,0.5
03303,0.5,0.0,0.0,0.0,0.5,0.5
03304,0.5,0.0,0.0,0.0,0.0,0.0
03305,0.5,0.0,0.0,0.0,0.5,0.0
03306,0.0,0.0,0.2857142984867096,0.0,0.0,0.0
03307,0.0,0.0,0.0,0.0,0.0,0.5
03308,0.0,0.3333333333333333,0.0,0.0,0.0,0.0
03309,0.0,0.0,0.5,0.0,0.0,0.0
03310,0.0,0.0,0.0,0.0,0.0,0.5
03311,0.1666666716337204,0.0,0.0,0.0,0.0,0.1666666716337204
03312,1.0,0.5,0.0,0.0,0.5,0.0
03313,0.0,0.0,0.3333333333333333,0.0,0.0,0.0
03314,0.0,0.0,0.0,0.0,0.5,0.0
03315,0.0,0.0,0.5,0.0,0.0,0.0
03316,0.3333333432674408,0.3333333432674408,0.0,0.0,0.0,0.0
03317,0.5,0.0,0.0,0.0,0.5,0.5
03318,0.2000000029802322,0.2000000029802322,0.0,0.0,0.2000000029802322,0.4000000059604645
03319,0.0,0.0,0.0,0.0,0.0,0.1428571492433548
03320,0.0,0.0,0.25,0.0,0.0,0.0
03321,0.5,0.0,0.0,0.5,0.0,0.0
03322,0.5,0.0,0.0,0.0,0.0,0.5
03323,0.0,0.5,0.0,0.0,0.0,0.0
03324,0.25,0.25,0.0,0.0,0.0,0.0
03325,0.0,0.3333333432674408,0.0,0.0,0.0,0.6666666865348816
03326,0.2000000029802322,0.0,0.0,0.0,0.2000000029802322,0.4000000059604645
03327,0.3333333432674408,0.0,0.0,0.0,0.0,0.0
03328,0.5,0.0,0.0,0.0,0.5,0.5
03329,0.5,0.5,0.5,0.0,0.0,0.0
03330,0.0818181782960891,0.0090909088030457,0.0454545468091964,0.0090909088030457,0.0181818176060915,0.1545454561710357
03331,0.0818181782960891,0.0090909088030457,0.0454545468091964,0.0090909088030457,0.0181818176060915,0.1545454561710357
03332,0.0,0.0,0.0,0.0,0.0,0.25
03333,0.5,0.0,0.0,0.0,0.0,0.0
03334,0.5,0.0,0.0,0.0,0.5,0.5
03335,0.6666666865348816,0.3333333432674408,0.0,0.0,0.0,0.0
03336,0.4642857015132904,0.1607142835855484,0.0,0.0,0.2857142984867096,0.3392857015132904
03337,0.1666666716337204,0.1666666716337204,0.1666666716337204,0.0,0.1666666716337204,0.0
03338,0.0818181782960891,0.0090909088030457,0.0454545468091964,0.0090909088030457,0.0181818176060915,0.1545454561710357
03339,0.0080000003799796,0.0399999991059303,0.1360000073909759,0.0080000003799796,0.1599999964237213,0.0
03340,0.0,0.0,0.0,0.0948275849223136,0.0,0.0
03341,1.0,0.0,0.0,0.0,1.0,0.0
03342,0.5,0.0,0.0,0.0,0.5,0.0
03343,0.5,1.0,0.0,0.0,0.0,0.0
03344,1.0,0.0,0.0,0.0,1.0,1.0
03345,0.0,0.125,0.0,0.0,0.25,0.0
03346,0.0,0.0,0.0,0.0,0.0,0.5
03347,0.0,0.0,0.0,0.0,0.5,0.0
03348,0.0,0.0,0.1025641039013862,0.0170940179377794,0.0085470089688897,0.0
03349,0.5,0.0,0.0,0.0,0.0,1.0
03350,0.6666666865348816,0.3333333432674408,0.0,0.0,0.3333333432674408,0.0
03351,0.0555555559694767,0.0,0.0,0.0,0.0,0.0277777779847383
03352,1.0,0.0,0.0,0.0,0.0,0.0
03353,0.0,0.5,0.0,0.0,0.0,0.0
03354,0.5,0.0,0.0,0.0,1.0,0.5
03355,0.1666666716337204,0.0,0.0,0.0,0.0,0.0
03356,0.0,0.0,0.0,0.0,0.5,0.0
03357,0.0,0.0,0.3333333333333333,0.0,0.3333333333333333,0.0
03358,0.0,0.0,0.5,0.0,0.0,0.0
03359,0.0,0.0089285718277096,0.0357142873108387,0.0089285718277096,0.0089285718277096,0.0
03360,0.0172413792461156,0.0172413792461156,0.0258620698004961,0.0,0.0517241396009922,0.0
03361,0.3333333333333333,0.0,0.0,0.0,0.0,0.0
03362,0.3333333432674408,0.0,0.0,0.0,0.0,0.0
03363,0.0,0.0,0.0,0.0,0.5,0.5
03364,0.5,0.0,0.0,0.0,0.0,0.0
03365,0.5,0.5,0.0,0.0,0.0,0.0
03366,0.0,0.0,0.2000000029802322,0.4000000059604645,0.0,0.0
03367,0.5,0.0,0.5,0.0,0.0,0.0
03368,0.5,0.0,0.0,0.0,0.0,0.5
03369,0.0,0.0,0.0256410259753465,0.0341880358755588,0.0,0.0
03370,0.0,0.5,0.0,0.0,0.0,0.0
03371,0.1009174287319183,0.0091743115335702,0.027522936463356,0.0,0.082568809390068,0.027522936463356
03372,0.5,0.5,0.0,0.0,0.0,0.5
03373,0.0,0.0,0.5,0.0,0.0,0.0
03374,0.0,0.0,0.2000000029802322,0.0,0.2000000029802322,0.0
03375,0.3333333432674408,0.0,0.0,0.0,0.3333333432674408,0.0
03376,0.0,0.3333333333333333,0.0,0.0,0.0,0.0
03377,0.6000000238418579,0.0,0.0,0.0,0.2000000029802322,0.0
03378,0.0,0.3333333432674408,0.0,0.0,0.3333333432674408,0.0
03379,0.0,0.0,0.5,0.0,0.0,0.0
03380,0.7777777910232544,0.0,0.0,0.0,0.0,0.2222222238779068
03381,0.0,0.0,0.0,0.0,0.3333333432674408,0.0
03382,0.0,0.2222222238779068,0.1111111119389534,0.0,0.1111111119389534,0.2222222238779068
03383,0.5,0.0,0.0,0.5,0.0,0.0
03384,0.5,0.0,0.0,0.0,0.5,0.5
03385,0.0,0.25,0.125,0.0,0.375,0.125
03386,0.5,0.0,0.0,0.0,0.0,0.0
03387,0.0,0.5,0.0,0.0,0.0,0.5
03388,0.6666666666666666,0.0,0.0,0.0,0.0,0.0
03389,0.5,0.0,0.0,0.0,0.5,0.0
03390,0.25,0.0,0.0,0.0,0.5,0.0
03391,0.0,0.4000000059604645,0.0,0.0,0.0,0.0
03392,0.125,0.0390625,0.0234375,0.0,0.0546875,0.1015625
03393,0.0,0.0,0.0,0.0,0.5,0.0
03394,0.2000000029802322,0.0,0.0,0.0,0.0,0.0
03395,0.0088495574891567,0.0,0.3185840845108032,0.0,0.0,0.0
03396,0.0,0.0,0.0,0.0,0.1666666716337204,0.1666666716337204
03397,0.0341880358755588,0.0769230797886848,0.0598290599882602,0.0,0.2905983030796051,0.0940170958638191
03398,0.0,0.0,0.0,0.0,0.5,0.0
03399,0.5,0.0,0.0,0.0,0.0,0.0
03400,0.0,0.5,0.0,0.0,0.0,0.0
03401,0.0,0.0,0.5,0.0,0.0,0.0
03402,0.0,0.0,0.0,0.0,0.5,1.0
03403,0.0,0.5,0.0,0.0,0.5,0.0
03404,0.0,0.0,0.0,0.0,0.3333333432674408,0.3333333432674408
03405,0.2222222238779068,0.0,0.0,0.0,0.0,0.0
03406,0.0285714287310838,0.0,0.0571428574621677,0.0285714287310838,0.0,0.0
03407,0.75,0.0,0.0,0.0,0.0,0.0
03408,0.0,0.4285714328289032,0.0,0.0,0.1428571492433548,0.2857142984867096
03409,0.0,0.5,0.0,0.0,0.25,0.25
03410,0.0,0.0090090092271566,0.0720720738172531,0.0,0.0090090092271566,0.0
03411,0.5,0.0,0.0,0.0,0.5,0.5
03412,0.0,0.0,0.0,0.0,0.0,0.5
03413,0.3333333432674408,0.0,0.0,0.0,0.0,1.0
03414,0.0,0.0,0.0,0.0,0.0,1.0
03415,0.0,0.0,0.2222222238779068,0.0,0.0,0.0
03416,0.0,0.0,0.1428571492433548,0.0,0.0,0.1428571492433548
03417,1.0,0.0,0.0,0.0,0.5,0.0
03418,0.0,0.6666666865348816,0.0,0.0,0.0,0.5
03419,0.0,0.25,0.0,0.0,0.0,0.0
03420,0.0,0.0,0.0,0.0,0.0,0.2000000029802322
03421,0.5,0.5,0.5,0.0,0.0,0.0
03422,0.5,0.5,0.0,0.0,0.5,0.5
03423,0.5,0.0,0.0,0.0,0.5,0.0
03424,0.3333333432674408,0.0,0.0,0.0,0.3333333432674408,0.0
03425,0.0818181782960891,0.0090909088030457,0.0454545468091964,0.0090909088030457,0.0181818176060915,0.1545454561710357
03426,0.25,0.25,0.0,0.0,0.25,0.25
03427,0.5,0.5,0.0,0.0,0.0,0.0
03428,0.0,0.0,0.2857142984867096,0.0,0.0,0.1428571492433548
03429,0.0,0.0,0.0,0.5,0.0,0.0
03430,0.6000000238418579,0.0,0.0,0.0,0.0,0.0
03431,0.3333333432674408,0.0,0.0,0.0,0.0,0.0
03432,0.0,0.5,0.0,0.0,0.5,0.0
03433,0.0,0.3333333333333333,0.0,0.0,0.0,0.0
03434,0.5,0.0,0.0,0.0,0.0,0.0
03435,0.5,0.0,0.0,0.0,0.0,0.0
03436,0.0,0.0,0.5,0.0,0.0,0.0
03437,0.6000000238418579,0.0,0.0,0.0,0.2000000029802322,0.800000011920929
03438,0.0,0.0,0.0,0.0,0.5,0.0
03439,0.25,1.0,0.0,0.0,0.0,0.25
03440,0.0,0.3333333432674408,0.0,0.0,0.0,0.0
03441,0.5,0.0,0.5,0.0,0.5,0.0
03442,0.0,0.75,0.0,0.0,0.0,0.0
03443,0.0,0.0,0.0,0.0,0.0,0.5
03444,0.125,0.0390625,0.0234375,0.0,0.0546875,0.1015625
03445,0.0,0.0,0.5,0.0,0.0,0.0
03446,0.0,0.0,0.0,0.0,0.5,0.0
03447,0.0,0.0,0.3333333333333333,0.0,0.0,0.0
03448,0.0,0.0,0.3333333432674408,0.0,0.0,0.0
03449,0.0,0.0,0.0,0.25,0.0,0.0
03450,0.0,0.0,0.0,0.0,0.5,0.0
03451,0.3333333432674408,0.0,0.0,0.0,0.3333333432674408,0.6666666865348816
03452,0.0,0.5,0.0,0.0,0.0,0.0
03453,0.3333333333333333,0.0,0.3333333333333333,0.0,0.0,0.0
03454,0.0,0.25,0.0,0.0,0.0,0.0
03455,0.5,0.0,0.0,0.0,0.5,0.5
03456,0.0,0.0,0.3333333432674408,0.0,0.0,0.0
03457,0.0,0.0,0.0,0.0,0.0,0.3333333432674408
03458,0.3333333432674408,0.0,0.1666666716337204,0.0,0.1666666716337204,0.1666666716337204
03459,0.0,0.0,1.0,0.0,0.0,0.0
03460,0.0,0.0,0.0,0.5,0.0,0.0
03461,0.5,0.0,0.0,0.0,0.0,0.0
03462,0.5,0.0,0.0,0.0,0.0,0.0
03463,0.0,0.5,0.0,0.0,0.0,0.0
03464,0.0,0.6666666865348816,0.0,0.0,0.0,0.3333333432674408
03465,0.0,0.0,0.0,0.0,0.3333333432674408,0.0
03466,0.0,0.3333333432674408,0.0,0.0,0.0,0.0
03467,0.3333333432674408,0.3333333432674408,0.0,0.0,0.0,0.0
03468,0.2000000029802322,0.2000000029802322,0.0,0.0,0.0,0.0
03469,0.1666666716337204,0.0,0.0,0.0,0.0,0.0
03470,0.0,0.0,0.0,0.0,0.0,0.5
03471,0.0,0.0,0.5,0.0,0.0,0.0
03472,0.0714285746216774,0.0,0.0238095242530107,0.095238097012043,0.0,0.0
03473,0.6666666865348816,0.6666666865348816,0.0,0.0,0.0,0.0
03474,0.1538461595773697,0.0598290599882602,0.0085470089688897,0.0,0.0683760717511177,0.0256410259753465
03475,0.2000000029802322,0.0,0.0,0.0,0.0,0.0
03476,0.0,0.0,0.0,0.0,0.0,0.3333333333333333
03477,0.0,0.0,0.1428571492433548,0.0,0.0,0.0
03478,0.0,0.0,0.0,0.0,0.0,0.3333333333333333
03479,0.5,0.0,0.25,0.0,0.0,0.0
03480,0.4285714328289032,0.0,0.0,0.0,0.0,0.0
03481,0.0,0.25,0.0,0.0,0.0,0.25
03482,0.5,0.5,0.5,0.0,0.0,0.0
03483,0.5,0.0,0.0,0.0,0.5,0.0
03484,0.0,0.0,0.0,0.0,0.0,0.5
03485,0.3333333432674408,0.0,0.0,0.0,0.0,0.0
03486,0.0,0.0,0.5,0.0,0.0,0.0
03487,0.0,0.0,0.0,0.0,0.5,0.0
03488,0.0,0.5,0.0,0.0,0.5,0.75
03489,0.0,0.5,0.0,0.0,0.0,0.0
03490,0.0,0.5,0.0,0.0,0.0,0.0
03491,1.0,0.0,0.0,0.0,0.0,0.0
03492,0.0,0.5,0.0,0.0,0.0,0.0
03493,0.0,0.0,0.0,0.0,0.3333333432674408,0.0
03494,0.0,0.0,0.0,0.0,0.5,0.0
03495,0.5555555820465088,0.0833333358168602,0.0,0.0,0.1944444477558136,0.1388888955116272
03496,0.0,0.5,0.0,0.0,0.0,0.0
03497,0.3333333432674408,0.0,0.3333333432674408,0.0,0.0,0.0
03498,0.0,0.3333333333333333,0.0,0.0,0.0,0.0
03499,0.0,0.125,0.0,0.0,0.0,0.125
03500,0.0,0.5,0.0,0.0,0.5,0.0
03501,1.0,0.0,0.0,0.0,0.0,0.0
03502,0.0366972461342811,0.1467889845371246,0.027522936463356,0.0,0.2385321110486984,0.0183486230671405
03503,0.1666666716337204,0.0,0.0,0.0,0.0,0.1666666716337204
03504,0.0,0.0,0.5,0.0,0.5,0.0
03505,0.75,0.0,0.0,0.0,0.25,0.0
03506,0.0,0.0,0.6666666666666666,0.0,0.0,0.0
03507,0.0,0.0,0.0,0.0,0.25,0.25
03508,0.5,0.5,0.0,0.0,0.0,0.0
03509,1.0,0.0,0.0,0.0,0.0,0.0
03510,0.2000000029802322,0.0,0.0,0.0,0.4000000059604645,0.0
03511,1.0,0.0,0.0,0.0,0.0,0.0
03512,0.0555555559694767,0.0,0.0,0.0,0.0,0.0277777779847383
03513,0.0,0.0,0.0,0.0,0.5,0.0
03514,0.0,0.0,0.0,0.0,0.2000000029802322,0.0
03515,0.0,0.0,0.0,0.0,0.5,0.5
03516,0.0,0.0,0.5,0.0,0.5,0.0
03517,0.3333333432674408,0.3333333432674408,0.3333333432674408,0.0,0.0,0.0
03518,0.3333333432674408,0.3333333432674408,0.0,0.0,0.0,0.0
03519,0.0,0.0,0.0,0.0,0.0,0.3333333432674408
03520,0.6666666865348816,0.0,0.0,0.0,0.0,0.3333333432674408
03521,0.5,0.0,0.0,0.0,0.0,0.0
03522,0.5,0.5,0.5,0.0,0.0,0.0
03523,0.0,0.0,0.0,0.0,1.0,0.0
03524,0.0,0.3333333432674408,0.0,0.0,0.0,0.0
03525,0.0,0.0,0.4000000059604645,0.0,0.0,0.0
03526,0.0341880358755588,0.0769230797886848,0.0598290599882602,0.0,0.2905983030796051,0.0940170958638191
03527,0.6666666865348816,0.0,0.0,0.0,0.0,0.0
03528,0.0,0.0,0.5,0.5,0.0,0.0
03529,0.5,0.5,0.5,0.0,0.0,0.0
03530,0.5,0.0,0.0,0.0,0.5,0.0
03531,0.4000000059604645,0.0,0.0,0.0,0.0,0.4000000059604645
03532,0.25,0.0,0.0,0.0,0.0,0.0
03533,0.3333333432674408,0.0,0.0,0.0,0.0,0.0
03534,0.5,0.3333333432674408,0.1666666716337204,0.0,0.3333333432674408,0.3333333432674408
03535,0.5,0.0,0.0,0.0,0.0,0.5
03536,0.4000000059604645,0.2000000029802322,0.0,0.0,0.0,0.2000000029802322
03537,0.0,0.3333333432674408,0.0,0.0,0.3333333432674408,1.0
03538,0.2093023210763931,0.0465116277337074,0.1162790730595588,0.0,0.302325576543808,0.2790697813034057
03539,0.3333333432674408,0.3333333432674408,0.0,0.0,0.0,0.0
03540,0.0,1.0,0.0,0.0,0.5,0.0
03541,0.0,0.0,0.4000000059604645,0.0,0.0,0.0
03542,0.0,0.0,0.0,0.0,0.5,0.0
03543,0.0,1.0,0.5,0.0,0.5,0.5
03544,0.0,0.0090090092271566,0.0720720738172531,0.0,0.0090090092271566,0.0
03545,0.0,0.4285714328289032,0.0,0.0,0.1428571492433548,0.4285714328289032
03546,0.0,0.0,0.0,0.0,0.0,0.800000011920929
03547,0.0,0.0090090092271566,0.0720720738172531,0.0,0.0090090092271566,0.0
03548,0.0,0.1428571492433548,0.0,0.0,0.0,0.1428571492433548
03549,0.0,0.5,0.0,0.0,0.0,0.0
03550,0.0,0.0,0.5,0.0,0.0,0.0
03551,0.0,0.5,0.0,0.0,0.25,0.25
03552,0.0,0.0,0.0,0.0,0.5,0.0
03553,0.0,0.5,0.0,0.0,0.0,0.0
03554,0.0,0.0,0.0,0.0,0.5,0.0
03555,0.1428571492433548,0.4285714328289032,0.0,0.0,0.4285714328289032,0.1428571492433548
03556,0.0,0.0,0.0,0.0,0.0,0.1666666716337204
03557,0.6000000238418579,0.0,0.0,0.0,0.0,0.0
03558,0.5,0.0,0.0,0.0,0.0,0.0
03559,0.25,0.0,0.25,0.25,0.0,0.0
03560,0.1666666716337204,0.0,0.0,0.0,0.5,0.3333333432674408
03561,0.0,0.0,0.0,0.0948275849223136,0.0,0.0
03562,0.5,0.5,0.5,0.0,0.0,0.0
03563,0.0,0.0,0.0,0.0,0.3333333432674408,0.0
03564,0.1636363565921783,0.0,0.1000000014901161,0.0,0.0,0.0090909088030457
03565,0.0,0.0,0.0,0.0,0.5,0.0
03566,0.5,0.5,0.0,0.0,0.0,0.5
03567,0.0,0.0,0.3333333432674408,0.0,0.0,0.0
03568,0.0512820519506931,0.0769230797886848,0.0512820519506931,0.0,0.0,0.0256410259753465
03569,0.0,0.5,0.0,0.0,0.0,0.0
03570,0.5,0.0,0.0,0.0,1.0,0.0
03571,0.1666666716337204,0.0,0.0,0.0,0.0,0.0
03572,0.0,0.0,0.4000000059604645,0.0,0.0,0.0
03573,0.5,0.0,0.0,0.0,0.0,0.0
03574,0.0172413792461156,0.0172413792461156,0.0258620698004961,0.0,0.0517241396009922,0.0
03575,0.6666666865348816,0.0,0.3333333432674408,0.0,0.3333333432674408,0.0
03576,0.0,0.5,0.0,0.0,0.0,0.0
03577,0.5,0.0,0.0,0.0,0.5,0.0
03578,0.0,0.0,0.0,0.0,0.5,0.5
03579,0.5,0.5,0.5,0.0,0.0,1.0
03580,0.0291970800608396,0.0291970800608396,0.0656934306025505,0.0,0.0948905125260353,0.0510948896408081
03581,0.0,0.0,0.0,0.0,0.5,0.5
03582,0.25,0.0,0.0,0.0,0.0,0.0
03583,0.0,0.0,0.0,0.0,0.0,0.5
03584,0.5,0.0,0.5,0.0,0.5,0.5
03585,0.0366972461342811,0.1467889845371246,0.027522936463356,0.0,0.2385321110486984,0.0183486230671405
03586,0.5,0.5,0.0,0.0,0.0,1.0
03587,0.0,0.0,0.0,0.6666666666666666,0.0,0.0
03588,0.5,0.5,0.0,0.0,0.0,0.0
03589,0.0,0.3333333432674408,0.0,0.0,0.0,0.0
03590,0.0,0.0,0.0,0.0,0.5,0.0
03591,0.5,0.0,0.0,0.5,0.0,0.0
03592,0.0,0.5,0.0,0.0,0.1666666716337204,0.1666666716337204
03593,0.0,0.4000000059604645,0.0,0.0,0.0,0.2000000029802322
03594,0.5,0.0,0.0,0.5,0.0,0.0
03595,0.0,0.0,0.0,0.0,0.5,0.5
03596,0.0,0.0,0.0,0.0,0.6666666865348816,0.3333333432674408
03597,0.5,0.0,0.5,0.0,0.0,0.0
03598,0.5,0.0,0.0,0.0,0.5,0.0
03599,0.0,0.0,0.0,0.0,0.25,0.5
03600,0.2000000029802322,0.0,0.0,0.0,0.0,0.0
03601,0.0,0.0,0.0,0.0,0.6666666666666666,0.0
03602,0.0,0.5,0.0,0.0,0.0,0.0
03603,0.3333333432674408,0.0,0.0,0.0,0.3333333432674408,0.6666666865348816
03604,0.5,0.0,0.0,0.0,0.0,0.0
03605,0.0,0.5,0.0,0.0,0.0,0.0
03606,0.045045044273138,0.0180180184543132,0.0630630627274513,0.0,0.0,0.0270270276814699
03607,0.0,0.3333333432674408,0.3333333432674408,0.0,0.3333333432674408,0.3333333432674408
03608,0.0,0.0,0.0,0.3333333333333333,0.0,0.0
03609,0.0,0.0,0.5,0.0,0.0,0.0
03610,0.0,0.0,0.0,0.0,0.5,0.0
03611,0.5,0.0,0.0,0.0,0.0,0.0
03612,0.0,0.3333333432674408,0.0,0.0,0.0,0.0
03613,0.5,0.0,0.0,0.0,0.0,0.5
03614,0.0,0.0,0.0,0.0,0.0,0.5
03615,0.0,0.25,0.0,0.0,0.0,0.0
03616,0.0,0.0,0.5,0.0,0.0,0.0
03617,0.3333333432674408,0.0,0.0,0.0,0.0,0.0
03618,0.4285714328289032,0.0,0.0,0.0,0.2857142984867096,0.2857142984867096
03619,0.5,0.5,0.0,0.0,0.0,0.0
03620,0.5,0.5,0.5,0.0,0.0,0.0
03621,0.5,0.0,0.0,0.0,0.5,0.0
03622,0.25,0.0,0.25,0.0,0.25,0.5
03623,0.0,0.0,0.5,0.0,0.0,0.0
03624,0.0,0.0,0.0,0.0,0.125,0.5
03625,0.25,0.0,0.0,0.0,0.0,0.25
03626,0.0,0.0,0.2000000029802322,0.2000000029802322,0.0,0.0
03627,0.2000000029802322,0.0,0.0,0.0,0.0,0.2000000029802322
03628,0.0,1.0,0.0,0.0,1.0,0.5
03629,0.0277777779847383,0.0277777779847383,0.0277777779847383,0.0,0.0,0.0
03630,0.3333333432674408,0.0,0.0,0.0,0.0,0.0
03631,0.6000000238418579,0.0,0.0,0.0,0.0,0.0
03632,0.0,0.0,0.0,0.25,0.0,0.0
03633,0.5,0.5,0.0,0.0,1.0,0.0
03634,0.5,0.0,0.0,0.0,0.0,0.0
03635,0.0,0.3333333432674408,0.0,0.0,0.0,0.3333333432674408
03636,0.0,0.5,0.0,0.0,0.0,0.5
03637,0.0,0.3333333432674408,0.0,0.0,0.3333333432674408,0.0
03638,0.0,0.0,0.5,0.0,0.0,0.0
03639,0.3333333432674408,0.0,0.1666666716337204,0.1666666716337204,0.0,0.0
03640,0.0,0.0,0.125,0.0,0.0,0.0
03641,0.5,0.0,0.0,0.0,0.5,0.0
03642,0.0,0.0,0.0,0.0,0.3333333432674408,0.0
03643,0.3333333432674408,0.3333333432674408,0.0,0.0,0.0,0.0
03644,0.25,0.0,0.0,0.0,0.0,0.0
03645,0.0,0.3333333432674408,0.0,0.0,0.0,0.0
03646,0.0270270276814699,0.1351351290941238,0.0,0.0,0.2432432472705841,0.1351351290941238
03647,0.0,0.0,0.5,0.0,0.0,0.0
03648,0.0,0.0,0.5,0.0,0.0,0.0
03649,0.0172413792461156,0.0172413792461156,0.0258620698004961,0.0,0.0517241396009922,0.0
03650,0.0,0.0,0.2857142984867096,0.0,0.0,0.0
03651,0.0,0.0,0.0,0.0,1.0,0.0
03652,0.5,0.0,0.5,0.0,0.0,0.0
03653,0.5,0.0,0.0,0.5,0.0,0.0
03654,0.0,0.0,0.5,0.0,0.0,0.0
03655,0.0,0.0,0.0,0.0,0.5,0.0
03656,0.0,0.25,0.0,0.0,0.25,0.25
03657,0.0,0.0,0.1666666716337204,0.0,0.0,0.0
03658,0.0,0.2000000029802322,0.0,0.0,0.0,0.0
03659,0.0,0.1666666716337204,0.0,0.0,0.0,0.0
03660,0.3333333432674408,0.0,0.0,0.0,0.3333333432674408,0.0
03661,0.0,0.0,0.5,0.0,0.0,0.0
03662,0.0,0.0,0.5,0.0,0.0,0.0
03663,0.0,0.3333333432674408,0.0,0.0,0.0,0.0
03664,0.0,0.0,0.5,0.0,0.0,0.0
03665,0.5,0.0,0.0,0.0,0.0,0.3333333432674408
03666,0.0366972461342811,0.1467889845371246,0.027522936463356,0.0,0.2385321110486984,0.0183486230671405
03667,0.5,0.0,0.0,0.5,0.0,0.0
03668,0.0,0.0089285718277096,0.0357142873108387,0.0089285718277096,0.0089285718277096,0.0
03669,0.0,0.2000000029802322,0.0,0.0,0.800000011920929,0.0
03670,0.0,0.0,0.5,0.0,0.0,0.0
03671,0.3333333432674408,0.0,0.0,0.0,0.0,0.0
03672,1.0,0.0,0.0,0.0,0.0,0.0
03673,0.0,0.0,0.5,0.0,0.0,0.0
03674,0.5,0.0,0.0,0.0,0.0,0.25
03675,0.0,0.0,0.0,0.0,0.3333333432674408,0.0
03676,0.0,0.0089285718277096,0.0357142873108387,0.0089285718277096,0.0089285718277096,0.0
03677,0.0,0.0,0.0,0.0,0.1666666716337204,0.1666666716337204
03678,0.3333333432674408,0.0,0.0,0.0,0.0,0.0
03679,0.0,0.0,0.0,0.0,0.5,1.0
03680,0.0,0.0,0.0,0.2857142984867096,0.0,0.0
03681,0.0,1.0,0.0,0.0,0.0,0.0
03682,0.0,0.5,0.0,0.0,0.0,0.25
03683,0.5,0.0,0.0,0.0,0.0,0.0
03684,0.5,0.0,0.0,0.0,0.0,0.3333333432674408
03685,0.0,0.2000000029802322,0.0,0.0,0.4000000059604645,0.6000000238418579
03686,0.0,0.3333333432674408,0.0,0.0,0.3333333432674408,0.0
03687,0.0,0.0,0.5,0.0,0.0,0.0
03688,0.5,0.0,0.0,0.5,0.0,0.0
03689,0.3333333432674408,0.0,0.0,0.0,0.0,0.0
03690,0.0,0.5,0.0,0.0,0.0,0.0
03691,0.0,0.0,0.3333333333333333,0.0,0.0,0.0
03692,0.0,0.0,0.6666666865348816,0.0,0.0,0.0
03693,0.5,0.5,0.5,0.0,0.0,0.0
03694,0.0,0.0,0.0,0.0,0.0,0.3333333432674408
03695,0.5,0.0,0.0,0.0,0.5,0.0
03696,0.5,0.0,0.0,0.0,0.0,0.0
03697,0.0,1.0,0.0,0.0,0.0,0.0
03698,0.0,0.0,0.3333333333333333,0.0,0.16666666666666666,0.0
03699,0.0080000003799796,0.0399999991059303,0.1360000073909759,0.0080000003799796,0.1599999964237213,0.0
03700,0.0,0.0,0.0,0.0,1.0,0.0
03701,0.3333333432674408,0.0,0.0,0.0,0.1666666716337204,0.0
03702,0.0,0.5,0.0,0.0,0.0,0.0
03703,0.5,0.0,0.0,0.0,0.5,0.5
03704,0.6000000238418579,0.2000000029802322,0.2000000029802322,0.0,0.2000000029802322,0.0
03705,0.0,0.0,0.0256410259753465,0.0341880358755588,0.0,0.0
03706,0.0,0.3333333432674408,0.0,0.0,0.3333333432674408,0.0
03707,0.0,0.2000000029802322,0.0,0.0,0.0,0.2000000029802322
03708,0.0,0.0,0.0,0.0,0.3333333432674408,0.3333333432674408
03709,0.5,0.5,0.5,0.0,0.0,0.0
03710,0.2000000029802322,0.2000000029802322,0.0,0.0,0.2000000029802322,0.4000000059604645
03711,0.0,0.0,0.0,0.0,0.0,0.5
03712,0.0,1.0,0.0,0.0,0.0,0.0
03713,0.0,0.0,0.1666666716337204,0.1666666716337204,0.0,0.1666666716337204
03714,0.0341880358755588,0.0769230797886848,0.0598290599882602,0.0,0.2905983030796051,0.0940170958638191
03715,0.1111111119389534,0.0,0.0,0.2222222238779068,0.0,0.0
03716,0.5,0.5,0.0,0.0,0.0,0.5
03717,0.0,0.5,0.0,0.0,0.0,0.0
03718,0.4000000059604645,0.2000000029802322,0.0,0.0,0.4000000059604645,0.2000000029802322
03719,0.0,0.0,0.0,0.0,0.5,1.0
03720,0.25,0.0,0.0,0.0,0.0,0.0
03721,0.0,0.0,0.0,0.25,0.0,0.0
03722,0.0,0.5,0.0,0.0,0.0,0.0
03723,0.0,1.0,0.0,0.0,0.5,0.0
03724,0.0,0.0091743115335702,0.0183486230671405,0.0091743115335702,0.0,0.0
03725,0.0,0.0,0.5,0.0,0.0,0.0
03726,0.3333333432674408,0.0,0.0,0.0,0.0,0.0
03727,0.0,0.0,0.0,0.0,0.0,0.5
03728,0.5,0.5,0.0,0.0,0.0,0.5
03729,0.5,0.0,0.0,0.0,0.0,0.0
03730,0.0,0.5,0.0,0.0,0.0,0.5
03731,0.045045044273138,0.0180180184543132,0.0630630627274513,0.0,0.0,0.0270270276814699
03732,0.0,0.0,0.0,0.0,0.5,0.5
03733,0.0,0.0,0.0,0.0,0.0,0.5
03734,0.3333333432674408,0.0,0.0,0.0,0.3333333432674408,0.0
03735,0.5,0.0,0.0,0.0,0.5,0.5
03736,0.0,0.5,0.0,0.0,0.5,0.0
03737,0.5,0.0,0.0,0.0,0.0,0.0
03738,0.0,0.0,0.0,0.0,0.5,0.5
03739,0.0,0.0,0.0,0.0,0.5,0.5
03740,0.5,0.0,0.0,0.0,0.0,0.0
03741,0.0,0.0183486230671405,0.0458715595304966,0.0,0.2201834917068481,0.1009174287319183
03742,0.0,0.5,0.0,0.0,0.0,0.0
03743,0.0,0.0,0.0,0.0,0.0,0.4
03744,0.1538461595773697,0.0598290599882602,0.0085470089688897,0.0,0.0683760717511177,0.0256410259753465
03745,0.0,0.0091743115335702,0.0183486230671405,0.0091743115335702,0.0,0.0
03746,0.3333333432674408,0.0,0.0,0.0,0.3333333432674408,0.6666666865348816
03747,0.0,0.5,0.0,0.0,0.0,0.0
03748,0.0,0.5,0.0,0.0,0.0,0.0
03749,0.0,0.5,0.0,0.0,0.5,0.0
03750,0.0,0.5,0.0,0.0,0.0,0.0
03751,0.0,0.0,0.3333333333333333,0.0,0.0,0.0
03752,0.2222222238779068,0.0,0.0,0.0,0.1111111119389534,0.5555555820465088
03753,0.0,0.5,0.0,0.0,0.0,0.0
03754,0.0,0.0,0.3333333333333333,0.0,0.0,0.0
03755,0.0,0.0,1.0,0.0,0.0,0.0
03756,0.2477064281702041,0.0091743115335702,0.027522936463356,0.0091743115335702,0.0183486230671405,0.0091743115335702
03757,0.0,0.0,0.1025641039013862,0.0170940179377794,0.0085470089688897,0.0
03758,0.1666666716337204,0.0,0.0,0.0,0.0,0.0
03759,0.3333333432674408,0.0,0.0,0.0,0.0,0.6666666865348816
03760,0.0,0.0,0.0,0.0,0.25,0.25
03761,0.6666666865348816,0.3333333432674408,0.0,0.0,0.0,0.0
03762,0.3333333432674408,0.0,0.3333333432674408,0.0,0.0,0.6666666865348816
03763,0.5,1.0,0.0,0.0,0.0,0.5
03764,0.0,0.0,0.5,0.0,0.0,0.0
03765,0.0,0.5,0.0,0.0,0.0,0.0
03766,0.5,0.0,0.0,0.0,0.5,0.5
03767,0.3333333432674408,0.0,0.0,0.0,0.0,0.0
03768,0.0,0.0,0.5,0.0,0.0,0.0
03769,0.2000000029802322,0.0,0.0,0.0,0.2000000029802322,0.4000000059604645
03770,0.0,0.0,0.0,0.0,0.3333333432674408,0.0
03771,0.0,0.4000000059604645,0.0,0.0,0.4000000059604645,0.4000000059604645
03772,0.0,0.25,0.0,0.0,0.0,0.0
03773,0.0366972461342811,0.1467889845371246,0.027522936463356,0.0,0.2385321110486984,0.0183486230671405
03774,0.0,0.5,0.0,0.0,0.0,0.0
03775,0.0,0.0,0.0,0.0,0.5,0.0
03776,0.0,0.0,0.0,0.0,1.0,0.5
03777,0.1666666716337204,0.3333333432674408,0.1666666716337204,0.0,0.0,0.1666666716337204
03778,0.0,0.0,0.0,0.0,0.5,0.0
03779,0.5,0.0,0.0,0.0,0.0,0.0
03780,0.5,0.0,0.0,0.0,0.0,0.0
03781,0.0,0.0,0.5,0.0,0.0,0.0
03782,0.0,0.5,0.0,0.5,0.0,0.5
03783,0.5,0.0,0.0,0.0,0.5,0.5
03784,0.5,0.0,0.0,0.0,0.0,0.5
03785,0.0,0.3333333432674408,0.0,0.0,0.0,0.0
03786,0.0,0.0,0.0,0.0,0.3333333432674408,0.0
03787,0.0,0.0,0.25,0.0,0.0,0.0
03788,0.0,0.3333333432674408,0.0,0.0,0.3333333432674408,0.0
03789,0.3333333333333333,0.0,0.0,0.0,0.0,0.0
03790,0.25,0.0,0.0,0.0,0.0,0.5
03791,0.0,0.0,0.0,0.5,0.0,0.0
03792,0.0,0.5,0.0,0.0,0.0,0.0
03793,0.0,0.0,0.0,0.0,0.0,0.2000000029802322
03794,0.3333333432674408,0.0,0.0,0.0,0.0,0.0
03795,0.0,0.0,0.5,0.0,0.0,0.0
03796,0.0,0.0,0.0,0.0,1.0,0.0
03797,0.5,0.0,0.0,0.0,0.0,0.0
03798,0.0,0.0,0.0,0.0,0.3333333333333333,0.0
03799,0.0,0.5,0.0,0.0,0.5,0.0
03800,0.0,0.0263157896697521,0.1052631586790084,0.078947365283966,0.0526315793395042,0.1315789520740509
03801,0.5,0.0,0.0,0.0,0.5,0.5
03802,0.0,0.0,0.5,0.0,0.5,0.0
03803,0.0,0.0,0.2000000029802322,0.0,0.0,0.0
03804,0.5,0.0,0.0,0.0,0.0,0.0
03805,0.0,0.0,0.3333333432674408,0.0,0.0,0.0
03806,0.0,0.0,0.0,0.0,1.0,0.0
03807,0.3333333432674408,0.0,0.0,0.0,0.3333333432674408,0.0
03808,0.0,0.0,0.2000000029802322,0.0,0.0,0.0
03809,0.0,0.5,0.0,0.0,0.5,0.0
03810,0.5,0.0,0.0,0.0,0.0,0.0
03811,0.0,0.0,0.4000000059604645,0.0,0.0,0.0
03812,0.0,0.0,0.5,0.0,0.5,0.5
03813,0.0,0.0,0.4000000059604645,0.0,0.0,0.0
03814,0.5,0.0,0.0,0.0,0.0,0.0
03815,0.25,0.0,0.0,0.0,0.0,0.375
03816,0.0366972461342811,0.1467889845371246,0.027522936463356,0.0,0.2385321110486984,0.0183486230671405
03817,0.25,0.0,0.0,0.0,0.0,0.0
03818,1.0,0.0,0.0,0.0,0.0,0.0
03819,0.0,0.0,0.0,0.0,0.5,0.5
03820,0.0,0.0,0.0,0.5714285969734192,0.0,0.0
03821,0.5,0.0,0.0,0.0,0.5,0.5
03822,0.0,0.5,0.0,0.0,0.0,0.0
03823,0.0,0.0,0.0,0.3333333333333333,0.0,0.0
03824,0.0,0.0,0.0256410259753465,0.0341880358755588,0.0,0.0
03825,0.5,0.5,0.0,0.0,0.0,1.0
03826,0.0,0.0,0.0,0.0,0.6666666865348816,0.3333333432674408
03827,0.0,0.0089285718277096,0.0357142873108387,0.0089285718277096,0.0089285718277096,0.0
03828,0.0,0.0,0.3333333432674408,0.0,0.0,0.0
03829,1.0,0.0,0.0,0.0,0.0,0.0
03830,0.6666666865348816,0.0,0.3333333432674408,0.3333333432674408,0.0,0.0
03831,0.0,0.5,0.0,0.0,0.0,0.0
03832,0.0,0.0,0.5,0.0,0.0,0.0
03833,0.5,0.0,0.0,0.0,0.0,0.0
03834,0.0,0.5,0.0,0.0,0.5,0.0
03835,0.5,0.5,0.5,0.0,0.0,0.0
03836,0.0341880358755588,0.0769230797886848,0.0598290599882602,0.0,0.2905983030796051,0.0940170958638191
03837,0.0172413792461156,0.0172413792461156,0.0258620698004961,0.0,0.0517241396009922,0.0
03838,0.5,0.0,0.0,0.0,0.0,0.0
03839,0.0,0.0,0.0,0.2,0.0,0.0
03840,0.0,0.0,0.5,0.0,0.0,0.0
03841,0.0243902429938316,0.0243902429938316,0.0487804859876632,0.0243902429938316,0.0243902429938316,0.0
03842,0.5,0.0,0.5,0.0,0.0,0.0
03843,0.0,0.0263157896697521,0.1315789520740509,0.0,0.0,0.0
03844,0.6666666865348816,0.3333333432674408,0.0,0.0,0.0,0.1666666716337204
03845,0.5,0.0,0.0,0.0,0.0,0.0
03846,0.0,0.0,0.3333333432674408,0.0,0.0,0.5
03847,0.0,0.0,0.5,0.0,0.0,0.0
03848,0.0,0.0,0.0,0.0,0.5,0.5
03849,0.0,0.0,0.0,0.0,0.0,0.5
03850,0.5,0.0,0.0,0.0,0.5,0.5
03851,0.0,0.0,1.0,0.0,0.5,0.0
03852,0.0,0.0,0.0,0.0,0.5,0.0
03853,0.0,0.0,0.0,0.0,0.5,0.0
03854,0.0,0.5,0.0,0.0,0.0,0.0
03855,0.5,0.0,0.0,0.0,0.0,0.0
03856,0.7142857313156128,0.0,0.0,0.0,0.0,0.0
03857,0.0,0.0,0.0,0.0,1.0,0.5
03858,0.0,0.5,0.0,0.0,0.0,0.0
03859,0.0,0.0,0.5,0.0,0.0,0.0
03860,0.3333333432674408,0.3333333432674408,0.0,0.0,0.0,0.0
03861,0.0,0.0,0.0,0.0,0.0,0.5
03862,0.0,0.25,0.0,0.0,0.0,0.0
03863,0.0,0.0,0.0,0.0,0.5,0.0
03864,0.5,0.0,0.0,0.0,0.0,0.0
03865,0.0,0.0,0.0,0.0,0.5,0.0
03866,0.5,0.0,0.0,0.0,0.5,0.0
03867,0.3333333432674408,0.0,0.0,0.0,0.0,0.0
03868,0.4285714328289032,0.0,0.0,0.0,0.2857142984867096,0.2857142984867096
03869,0.0,0.0,0.0,0.5,0.0,0.0
03870,0.0,0.5,0.0,0.0,0.0,1.0
03871,0.6000000238418579,0.0,0.0,0.0,0.0,0.2000000029802322
03872,0.0,0.5,0.0,0.0,0.0,0.0
03873,0.0,0.5,0.0,0.0,1.0,0.0
03874,0.0,0.0,0.0,0.0277777779847383,0.0,0.0277777779847383
03875,1.0,0.0,0.0,0.0,0.0,0.0
03876,0.5,0.0,0.0,0.0,0.5,0.0
03877,0.0,0.0,0.0,0.0,0.5,0.0
03878,0.5,0.5,0.5,0.0,0.0,0.0
03879,0.0,0.1636363565921783,0.036363635212183,0.0272727273404598,0.0818181782960891,0.0909090936183929
03880,0.0,0.0,0.0,0.0,0.5,0.0
03881,0.0,0.25,0.0,0.0,0.25,0.25
03882,0.0,0.0091743115335702,0.0183486230671405,0.0091743115335702,0.0,0.0
03883,0.25,0.0,0.25,0.0,0.0,0.0
03884,0.0,0.25,0.0,0.0,0.0,0.25
03885,0.0,0.0,0.0,0.0,0.3333333432674408,0.3333333432674408
03886,0.5,0.0,0.0,0.0,0.5,0.0
03887,0.5,0.0,0.0,0.0,0.5,0.0
03888,0.0,0.3333333432674408,0.0,0.0,0.0,0.3333333432674408
03889,0.0,0.5,0.0,0.0,0.0,0.0
03890,0.0,0.5,0.0,0.0,1.0,0.0
03891,0.0,0.0,0.0,0.0,0.25,0.0
03892,0.0,0.0,0.0,0.0,0.0,0.2857142984867096
03893,1.0,0.0,0.0,0.0,0.0,0.5
03894,0.0,0.1428571492433548,0.0,0.0,0.0,0.0
03895,0.0,0.0,0.5,0.0,0.0,0.0
03896,0.3333333432674408,0.0,0.3333333432674408,0.0,0.3333333432674408,0.3333333432674408
03897,0.0,0.5,0.0,0.0,0.0,0.0
03898,0.0,0.5,0.0,0.0,0.5,1.0
03899,0.0,0.0,0.3333333432674408,0.0,0.0,0.0
03900,0.5,0.0,0.0,0.0,0.5,0.0
03901,1.0,0.3333333432674408,0.0,0.3333333432674408,0.0,0.0
03902,0.1009174287319183,0.0091743115335702,0.027522936463356,0.0,0.082568809390068,0.027522936463356
03903,0.0,0.0,0.0,0.0,0.5,0.5
03904,0.0,0.0,0.5,0.0,0.5,0.0
03905,0.5,0.0,0.0,0.0,0.0,0.5
03906,0.5,0.0,0.0,0.0,0.5,0.0
03907,0.0,0.0,0.0,0.0,0.3333333432674408,0.3333333432674408
03908,0.0,0.5,0.0,0.0,0.0,0.0
03909,0.5,0.0,0.0,0.0,0.0,0.0
03910,0.0,0.0,0.5,0.0,0.0,0.0
03911,0.0,1.0,0.0,0.0,0.0,0.5
03912,0.5714285969734192,0.0,0.0,0.0,0.0,0.1428571492433548
03913,0.3333333432674408,0.0,0.0,0.0,0.0,0.0
03914,0.5,0.0,0.0,0.0,0.0,0.0
03915,0.0,0.0,0.3333333432674408,0.0,0.0,0.0
03916,0.6666666865348816,0.0,0.0,0.0,0.0,0.0
03917,0.3333333432674408,0.1666666716337204,0.0,0.0,0.0,0.3333333432674408
03918,0.0,0.0,0.0,0.0,0.0,0.5
03919,0.5,0.0,0.0,0.0,0.5,0.5
03920,0.0,0.0,0.0,0.0,0.5,0.5
03921,0.0,0.6666666865348816,0.0,0.0,0.3333333432674408,0.0
03922,0.0,0.0,0.0,0.0,0.3333333432674408,0.0
03923,1.0,0.5,0.0,0.0,0.0,0.0
03924,0.5,0.0,0.0,0.5,0.0,0.0
03925,0.2477064281702041,0.0091743115335702,0.027522936463356,0.0091743115335702,0.0183486230671405,0.0091743115335702
03926,0.5,0.0,0.0,0.0,0.0,0.0
03927,0.0,0.0,0.2,0.0,0.0,0.0
03928,0.045045044273138,0.0180180184543132,0.0630630627274513,0.0,0.0,0.0270270276814699
03929,0.3333333432674408,0.3333333432674408,0.0,0.0,0.3333333432674408,0.3333333432674408
03930,0.0,1.0,0.0,0.0,0.5,0.0
03931,0.0,0.0,1.0,0.0,0.0,0.0
03932,0.0,0.0,0.5,0.0,0.0,0.0
03933,0.0,0.0,0.0,0.0,0.3333333432674408,0.3333333432674408
03934,0.0,0.0,0.0,0.0,0.3333333333333333,0.0
03935,0.0,0.0,0.125,0.0,0.0,0.125
03936,0.0,0.0,0.0,0.5,0.0,0.0
03937,0.0,0.5,0.0,0.0,0.5,0.0
03938,0.1666666716337204,0.3333333432674408,0.0,0.0,0.1666666716337204,0.0
03939,0.0,0.0,0.0,0.0,0.5,0.5
03940,0.3333333432674408,0.0,0.0,0.0,0.0,0.0
03941,0.0,0.0,0.0,0.0,0.3333333432674408,0.0
03942,0.5,0.0,0.0,0.0,0.0,0.0
03943,0.5,0.0,0.5,0.5,0.5,0.0
03944,0.25,0.0,0.0,0.0,0.75,0.25
03945,0.0,0.0,0.0,0.0,0.5,0.0
03946,0.0,0.0,0.5,0.0,0.0,0.0
03947,0.5,0.0,0.0,0.0,0.0,0.0
03948,0.0,0.0,0.1891891956329345,0.0270270276814699,0.0270270276814699,0.0
03949,0.0,0.0090090092271566,0.0720720738172531,0.0,0.0090090092271566,0.0
03950,0.0,0.0,0.0,0.0,0.5,0.0
03951,0.0,0.0,0.0,0.0,0.0,0.5
03952,0.0,0.0,0.0,0.0,0.0,0.5
03953,0.2000000029802322,0.0,0.0,0.0,0.0,0.0
03954,0.3333333432674408,0.0,0.3333333432674408,0.0,0.0,0.0
03955,0.3333333432674408,0.0,0.3333333432674408,0.0,0.0,0.0
03956,0.0088495574891567,0.0,0.3185840845108032,0.0,0.0,0.0
03957,0.0,0.0408163256943225,0.0408163256943225,0.0204081628471612,0.0,0.0
03958,0.125,0.0,0.125,0.0,0.0,0.0
03959,0.0,0.2000000029802322,0.2000000029802322,0.0,0.2000000029802322,0.6000000238418579
03960,0.0,0.5,0.0,0.0,0.0,0.0
03961,0.3333333432674408,0.0,0.0,0.0,0.0,0.0
03962,0.0,0.2000000029802322,0.0,0.0,0.0,0.4000000059604645
03963,0.0,0.0,0.0,0.0,0.0,0.1000000014901161
03964,0.0,0.3333333432674408,0.3333333432674408,0.0,0.6666666865348816,0.3333333432674408
03965,0.25,0.25,0.0,0.0,0.5,0.75
03966,0.125,0.0,0.125,0.0,0.0,0.0
03967,0.3333333432674408,0.3333333432674408,0.0,0.0,0.3333333432674408,0.0
03968,0.0,0.0,0.3333333432674408,0.0,0.0,0.3333333432674408
03969,0.0,0.5,0.0,0.0,1.0,0.5
03970,0.0,0.0,0.3333333432674408,0.0,0.0,0.0
03971,0.0172413792461156,0.0172413792461156,0.0258620698004961,0.0,0.0517241396009922,0.0
03972,0.2857142984867096,0.0,0.0,0.0,0.0,0.4285714328289032
03973,0.3333333432674408,0.3333333432674408,0.0,0.0,0.3333333432674408,0.0
03974,0.3333333432674408,0.3333333432674408,0.3333333432674408,0.0,0.3333333432674408,0.0
03975,0.0,0.0089285718277096,0.0357142873108387,0.0089285718277096,0.0089285718277096,0.0
03976,0.0,0.25,0.0,0.0,0.5,0.0
03977,0.0,0.0,0.3333333432674408,0.0,0.0,0.3333333432674408
03978,0.0,0.0,0.5,0.0,0.5,0.0
03979,0.0,0.0,0.0,0.0,0.1111111119389534,0.0
03980,0.5,0.0,0.0,0.5,0.0,0.0
03981,0.5,0.5,0.5,0.0,0.0,0.0
03982,0.0,0.0,0.5,0.0,0.0,0.0
03983,0.0,0.0,0.0,0.25,0.0,0.0
03984,0.0,0.3333333432674408,0.0,0.0,0.0,0.3333333432674408
03985,0.125,0.0390625,0.0234375,0.0,0.0546875,0.1015625
03986,0.5,0.0,0.5,0.0,0.0,0.0
03987,1.0,0.5,0.0,0.0,0.0,0.0
03988,0.0,0.2000000029802322,0.0,0.0,0.800000011920929,0.0
03989,0.0,0.0,0.0,0.5,0.0,0.0
03990,0.0,0.0,0.0,0.2,0.0,0.0
03991,0.3333333432674408,0.0,0.0,0.0,0.0,0.0
03992,0.3333333432674408,0.0,0.0,0.0,0.0,0.3333333432674408
03993,0.0,0.0,0.0,0.0,0.5,0.0
03994,0.0,0.5,0.0,0.0,0.0,0.0
03995,0.0,0.5,0.0,0.0,0.0,0.0
03996,1.0,0.0,0.5,0.0,0.0,0.0
03997,0.0,0.5,0.0,0.0,0.5,0.5
03998,0.0,0.5,0.0,0.0,0.0,0.0
03999,0.0,0.0,0.0,0.25,0.0,0.0
04000,0.0291970800608396,0.0291970800608396,0.0656934306025505,0.0,0.0948905125260353,0.0510948896408081
04001,0.3333333432674408,0.0,0.0,0.0,0.1666666716337204,0.1666666716337204
04002,0.6666666865348816,0.0,0.0,0.0,0.0,0.0
04003,0.0,0.0,0.0,0.0,0.5,0.0
04004,0.0,0.0,0.3333333333333333,0.0,0.0,0.0
04005,0.1666666716337204,0.0,0.0,0.0,0.0,0.3333333432674408
04006,0.0,0.5,0.0,0.0,0.5,0.0
04007,0.0,0.5,0.0,0.0,0.5,0.5
04008,1.0,0.0,0.0,0.0,0.0,0.0
04009,0.2477064281702041,0.0091743115335702,0.027522936463356,0.0091743115335702,0.0183486230671405,0.0091743115335702
04010,0.0,0.0,0.0,0.0,0.5,0.0
04011,0.3333333432674408,0.3333333432674408,0.0,0.0,0.3333333432674408,0.0
04012,0.0,0.3333333432674408,0.0,0.0,0.3333333432674408,0.0
04013,0.0341880358755588,0.0769230797886848,0.0598290599882602,0.0,0.2905983030796051,0.0940170958638191
04014,0.0,0.0,0.2000000029802322,0.0,0.2000000029802322,0.2000000029802322
04015,0.0291970800608396,0.0291970800608396,0.0656934306025505,0.0,0.0948905125260353,0.0510948896408081
04016,0.6315789222717285,0.0526315793395042,0.0263157896697521,0.0,0.0,0.0526315793395042
04017,0.0,0.0,0.0,0.0,0.1428571492433548,0.0
04018,0.0,0.0,0.2000000029802322,0.2000000029802322,0.0,0.0
04019,0.0,0.5,0.0,0.0,0.5,0.5
04020,0.0,0.0,0.1025641039013862,0.0170940179377794,0.0085470089688897,0.0
04021,0.0,0.0,0.0,0.0,0.0,0.5
04022,0.5,0.0,0.0,0.0,0.0,0.0
04023,0.0,0.2000000029802322,0.4000000059604645,0.0,0.2000000029802322,0.0
04024,0.0,0.3333333432674408,0.0,0.0,0.0,0.0
04025,0.1636363565921783,0.0,0.1000000014901161,0.0,0.0,0.0090909088030457
04026,0.5,0.0,0.0,0.0,0.5,0.0
04027,0.0,0.0,0.0,0.0,0.0,0.5
04028,0.0,0.0,0.0,0.0,0.5,0.0
04029,0.0,0.0,0.0,0.0,0.5,0.0
04030,0.0,0.3333333432674408,0.0,0.0,0.0,0.0
04031,0.3333333432674408,0.3333333432674408,0.0,0.0,0.0,0.0
04032,0.0,0.0,0.6666666865348816,0.0,0.6666666865348816,0.0
04033,0.0,0.5,0.0,0.0,0.5,0.0
04034,0.5,0.0,0.5,0.0,0.0,0.0
04035,0.5,0.0,0.0,0.0,0.5,0.0
04036,0.0,0.0,1.0,0.0,0.0,0.0
04037,1.0,0.0,0.0,0.0,0.0,0.0
04038,0.0,0.0,0.3333333432674408,0.0,0.0,0.0
04039,0.0341880358755588,0.0769230797886848,0.0598290599882602,0.0,0.2905983030796051,0.0940170958638191
04040,0.3333333432674408,0.0,0.0,0.0,0.0,0.0
04041,0.0,0.0,0.3333333333333333,0.0,0.3333333333333333,0.0
04042,0.0,0.0090090092271566,0.0720720738172531,0.0,0.0090090092271566,0.0
04043,0.3333333432674408,0.0,0.1666666716337204,0.3333333432674408,0.0,0.0
04044,0.0,0.5,0.0,0.0,0.0,0.0
04045,0.5,0.5,0.0,0.0,0.5,0.5
04046,0.0,0.0,0.0,0.2857142984867096,0.0,0.0
04047,0.25,0.25,0.0,0.0,0.25,0.25
04048,0.0,0.0,0.0,0.5,0.0,0.0
04049,0.3333333432674408,0.0,0.0,0.0,0.0,0.0
04050,0.1428571492433548,0.1428571492433548,0.0,0.0,0.2857142984867096,0.2857142984867096
04051,0.5,0.0,0.5,0.0,0.0,0.0
04052,0.0,0.0,0.0,0.0,0.5,0.5
04053,0.5,0.0,0.5,0.0,0.5,0.0
04054,0.1666666716337204,0.1666666716337204,0.0,0.0,0.5,0.1666666716337204
04055,0.5,0.0,0.25,0.0,0.0,0.25
04056,0.0,0.0,0.5,0.0,0.5,0.0
04057,0.25,0.0,0.0,0.0,0.0,0.0
04058,0.0,0.5,0.0,0.0,0.0,0.0
04059,0.0,0.0,0.7142857313156128,0.0,0.0,0.0
04060,0.3333333432674408,0.0,0.0,0.0,0.0,0.0
04061,0.5,0.0,0.0,0.0,0.0,0.0
04062,0.0,0.0,0.3333333432674408,0.0,0.1666666716337204,0.0
04063,0.4000000059604645,0.2000000029802322,0.0,0.0,0.0,0.2000000029802322
04064,0.0,0.0,0.0,0.0,0.5,0.0
04065,0.5,0.25,0.0,0.0,0.25,0.25
04066,0.5,0.0,0.0,0.0,0.5,0.5
04067,0.3333333432674408,0.0,0.3333333432674408,0.0,0.0,0.0
04068,0.0,0.3333333333333333,0.0,0.0,0.0,0.0
04069,0.1111111119389534,0.0222222227603197,0.0444444455206394,0.0222222227603197,0.0,0.0222222227603197
04070,0.0,0.0,0.5,0.0,0.0,0.0
04071,1.0,0.5,0.0,0.0,0.0,0.0
04072,0.1666666716337204,0.0,0.0,0.0,0.0,0.0
04073,0.0,0.0,0.0,0.1428571492433548,0.0,0.0
04074,0.25,0.0,0.0,0.0,0.0,0.0
04075,0.5,0.0,0.5,0.0,0.0,0.0
04076,0.25,0.25,0.25,0.0,0.5,0.0
04077,0.0,0.5,0.5,0.0,0.5,0.0
04078,0.2000000029802322,0.2000000029802322,0.2000000029802322,0.0,0.2000000029802322,0.0
04079,0.0,0.6000000238418579,0.0,0.0,0.0,0.4000000059604645
04080,0.0,0.0,0.3333333432674408,0.0,0.0,0.0
04081,0.5,0.5,0.5,0.0,0.0,0.0
04082,0.0818181782960891,0.0090909088030457,0.0454545468091964,0.0090909088030457,0.0181818176060915,0.1545454561710357
04083,0.0,0.0,0.5,0.0,0.5,0.0
04084,0.5,0.0,0.5,0.0,0.0,0.0
04085,0.2432432472705841,0.0810810774564743,0.0,0.0,0.4054054021835327,0.4594594538211822
04086,0.0,0.0,0.0,0.0,0.3333333432674408,0.0
04087,0.1666666716337204,0.0,0.0,0.0,0.0,0.0
04088,0.0,0.0090090092271566,0.0720720738172531,0.0,0.0090090092271566,0.0
04089,0.5,0.0,0.0,0.0,0.0,0.0
04090,0.0,0.5,0.0,0.0,0.0,1.0
04091,0.0,0.0091743115335702,0.0183486230671405,0.0091743115335702,0.0,0.0
04092,0.0,0.0,0.0,0.0948275849223136,0.0,0.0
04093,0.0,0.0,0.3333333432674408,0.0,0.0,0.5
04094,0.0,0.5,0.0,0.0,0.0,0.0
04095,0.0,0.0,0.0,0.5,0.0,0.0
04096,0.5,0.0,0.0,0.0,0.0,0.0
04097,0.0,0.5,0.0,0.0,0.0,0.0
04098,0.5,0.5,0.0,0.0,0.0,0.0
04099,0.2477064281702041,0.0091743115335702,0.027522936463356,0.0091743115335702,0.0183486230671405,0.0091743115335702
04100,0.3333333432674408,0.0,0.0,0.0,0.0,0.2222222238779068
04101,0.0,0.0,0.0,0.0,0.0,0.25
04102,0.5,0.0,0.0,0.0,0.5,0.5
04103,0.0,0.0,0.0256410259753465,0.0341880358755588,0.0,0.0
04104,0.0,0.0,0.5,0.0,0.5,0.5
04105,0.5,0.5,0.0,0.0,0.0,0.0
04106,0.0080000003799796,0.0399999991059303,0.1360000073909759,0.0080000003799796,0.1599999964237213,0.0
04107,0.5,0.0,0.0,0.0,0.0,0.0
04108,0.0,0.0090090092271566,0.0720720738172531,0.0,0.0090090092271566,0.0
04109,0.0,0.0090090092271566,0.0720720738172531,0.0,0.0090090092271566,0.0
04110,0.0,0.2000000029802322,0.0,0.0,0.0,0.2000000029802322
04111,0.0,0.0090090092271566,0.0720720738172531,0.0,0.0090090092271566,0.0
04112,0.0,0.3333333432674408,0.0,0.0,0.3333333432674408,0.3333333432674408
04113,0.0,0.0,0.0,0.5,0.0,0.0
04114,1.0,0.5,0.0,0.0,0.0,0.0
04115,0.0,0.0,0.5,0.0,0.0,0.0
04116,0.1666666716337204,0.0,0.3333333432674408,0.0,0.0,0.0
04117,0.1428571492433548,0.0,0.0,0.0,0.0,0.2857142984867096
04118,0.5,0.0,0.0,0.0,0.0,0.5
04119,0.0,0.25,0.0,0.0,0.125,0.125
04120,0.0,0.5,0.0,0.0,0.0,0.25
04121,0.0,0.0,0.0,0.5,0.0,0.0
04122,0.0,0.0,0.5,0.0,0.0,0.0
04123,0.0,0.2000000029802322,0.0,0.0,0.0,0.0
04124,0.3333333432674408,0.0,0.1666666716337204,0.0,0.1666666716337204,0.1666666716337204
04125,0.0,0.0,0.5,0.0,0.0,0.0
04126,0.0172413792461156,0.0172413792461156,0.0258620698004961,0.0,0.0517241396009922,0.0
04127,0.0,0.5,0.0,0.0,0.0,0.0
04128,0.0,0.0,0.3333333333333333,0.0,0.0,0.3333333333333333
04129,0.0,0.5,0.0,0.0,0.0,0.0
04130,0.5,0.5,0.0,0.0,0.0,0.0
04131,0.0,0.0,0.0,0.0,0.0,0.5
04132,0.0,0.0,0.0,0.0,0.0,0.5
04133,0.0,0.0,0.5,0.0,0.5,0.5
04134,0.0,0.0,0.3333333432674408,0.0,0.0,0.0
04135,0.0,0.0,0.1025641039013862,0.0170940179377794,0.0085470089688897,0.0
04136,0.0,0.0,0.1395348906517028,0.0232558138668537,0.0,0.0
04137,0.0172413792461156,0.0172413792461156,0.0258620698004961,0.0,0.0517241396009922,0.0
04138,0.5,0.0,0.0,0.0,0.0,0.0
04139,0.4285714328289032,0.0,0.0,0.0,0.0,0.0
04140,0.0,0.0,0.800000011920929,0.0,0.0,0.0
04141,0.25,0.0,0.0,0.0,0.0,0.0
04142,0.0,0.0,0.0,0.0,0.25,0.0
04143,0.1428571492433548,0.0,0.1428571492433548,0.0,0.0,0.0
04144,0.0,0.0,0.5,0.0,0.0,0.0
04145,0.5,0.0,0.0,0.0,0.5,0.0
04146,0.0818181782960891,0.0090909088030457,0.0454545468091964,0.0090909088030457,0.0181818176060915,0.1545454561710357
04147,0.0,0.0,0.0,0.1428571492433548,0.0,0.0
04148,0.25,0.0,0.0,0.0,0.5,0.0
04149,0.5,0.0,0.0,0.0,0.0,0.0
04150,0.5,0.0,0.0,0.0,0.0,0.0
04151,0.0,0.3333333432674408,0.0,0.0,0.1666666716337204,0.1666666716337204
04152,0.5,0.0,0.0,0.0,0.0,0.0
04153,0.0,0.5,0.0,0.0,0.0,0.0
04154,0.125,0.0390625,0.0234375,0.0,0.0546875,0.1015625
04155,0.5,0.0,0.0,0.0,0.5,0.0
04156,0.5,0.0,0.0,0.0,0.0,0.25
04157,0.0,0.0,0.1025641039013862,0.0170940179377794,0.0085470089688897,0.0
04158,0.0,0.5,0.0,0.0,0.0,0.0
04159,0.0,0.0090090092271566,0.0720720738172531,0.0,0.0090090092271566,0.0
04160,0.0,0.0,0.0,0.0,0.5,0.5
04161,0.0512820519506931,0.0769230797886848,0.0512820519506931,0.0,0.0,0.0256410259753465
04162,0.5,0.5,0.5,0.0,0.0,0.0
04163,0.0,0.0,0.0256410259753465,0.0341880358755588,0.0,0.0
04164,0.0,0.5,0.0,0.0,0.5,0.0
04165,0.0,0.0,0.0,0.0,0.5,0.5
04166,0.3333333333333333,0.0,0.0,0.0,0.0,0.0
04167,0.1666666716337204,0.0,0.1111111119389534,0.0,0.0555555559694767,0.0555555559694767
04168,0.1538461595773697,0.0,0.0769230797886848,0.0,0.0769230797886848,0.0512820519506931
04169,0.3333333432674408,0.0,0.3333333432674408,0.0,0.0,0.0
04170,0.0,0.0,0.0,0.0,0.6666666865348816,0.3333333432674408
04171,0.3333333432674408,0.0,0.0,0.0,0.0,0.3333333432674408
04172,0.0,0.0,0.5,0.0,0.0,0.0
04173,0.0,1.0,0.0,0.0,0.0,0.0
04174,0.0,0.0,0.3333333333333333,0.0,0.0,0.0
04175,0.5,0.0,0.0,0.0,0.0,0.0
04176,1.0,0.0,0.0,0.0,0.0,0.0
04177,0.4000000059604645,0.6000000238418579,0.0,0.0,0.0,0.0
04178,0.0,0.1666666716337204,0.0,0.0,0.1666666716337204,0.3333333432674408
04179,0.0,0.25,0.0,0.0,0.25,0.0
04180,0.0,0.0,0.0,0.0,0.3333333432674408,0.0
04181,0.6000000238418579,0.4000000059604645,0.0,0.0,0.4000000059604645,0.2000000029802322
04182,0.0,0.0,0.3333333432674408,0.0,0.0,0.0
04183,0.0,0.0,0.0,0.0,0.0,0.5
04184,0.0,0.5,0.0,0.0,0.5,1.0
04185,0.0,0.5,0.0,0.0,0.0,0.0
04186,0.0,0.0,0.0,0.0,0.5,0.0
04187,0.0,0.5,0.0,0.0,0.0,0.5
04188,0.0,0.0,0.0,0.0,0.0,0.3333333333333333
04189,0.0,0.5,0.0,0.0,0.0,0.5
04190,0.0,0.6666666865348816,0.0,0.0,0.3333333432674408,0.3333333432674408
04191,0.0,0.0,0.0,0.0,0.5,0.5
04192,0.0,0.0,0.0,0.0,0.1111111119389534,0.0
04193,0.1428571492433548,0.4285714328289032,0.0,0.0,0.2857142984867096,0.1428571492433548
04194,0.0,0.0,0.0,0.0,0.3333333432674408,0.6666666865348816
04195,0.1009174287319183,0.0091743115335702,0.027522936463356,0.0,0.082568809390068,0.027522936463356
04196,0.0,0.0,0.1111111119389534,0.0,0.0,0.0
04197,0.0,0.0,0.5,0.0,0.0,0.0
04198,0.0,0.0,0.0,0.0,0.3333333432674408,0.0
04199,0.0,0.0,0.0,0.2000000029802322,0.0,0.0
04200,0.3333333432674408,0.3333333432674408,0.3333333432674408,0.0,0.0,0.0
04201,0.0,0.0,0.5,0.0,0.0,0.0
04202,0.5,0.0,0.0,0.0,0.5,0.0
04203,0.0,0.0,0.3333333432674408,0.0,0.3333333432674408,0.0
04204,0.3333333432674408,0.0,0.0,0.0,0.0,0.0
04205,0.0,0.6666666666666666,0.0,0.0,0.0,0.3333333333333333
04206,0.0,0.0,0.0,0.0,0.0,0.5
04207,0.0,0.0,0.5,0.0,0.0,0.0
04208,0.0,0.5,0.0,0.5,0.5,0.0
04209,0.045045044273138,0.0180180184543132,0.0630630627274513,0.0,0.0,0.0270270276814699
04210,0.0,0.0263157896697521,0.1052631586790084,0.078947365283966,0.0526315793395042,0.1315789520740509
04211,0.0,0.0,0.1891891956329345,0.0270270276814699,0.0270270276814699,0.0
04212,0.2000000029802322,0.2000000029802322,0.0,0.0,0.2000000029802322,0.2000000029802322
04213,0.0,0.5,0.0,0.0,0.5,0.5
04214,0.5,0.0,0.0,0.0,0.5,0.0
04215,0.5,0.0,0.0,0.0,0.5,0.0
04216,0.0,0.0,0.0,0.0,0.5,0.0
04217,0.0,0.0,0.0,0.5,0.0,0.0
04218,0.5,0.0,0.0,0.0,0.0,0.5
04219,0.6666666865348816,0.0,0.0,0.0,0.3333333432674408,0.0
04220,0.0,0.0,0.25,0.0,0.0,0.0
04221,0.0,0.0,0.5,0.0,0.0,0.0
04222,0.1000000014901161,0.0,0.0,0.1000000014901161,0.0,0.0
04223,0.0366972461342811,0.1467889845371246,0.027522936463356,0.0,0.2385321110486984,0.0183486230671405
04224,0.0,0.5,0.0,0.0,0.0,0.0
04225,0.0,0.0,0.0,0.0,0.0,0.25
04226,0.0,0.0,0.0,0.0,0.6666666865348816,0.0
04227,0.0,0.5,0.0,0.0,0.5,0.5
04228,0.3333333432674408,0.0,0.3333333432674408,0.0,0.0,0.0
04229,1.0,0.5,0.0,0.0,0.0,0.0
04230,0.0,0.0,0.6666666666666666,0.0,0.0,0.0
04231,0.5,0.0,0.0,0.0,0.0,0.0
04232,0.0,0.3333333432674408,0.0,0.0,0.0,0.0
04233,0.1538461595773697,0.0598290599882602,0.0085470089688897,0.0,0.0683760717511177,0.0256410259753465
04234,0.0,0.0090090092271566,0.0720720738172531,0.0,0.0090090092271566,0.0
04235,0.0,0.0,0.25,0.0,0.0,0.0
04236,0.1666666716337204,0.0,0.1666666716337204,0.0,0.6666666865348816,0.1666666716337204
04237,0.5,0.0,0.0,0.0,0.5,0.5
04238,0.1666666716337204,0.0,0.0,0.0,0.0,0.0
04239,0.3333333432674408,0.0,0.0,0.0,0.3333333432674408,0.0
04240,0.5555555820465088,0.0833333358168602,0.0,0.0,0.1944444477558136,0.1388888955116272
04241,0.0,0.5,0.0,0.0,0.5,0.0
04242,0.5,0.5,0.5,0.0,0.0,0.0
04243,0.0,0.5,0.0,0.0,0.1666666716337204,0.1666666716337204
04244,0.0,0.0,0.0,0.0,0.25,0.0
04245,0.0,0.0,0.4000000059604645,0.0,0.0,0.0
04246,0.0,0.0,0.5,0.0,0.0,0.0
04247,0.0,0.0,0.0,0.0,0.5,0.0
04248,0.0172413792461156,0.0172413792461156,0.0258620698004961,0.0,0.0517241396009922,0.0
04249,0.0,0.0,0.5,0.0,0.0,0.0
04250,0.3333333432674408,0.3333333432674408,0.0,0.0,0.0,0.0
04251,0.5714285969734192,0.0,0.0,0.0,0.0,0.1428571492433548
04252,0.5,0.0,0.0,0.0,0.0,0.0
04253,0.3333333432674408,0.0,0.0,0.0,0.3333333432674408,0.3333333432674408
04254,0.0172413792461156,0.0172413792461156,0.0258620698004961,0.0,0.0517241396009922,0.0
04255,0.0,0.1666666716337204,0.1666666716337204,0.0,0.1666666716337204,0.1666666716337204
04256,0.4642857015132904,0.1607142835855484,0.0,0.0,0.2857142984867096,0.3392857015132904
04257,0.0,0.5,0.0,0.0,0.0,0.0
04258,0.0,1.0,0.0,0.0,1.0,1.0
04259,0.6000000238418579,0.0,0.0,0.0,0.0,0.0
04260,0.0,0.5,0.0,0.0,0.5,0.0
04261,0.0,0.2857142984867096,0.0,0.0,0.1428571492433548,0.2857142984867096
04262,0.0,0.0,0.0,0.5,0.0,0.0
04263,0.0,0.0,0.5,0.0,0.5,0.0
04264,0.0,0.5,0.0,0.0,0.0,0.0
04265,0.0,0.5,0.0,0.0,0.0,0.0
04266,0.5,0.0,0.0,0.0,0.0,0.0
04267,0.1666666716337204,0.1666666716337204,0.0,0.0,0.3333333432674408,0.5
04268,0.5,0.5,0.5,0.0,0.0,0.0
04269,0.0,0.0,0.1025641039013862,0.0170940179377794,0.0085470089688897,0.0
04270,0.0263157896697521,0.0,0.1052631586790084,0.0,0.0526315793395042,0.1052631586790084
04271,0.0,0.5,0.0,0.0,0.0,0.0
04272,0.5,0.0,0.0,0.0,0.5,0.5
04273,0.0,0.5,0.0,0.0,0.0,0.0
04274,0.0,0.2000000029802322,0.0,0.0,0.0,0.0
04275,0.0,0.0,0.0,0.0,0.0,0.5
04276,0.0,0.5,0.0,0.0,0.625,0.625
04277,0.5,0.0,0.0,0.0,0.75,0.5
04278,0.5,0.0,0.0,0.0,0.5,0.5
04279,0.0,0.5,0.5,0.0,1.0,0.0
04280,0.3333333432674408,0.3333333432674408,0.0,0.0,0.0,0.0
04281,0.0,0.0,0.0,0.0,0.5,0.5
04282,0.0,0.3333333432674408,0.0,0.0,0.3333333432674408,0.3333333432674408
04283,0.2000000029802322,0.0,0.0,0.0,0.0,0.0
04284,0.3333333432674408,0.0,0.0,0.0,0.3333333432674408,0.0
04285,0.2000000029802322,0.2000000029802322,0.0,0.0,0.2000000029802322,0.0
04286,0.0,0.0,0.5,0.0,0.0,0.0
04287,0.3333333432674408,0.0,0.0,0.0,0.0,0.0
04288,0.5,0.0,0.5,0.0,0.5,0.5
04289,0.5,0.0,0.0,0.5,0.0,0.0
04290,0.5,0.0,0.0,0.5,0.0,0.0
04291,0.3333333432674408,0.0,0.0,0.0,0.3333333432674408,0.0
04292,0.5,0.0,0.0,0.0,0.0,0.0
04293,0.5,0.0,0.0,0.0,0.0,0.0
04294,0.0,0.3333333333333333,0.0,0.0,0.0,0.0
04295,0.1666666716337204,0.1666666716337204,0.0,0.0,0.3333333432674408,0.5
04296,0.0,0.25,0.0,0.0,0.5,0.125
04297,0.5,0.5,0.0,0.0,1.0,0.5
04298,0.0,0.0,0.5,0.0,0.0,0.0
04299,0.25,0.0,0.0,0.0,0.0,0.0
04300,0.0,0.0,0.0,0.0,0.25,0.0
04301,0.0,0.3333333432674408,0.3333333432674408,0.0,0.3333333432674408,0.3333333432674408
04302,0.0,0.0,0.0,0.0,0.1000000014901161,0.1000000014901161
04303,0.0,0.1636363565921783,0.036363635212183,0.0272727273404598,0.0818181782960891,0.0909090936183929
04304,0.0,0.3333333432674408,0.0,0.0,0.1666666716337204,0.0
04305,0.0,0.5,0.0,0.0,0.0,0.0
04306,0.0,0.0,0.0,0.0,0.5,0.0
04307,0.0,0.0,0.0,0.0,0.5,0.0
04308,0.0,0.0,0.0,0.0,0.0,0.5
04309,0.0,0.0,0.0,0.0,0.3333333432674408,0.3333333432674408
04310,0.1666666716337204,0.0,0.0,0.0,0.0,0.0
04311,0.5,0.0,0.0,0.0,1.0,1.0
04312,0.0,0.0,0.4444444477558136,0.0,0.0,0.0
04313,0.0,0.2000000029802322,0.0,0.0,0.4000000059604645,0.4000000059604645
04314,0.5,0.5,0.5,0.0,0.0,0.0
04315,0.5,0.0,0.0,0.0,0.0,0.0
04316,0.0,0.0,0.0,0.0,0.5,0.5
04317,0.125,0.0390625,0.0234375,0.0,0.0546875,0.1015625
04318,0.0088495574891567,0.0,0.3185840845108032,0.0,0.0,0.0
04319,0.0,0.0090090092271566,0.0720720738172531,0.0,0.0090090092271566,0.0
04320,0.0,0.0,0.5,0.0,0.0,0.0
04321,0.0,0.0,0.125,0.0,0.0,0.0
04322,0.0,0.0,0.0,0.0,0.5,0.0
04323,0.5,0.0,0.0,0.0,0.0,0.0
04324,0.0,0.0,0.0,1.0,0.0,0.0
04325,0.5,0.0,0.5,0.0,0.0,0.0
04326,0.0291970800608396,0.0291970800608396,0.0656934306025505,0.0,0.0948905125260353,0.0510948896408081
04327,0.0,0.0,0.5,0.0,0.0,0.0
04328,0.0,0.5,0.0,0.0,0.0,0.0
04329,0.2000000029802322,0.2000000029802322,0.0,0.0,0.2000000029802322,0.4000000059604645
04330,0.5,0.0,0.0,0.0,0.0,0.0
04331,0.5,0.0,0.0,0.0,1.0,0.5
04332,0.0,0.5,0.0,0.0,0.5,0.5
04333,0.5,0.0,0.0,0.0,0.0,0.0
04334,0.0,0.0,0.0,0.0,0.5,0.5
04335,0.0,0.0,0.0,0.0,0.0,0.5
04336,0.5,0.0,0.5,0.0,0.0,0.5
04337,0.0,0.5,0.0,0.0,0.5,1.0
04338,0.0,0.25,0.0,0.0,0.0,0.0
04339,0.5,0.5,0.0,0.0,0.0,0.5
04340,0.0,0.5,0.0,0.0,0.0,0.5
04341,0.0,0.0,0.0,0.0,0.5,0.0
04342,0.0,0.0,0.0,0.5,0.0,0.0
04343,0.0,0.5,0.0,0.0,0.0,0.0
04344,1.0,0.0,0.0,0.0,0.0,0.0
04345,0.0,0.0091743115335702,0.0183486230671405,0.0091743115335702,0.0,0.0
04346,0.0,0.0,0.3333333333333333,0.0,0.0,0.0
04347,0.2857142984867096,0.0,0.1428571492433548,0.0,0.0,0.0
04348,0.0,0.0263157896697521,0.1315789520740509,0.0,0.0,0.0
04349,1.0,0.5,0.0,0.0,0.0,0.0
04350,0.0,0.0,0.1025641039013862,0.0170940179377794,0.0085470089688897,0.0
04351,0.6000000238418579,0.0,0.0,0.0,0.0,0.0
04352,1.0,0.5,0.0,0.0,0.0,0.0
04353,0.0,0.0,0.5,0.0,0.0,0.0
04354,0.0,0.0,0.0,0.0,0.0,0.6666666865348816
04355,0.5,0.0,0.0,0.0,0.0,0.0
04356,0.0,0.0,0.0,0.3333333333333333,0.0,0.0
04357,0.5,0.0,0.0,0.0,0.0,0.0
04358,0.0,0.0,0.0,0.0,0.5,0.0
04359,0.0,0.3333333432674408,0.0,0.0,0.6666666865348816,0.3333333432674408
04360,0.0,0.3333333432674408,0.0,0.0,0.0,0.0
04361,0.0,0.0,0.5,0.0,0.0,0.0
04362,0.0,0.0,0.0,0.0,0.5,0.5
04363,0.0,0.2222222238779068,0.1111111119389534,0.0,0.1111111119389534,0.2222222238779068
04364,0.0,0.0,0.0,0.0,0.0,1.0
04365,0.4444444477558136,0.0,0.0,0.0,0.0,0.1111111119389534
04366,0.0,0.0,0.0,0.0,0.0,0.3333333432674408
04367,0.0,0.3333333432674408,0.3333333432674408,0.0,0.0,0.0
04368,0.0,0.5,0.0,0.0,0.0,0.0
04369,0.0,0.0,0.5,0.0,0.0,0.0
04370,0.0,0.5,0.0,0.0,0.5,0.0
04371,0.0,0.0,0.3333333333333333,0.0,0.0,0.0
04372,0.25,0.25,0.0,0.0,0.25,0.0
04373,0.5,0.0,0.0,0.0,0.0,0.0
04374,0.0,0.5,0.0,0.0,0.0,0.0
04375,0.5,0.0,0.0,0.0,0.0,0.0
04376,0.0,0.3333333432674408,0.0,0.0,0.3333333432674408,0.3333333432674408
04377,0.0,0.0,0.5,0.0,0.0,0.5
04378,0.0,0.4000000059604645,0.0,0.0,0.0,0.2000000029802322
04379,0.0,0.5,0.0,0.0,0.5,0.0
04380,0.0,0.0,0.0,0.0,0.5,0.0
04381,0.0,0.5,0.0,0.0,0.0,0.0
04382,0.3333333432674408,0.0,0.0,0.0,0.0,0.3333333432674408
04383,0.3333333432674408,0.3333333432674408,0.0,0.0,0.0,0.0
04384,0.5,0.0,0.0,0.0,0.5,0.0
04385,0.3333333432674408,0.0,0.0,0.0,0.0,0.0
04386,0.0,0.0,0.5,0.0,0.0,0.5
04387,0.5,0.5,0.5,0.0,0.0,0.0
04388,0.2477064281702041,0.0091743115335702,0.027522936463356,0.0091743115335702,0.0183486230671405,0.0091743115335702
04389,0.25,0.0,0.0,0.0,0.0,0.0
04390,0.0,0.0,0.0,0.0,1.0,0.3333333432674408
04391,0.5,0.0,0.0,0.0,0.0,0.0
04392,0.0,0.6666666865348816,0.0,0.0,0.0,0.0
04393,0.0,0.0,0.1666666716337204,0.0,0.0,0.1666666716337204
04394,0.4000000059604645,0.0,0.0,0.0,0.2000000029802322,0.4000000059604645
04395,0.5,0.0,0.0,0.0,0.0,0.0
04396,0.0,0.0,0.0,0.0,0.0,0.5
04397,0.2000000029802322,0.4000000059604645,0.0,0.0,0.6000000238418579,0.800000011920929
04398,0.0,0.0,0.1025641039013862,0.0170940179377794,0.0085470089688897,0.0
04399,0.0,0.0,0.0,0.0,0.5,0.0
04400,0.0,0.0,0.5,0.0,0.0,0.0
04401,0.0,0.5,0.0,0.0,0.0,0.0
04402,0.0,0.2000000029802322,0.0,0.0,0.0,0.0
04403,0.0,0.25,0.0,0.0,0.0,0.0
04404,0.0,0.5,0.0,0.0,0.5,0.5
04405,0.0,0.0,0.3333333333333333,0.0,0.0,0.0
04406,0.0,0.0,0.5,0.0,0.0,0.0
04407,0.0,0.0,0.1666666716337204,0.0,0.0,0.0
04408,0.0,0.0,0.2222222238779068,0.0,0.0,0.0
04409,0.0714285746216774,0.0,0.0238095242530107,0.095238097012043,0.0,0.0
04410,0.0,0.0,1.0,0.0,0.0,0.0
04411,0.1666666716337204,0.3333333432674408,0.0,0.0,0.1666666716337204,0.6666666865348816
04412,0.0,0.0,0.0,0.0,0.0,0.5
04413,0.0,0.0,0.0,0.0,0.0,0.5
04414,0.5,0.0,0.0,0.0,0.5,0.0
04415,0.1000000014901161,0.1000000014901161,0.1000000014901161,0.0,0.1000000014901161,0.0
04416,0.0,1.0,0.0,0.0,0.5,0.5
04417,0.125,0.0390625,0.0234375,0.0,0.0546875,0.1015625
04418,0.0,0.0,0.0,0.0,0.5,0.0
04419,0.5,0.0,0.0,0.0,0.0,0.5
04420,0.3333333432674408,0.3333333432674408,0.0,0.0,0.3333333432674408,0.0
04421,0.0,0.0,0.0,0.0,0.0,0.5
04422,0.3333333432674408,0.3333333432674408,0.0,0.0,0.0,0.0
04423,0.6666666865348816,0.0,0.0,0.0,0.0,0.0
04424,0.3333333432674408,0.0,0.0,0.0,0.3333333432674408,0.0
04425,0.5,0.0,0.0,0.0,0.0,0.0
04426,0.0,0.0,0.0,0.0,0.5,0.0
04427,0.0,0.6666666865348816,0.0,0.0,0.1666666716337204,0.0
04428,0.0,0.0,0.0,0.0,0.0,0.3333333432674408
04429,0.0,0.0,0.0,0.0,0.0,0.6666666865348816
04430,0.0,0.0,0.0,0.0,0.2000000029802322,0.0
04431,0.0,0.0,0.5,0.0,0.0,0.0
04432,0.1666666716337204,0.0,0.0,0.0,0.0,0.0
04433,0.4444444444444444,0.0,0.1111111111111111,0.0,0.0,0.0
04434,0.0291970800608396,0.0291970800608396,0.0656934306025505,0.0,0.0948905125260353,0.0510948896408081
04435,0.0,0.0,0.0,0.0,0.5,0.0
04436,0.0,0.0,0.5,0.0,0.0,0.0
04437,0.0,0.5,0.0,0.0,0.0,0.0
04438,0.5,0.0,0.0,0.0,0.0,0.0
04439,0.0,0.0,0.0,0.0948275849223136,0.0,0.0
04440,0.3333333333333333,0.0,0.0,0.0,0.0,0.0
04441,0.0,0.0,0.5,0.0,0.0,0.0
04442,0.0,0.0,0.3333333432674408,0.0,0.0,0.0
04443,0.0,0.0,0.0,0.0,0.0,0.5
04444,0.5,0.0,0.25,0.0,0.0,0.0
04445,0.6666666865348816,0.0,0.0,0.0,1.0,0.0
04446,0.0,0.1636363565921783,0.036363635212183,0.0272727273404598,0.0818181782960891,0.0909090936183929
04447,0.0,0.5,0.0,0.0,0.5,1.0
04448,0.5,0.0,0.0,0.0,0.0,0.0
04449,0.0,0.6000000238418579,0.0,0.0,0.0,0.4000000059604645
04450,0.0,0.3333333432674408,0.0,0.0,0.0,0.0
04451,0.0,0.0,0.1395348906517028,0.0232558138668537,0.0,0.0
04452,0.0,0.0091743115335702,0.0183486230671405,0.0091743115335702,0.0,0.0
04453,1.0,1.0,0.0,0.0,0.0,0.0
04454,0.0,0.0,0.5,0.0,0.0,0.0
04455,0.3333333432674408,0.0,0.0,0.0,0.6666666865348816,0.0
04456,0.5,0.0,0.5,0.0,0.0,0.5
04457,0.0,0.0,0.0,0.0,0.2000000029802322,0.0
04458,0.0,0.0,0.7142857313156128,0.0,0.0,0.0
04459,0.0,0.0,0.3333333333333333,0.3333333333333333,0.0,0.0
04460,0.125,0.0390625,0.0234375,0.0,0.0546875,0.1015625
04461,0.1666666716337204,0.1666666716337204,0.0,0.0,0.0,0.1666666716337204
04462,0.6000000238418579,0.2000000029802322,0.0,0.0,0.2000000029802322,0.2000000029802322
04463,0.0,0.0,0.0,0.2,0.0,0.0
04464,0.0,0.5,0.0,0.0,0.0,0.5
04465,0.5,0.0,0.0,0.0,0.0,0.0
04466,0.0,0.0,0.5,0.0,0.0,0.0
04467,0.0,0.0,0.0,0.0,0.3333333432674408,0.6666666865348816
04468,0.0,0.0,0.5,0.0,0.0,0.0
04469,0.0,0.5,0.0,0.0,0.0,0.0
04470,0.1111111119389534,0.0,0.2222222238779068,0.0,0.0,0.0
04471,0.0,0.0,0.0,0.0,0.25,0.0
04472,0.0,0.0,0.5,0.0,0.0,0.0
04473,0.5,0.0,0.0,0.0,0.0,0.0
04474,0.0,0.3333333432674408,0.0,0.0,0.0,0.6666666865348816
04475,0.5,0.0,0.0,0.0,0.0,0.0
04476,0.0,0.0,0.0,0.0,0.5,0.0
04477,0.0,0.3333333432674408,0.0,0.0,0.3333333432674408,0.3333333432674408
04478,0.5,0.0,0.0,0.0,0.0,0.0
04479,0.5,0.0,0.0,0.0,0.0,0.0
04480,0.0,0.0,0.0,0.0,0.5,0.0
04481,0.0,0.0091743115335702,0.0183486230671405,0.0091743115335702,0.0,0.0
04482,0.6666666865348816,0.0,0.0,0.0,0.0,0.0
04483,0.1666666716337204,0.1666666716337204,0.1666666716337204,0.0,0.1666666716337204,0.0
04484,1.0,0.0,0.0,0.0,0.0,0.0
04485,0.1428571492433548,0.1428571492433548,0.4285714328289032,0.0,0.0,0.0
04486,0.0,0.3333333432674408,0.3333333432674408,0.0,0.0,0.0
04487,0.2477064281702041,0.0091743115335702,0.027522936463356,0.0091743115335702,0.0183486230671405,0.0091743115335702
04488,0.3333333432674408,0.3333333432674408,0.0,0.0,0.0,0.0
04489,0.6000000238418579,0.0,0.0,0.0,0.0,0.0
04490,0.1666666716337204,0.0,0.0,0.0,0.0,0.0
04491,0.0,0.5,0.0,0.0,0.0,0.0
04492,0.3333333432674408,0.0,0.0,0.0,0.0,0.0
04493,0.5,0.0,0.0,0.0,0.5,0.5
04494,0.3333333432674408,0.0,0.0,0.0,0.0,0.0
04495,0.0080000003799796,0.0399999991059303,0.1360000073909759,0.0080000003799796,0.1599999964237213,0.0
04496,0.0,0.0,0.0,0.0,0.5,0.0
04497,0.0,0.5,0.0,0.0,0.0,0.0
04498,0.0,0.0,0.0,0.0,0.5,0.0
04499,0.0,0.0,0.0,0.0,0.5,0.0
04500,0.0,0.0,0.0,0.0,0.0,0.5
04501,0.5,0.0,0.0,0.0,0.0,0.0
04502,0.0,0.0,0.5,0.0,0.0,0.0
04503,0.5,0.0,0.0,0.0,0.0,0.0
04504,0.0,0.0,0.0,0.0,0.3333333333333333,0.0
04505,0.0,0.0,0.0,0.2857142984867096,0.0,0.0
04506,0.0,0.5,0.0,0.0,0.1666666716337204,0.6666666865348816
04507,0.5,0.0,0.5,0.0,0.0,0.0
04508,0.0,0.0,0.5,0.0,0.0,0.0
04509,0.0,0.0,0.2000000029802322,0.0,0.0,0.0
04510,0.5,0.0,0.0,0.0,0.5,0.0
04511,0.0,0.3333333432674408,0.0,0.0,0.0,0.0
04512,0.0,0.0,0.0,0.5,0.0,0.0
04513,0.0,0.0,0.0,0.0,0.0,0.6666666666666666
04514,0.5,0.0,0.0,0.0,0.5,0.5
04515,0.0,0.0,0.5,0.0,0.0,0.0
04516,0.5,0.0,0.0,0.0,0.5,0.0
04517,0.3333333432674408,0.6666666865348816,0.0,0.0,0.0,0.0
04518,0.0172413792461156,0.0172413792461156,0.0258620698004961,0.0,0.0517241396009922,0.0
04519,0.0,0.0,0.0,0.0,0.1428571492433548,0.0
04520,0.0088495574891567,0.0,0.3185840845108032,0.0,0.0,0.0
04521,0.25,0.5,0.0,0.0,0.5,0.0
04522,0.1666666716337204,0.0,0.0,0.0,0.0,0.0
04523,0.0,0.0,0.0256410259753465,0.0341880358755588,0.0,0.0
04524,0.5,0.0,0.0,0.0,0.0,0.0
04525,0.0,0.1428571492433548,0.1428571492433548,0.0,0.0,0.1428571492433548
04526,0.0,0.0,0.5,0.0,0.0,0.0
04527,0.5,0.5,0.5,0.0,0.0,0.0
04528,0.0,0.0,0.0,0.0,0.5,0.0
04529,0.1666666716337204,0.0,0.0,0.0,0.0,0.1666666716337204
04530,0.0,0.3333333333333333,0.0,0.0,0.0,0.0
04531,0.0,0.0,0.0,0.0,0.3333333432674408,0.1666666716337204
04532,0.0,0.0,0.0,0.0,0.0,0.5
04533,0.3333333432674408,0.0,0.0,0.0,0.0,0.0
04534,0.0,0.2,0.2,0.0,0.0,0.6
04535,0.6666666865348816,0.0,0.0,0.0,0.3333333432674408,0.3333333432674408
04536,0.5,0.0,0.0,0.0,0.5,0.0
04537,0.0,0.5,0.0,0.0,0.0,0.0
04538,0.0,0.0,0.0,0.0,0.3333333432674408,0.0
04539,0.0263157896697521,0.0,0.1052631586790084,0.0,0.0526315793395042,0.1052631586790084
04540,0.0,0.0,0.5,0.0,0.0,0.0
04541,0.0,0.0,0.0,0.0,0.5,0.0
04542,0.0,0.5,0.0,0.0,0.0,0.0
04543,0.0,0.0,0.0,0.0,1.0,0.0
04544,0.0,0.0,0.0256410259753465,0.0341880358755588,0.0,0.0
04545,0.5,0.0,0.0,0.0,0.0,0.0
04546,0.0,0.0,0.0,0.5,0.0,0.0
04547,0.3333333432674408,0.3333333432674408,0.0,0.0,0.3333333432674408,0.0
04548,0.5,0.0,0.5,0.0,0.0,0.0
04549,1.0,0.0,0.0,0.0,0.0,0.0
04550,0.0,0.5,0.0,0.0,0.0,0.0
04551,0.0,0.2000000029802322,0.0,0.0,0.0,0.0
04552,0.0,0.0,0.0,0.0,0.0,0.5
04553,0.0,0.0,0.0,0.0,0.3333333432674408,0.0
04554,0.0,0.4000000059604645,0.2000000029802322,0.0,0.0,0.2000000029802322
04555,0.0,0.1666666716337204,0.0,0.0,0.0,0.0
04556,0.0,0.0,0.1666666716337204,0.0,0.0,0.0
04557,0.0,0.0,0.0,0.0,0.5,0.5
04558,0.5,0.0,0.5,0.0,0.0,0.0
04559,0.0,0.2000000029802322,0.0,0.0,0.2000000029802322,0.4000000059604645
04560,1.0,0.0,0.0,0.0,0.0,0.0
04561,0.0,0.0,0.0,0.0,0.5,0.0
04562,0.0341880358755588,0.0769230797886848,0.0598290599882602,0.0,0.2905983030796051,0.0940170958638191
04563,0.0,0.0,0.2000000029802322,0.0,0.0,0.0
04564,0.3333333432674408,0.0,0.0,0.0,0.0,0.0
04565,0.0,0.0,0.0,0.5,0.0,0.0
04566,0.6666666865348816,0.3333333432674408,0.0,0.0,0.3333333432674408,0.0
04567,0.0,0.0,0.5,0.0,0.5,0.0
04568,0.2222222238779068,0.0,0.0,0.0,0.0,0.0
04569,0.0,0.0,0.2000000029802322,0.0,0.0,0.0
04570,0.0,0.0,0.0,0.0,0.125,0.5
04571,0.75,0.0,0.0,0.0,0.25,0.5
04572,0.0,0.3333333432674408,0.0,0.0,0.3333333432674408,0.6666666865348816
04573,0.0,0.1666666716337204,0.1666666716337204,0.0,0.1666666716337204,0.1666666716337204
04574,0.0,0.5,0.0,0.0,0.0,0.0
04575,0.5,0.0,0.0,0.0,0.0,0.0
04576,0.0,0.0,0.0,0.5,0.0,0.0
04577,0.045045044273138,0.0180180184543132,0.0630630627274513,0.0,0.0,0.0270270276814699
04578,0.0,0.5,0.0,0.0,0.0,0.0
04579,0.3333333432674408,0.0,0.0,0.0,0.0,0.3333333432674408
04580,1.0,0.0,0.0,0.0,0.0,0.0
04581,0.5,0.0,0.0,0.0,0.0,0.0
04582,0.0,0.6666666666666666,0.0,0.0,0.0,0.0
04583,0.0,0.2000000029802322,0.0,0.0,0.2000000029802322,0.4000000059604645
04584,0.5,0.0,0.5,0.0,0.0,0.0
04585,0.125,0.0,0.125,0.0,0.0,0.0
04586,0.2162162214517593,0.0270270276814699,0.0,0.0,0.1351351290941238,0.3243243098258972
04587,0.0,0.25,0.0,0.0,0.5,0.25
04588,0.0,0.0,1.0,0.0,0.0,0.0
04589,0.1666666716337204,0.3333333432674408,0.0,0.0,0.0,0.1666666716337204
04590,0.5,0.0,0.0,0.0,0.0,0.0
04591,0.0088495574891567,0.0,0.3185840845108032,0.0,0.0,0.0
04592,0.0,0.0,0.4,0.2,0.0,0.0
04593,0.0,0.0,0.1428571492433548,0.0,0.0,0.0
04594,0.0,0.0,0.5,0.0,0.0,0.0
04595,0.0,0.0,0.0,0.0,0.5,0.0
04596,0.0,0.0,0.3333333333333333,0.0,0.0,0.3333333333333333
04597,0.5,0.0,0.0,0.5,0.0,0.0
04598,0.5,0.0,0.0,0.0,0.0,0.0
04599,0.0,0.0,0.5,0.0,0.0,0.0
04600,0.6666666865348816,0.0,0.0,0.0,0.3333333432674408,0.3333333432674408
04601,0.0,0.1666666716337204,0.0,0.0,0.0,0.0
04602,0.0,0.0,0.3333333432674408,0.0,0.0,0.0
04603,0.0,0.1666666716337204,0.1666666716337204,0.0,0.1666666716337204,0.1666666716337204
04604,0.0,0.3333333432674408,0.0,0.0,0.0,0.5
04605,0.25,0.0,0.25,0.0,0.0,0.25
04606,0.0,0.0,1.0,0.0,0.0,0.0
04607,0.0172413792461156,0.0172413792461156,0.0258620698004961,0.0,0.0517241396009922,0.0
04608,0.0,0.0090090092271566,0.0720720738172531,0.0,0.0090090092271566,0.0
04609,0.0,0.5,0.0,0.0,0.0,0.0
04610,0.3333333432674408,0.3333333432674408,0.0,0.0,0.3333333432674408,0.0
04611,0.0,0.0,0.2857142984867096,0.0,0.0,0.0
04612,0.0,0.0,0.0,0.0,0.0,0.1666666716337204
04613,0.0243902429938316,0.0243902429938316,0.0487804859876632,0.0243902429938316,0.0243902429938316,0.0
04614,0.0,0.0,0.0,0.0,0.0,0.25
04615,0.2093023210763931,0.0465116277337074,0.1162790730595588,0.0,0.302325576543808,0.2790697813034057
04616,0.1000000014901161,0.1000000014901161,0.1000000014901161,0.0,0.1000000014901161,0.0
04617,0.5,0.0,0.0,0.0,0.0,0.0
04618,0.0,0.0,0.5,0.0,0.0,0.0
04619,0.0,0.3333333432674408,0.0,0.0,0.3333333432674408,0.0
04620,0.0,0.6666666865348816,0.0,0.0,0.3333333432674408,0.3333333432674408
04621,0.0080000003799796,0.0399999991059303,0.1360000073909759,0.0080000003799796,0.1599999964237213,0.0
04622,0.0,0.0,0.1025641039013862,0.0170940179377794,0.0085470089688897,0.0
04623,0.5,0.5,0.5,0.0,0.0,0.0
04624,0.0,0.0,0.0,0.0,0.0,0.1428571492433548
04625,0.0,0.0,0.5,0.0,0.0,0.0
04626,0.5,0.0,0.0,0.0,0.0,0.0
04627,0.25,0.0,0.0,0.0,0.0,0.25
04628,0.5,0.0,0.0,0.0,0.0,0.0
04629,0.0,0.0,0.0,0.0,0.5,0.5
04630,0.0088495574891567,0.0,0.3185840845108032,0.0,0.0,0.0
04631,0.2000000029802322,0.4000000059604645,0.2000000029802322,0.0,0.4000000059604645,0.2000000029802322
04632,0.0,0.0,0.0,0.0,0.5,0.0
04633,0.0,0.5,0.0,0.0,0.5,0.5
04634,0.0,0.0,0.0,0.0,0.25,0.0
04635,0.5,0.0,0.0,0.0,0.0,0.5
04636,0.1009174287319183,0.0091743115335702,0.027522936463356,0.0,0.082568809390068,0.027522936463356
04637,0.2380952388048172,0.0238095242530107,0.095238097012043,0.0,0.0476190485060215,0.0476190485060215
04638,0.3333333432674408,0.0,0.3333333432674408,0.0,0.3333333432674408,0.3333333432674408
04639,0.0,0.5,0.0,0.0,0.0,0.0
04640,0.2380952388048172,0.0238095242530107,0.095238097012043,0.0,0.0476190485060215,0.0476190485060215
04641,0.2000000029802322,0.2000000029802322,0.0,0.0,0.4000000059604645,0.4000000059604645
04642,0.625,0.0,0.0,0.0,0.25,0.125
04643,0.0,0.0,0.0,0.0,0.2,0.6
04644,0.5,0.5,0.0,0.0,0.5,0.0
04645,0.0,0.0,0.0,0.0,0.0,0.5
04646,0.3333333432674408,0.1666666716337204,0.0,0.0,0.0,0.3333333432674408
04647,0.6666666865348816,0.0,0.0,0.0,0.0,0.0
04648,0.0,0.0,0.2000000029802322,0.0,0.0,0.0
04649,0.5,0.0,0.0,0.0,0.0,0.0
04650,0.0,0.1636363565921783,0.036363635212183,0.0272727273404598,0.0818181782960891,0.0909090936183929
04651,0.2000000029802322,0.0,0.0,0.0,0.0,0.0
04652,0.0,0.0,0.0,0.0,0.5,0.0
04653,0.0,0.25,0.0,0.25,0.0,0.0
04654,0.1428571492433548,0.0,0.1428571492433548,0.0,0.0,0.0
04655,0.5,0.0,0.0,0.0,0.0,0.0
04656,0.0341880358755588,0.0769230797886848,0.0598290599882602,0.0,0.2905983030796051,0.0940170958638191
04657,0.0,0.0,0.16666666666666666,0.0,0.0,0.0
04658,0.1538461595773697,0.0598290599882602,0.0085470089688897,0.0,0.0683760717511177,0.0256410259753465
04659,0.1538461595773697,0.0598290599882602,0.0085470089688897,0.0,0.0683760717511177,0.0256410259753465
04660,0.0,1.0,0.0,0.0,0.0,0.0
04661,0.0,0.6666666865348816,0.0,0.0,0.6666666865348816,0.0
04662,0.0,0.0,0.0,0.0,0.0,0.5
04663,0.5,0.5,0.0,0.0,0.0,1.0
04664,0.0,0.5,0.0,0.0,0.0,0.0
04665,0.0,0.0,0.0,0.0,0.0,0.3333333333333333
04666,0.1666666716337204,0.0,0.0,0.0,0.3333333432674408,0.1666666716337204
04667,0.0,0.0,0.800000011920929,0.0,0.0,0.0
04668,0.5,0.5,0.5,0.0,0.0,0.0
04669,0.0,0.0,0.0,0.0,0.25,0.5
04670,0.4444444477558136,0.0,0.0,0.0,0.0,0.1111111119389534
04671,0.1009174287319183,0.0091743115335702,0.027522936463356,0.0,0.082568809390068,0.027522936463356
04672,0.0,0.3333333432674408,0.0,0.0,0.0,0.3333333432674408
04673,0.0,0.0,0.0,0.0,0.5,0.5
04674,0.0,0.4000000059604645,0.0,0.0,0.4000000059604645,0.2000000029802322
04675,0.3333333432674408,0.3333333432674408,0.0,0.0,0.0,0.3333333432674408
04676,0.3333333432674408,0.0,0.0,0.0,0.0,0.0
04677,0.5,0.0,0.0,0.0,0.5,0.0
04678,0.5,0.0,0.0,0.0,0.0,0.0
04679,0.0,0.5,0.0,0.0,0.5,0.5
04680,0.3333333432674408,0.0,0.0,0.0,0.0,0.1666666716337204
04681,0.5,0.0,0.0,0.0,0.0,0.5
04682,0.0,0.0,0.3333333432674408,0.0,0.1666666716337204,0.0
04683,0.5,0.5,0.5,0.0,0.0,0.0
04684,0.5,0.0,0.0,0.0,0.0,0.0
04685,0.5,0.0,0.0,0.0,0.5,0.5
04686,0.0,0.0,0.0,0.5,0.0,0.0
04687,0.0,0.3333333432674408,0.0,0.0,0.0,0.6666666865348816
04688,0.0,0.0,0.4,0.0,0.0,0.0
04689,0.0,0.0,0.0,0.0,0.5,0.0
04690,0.0,0.0,0.0,0.0,0.5,0.0
04691,0.0,0.3333333432674408,0.0,0.0,0.0,0.0
04692,0.0291970800608396,0.0291970800608396,0.0656934306025505,0.0,0.0948905125260353,0.0510948896408081
04693,0.0,0.3333333432674408,0.0,0.0,0.1666666716337204,0.5
04694,0.0291970800608396,0.0291970800608396,0.0656934306025505,0.0,0.0948905125260353,0.0510948896408081
04695,0.0,0.5,0.0,0.0,0.0,0.0
04696,0.0,0.2857142984867096,0.0,0.0,0.1428571492433548,0.4285714328289032
04697,0.3333333432674408,0.0,0.0,0.0,0.0,0.0
04698,0.5,0.0,0.0,0.0,0.0,0.5
04699,0.3333333432674408,0.0,0.0,0.0,0.0,0.0
04700,0.3333333432674408,0.0,0.0,0.0,0.0,0.0
04701,0.0,0.0,0.0,0.5,0.0,0.0
04702,0.0,0.0,0.1111111119389534,0.0,0.0,0.0
04703,0.0,0.0,0.0,0.2000000029802322,0.0,0.0
04704,0.0,0.5,0.0,0.0,0.0,0.5
04705,0.0,0.0,0.0,0.0,0.0,0.3333333432674408
04706,0.0,0.0,0.0,0.2000000029802322,0.0,0.0
04707,0.0,0.5,0.0,0.0,0.0,0.0
04708,0.6666666865348816,0.1666666716337204,0.1666666716337204,0.0,0.0,0.0
04709,0.1666666716337204,0.0,0.0,0.0,0.5,0.5
04710,0.5,0.5,0.5,0.0,0.0,0.0
04711,0.0,0.1111111119389534,0.0,0.0,0.4444444477558136,0.3333333432674408
04712,0.0,0.0,0.0,0.0,0.5,0.0
04713,0.2000000029802322,0.2000000029802322,0.0,0.0,0.0,0.0
04714,0.0,0.5,0.5,0.0,0.5,0.5
04715,0.0,0.0,0.5,0.0,0.0,0.0
04716,0.0,0.0,0.5,0.0,0.0,0.0
04717,0.0,0.3333333432674408,0.0,0.0,0.0,0.0
04718,0.0,0.6666666865348816,0.1666666716337204,0.0,0.0,0.1666666716337204
04719,0.5,0.0,0.0,0.0,0.5,0.0
04720,0.2093023210763931,0.0465116277337074,0.1162790730595588,0.0,0.302325576543808,0.2790697813034057
04721,0.0,0.0,0.0256410259753465,0.0341880358755588,0.0,0.0
04722,0.0,0.0,0.1025641039013862,0.0170940179377794,0.0085470089688897,0.0
04723,0.5,0.0,0.5,0.0,0.0,0.0
04724,0.1666666716337204,0.0,0.0,0.0,0.0,0.0
04725,0.0,0.3333333432674408,0.0,0.0,0.0,0.0
04726,0.0,0.0,0.0,0.0,0.0,0.5
04727,0.0,0.0,0.3333333432674408,0.0,0.0,0.0
04728,0.0,0.0,0.25,0.25,0.0,0.0
04729,0.5,0.0,0.0,0.0,0.0,0.0
04730,0.0,0.125,0.0,0.0,0.25,0.0
04731,0.3333333432674408,0.0,0.0,0.0,0.0,0.0
04732,0.0,0.0,0.5,0.0,0.0,0.0
04733,0.1009174287319183,0.0091743115335702,0.027522936463356,0.0,0.082568809390068,0.027522936463356
04734,0.0,1.0,0.0,0.0,0.5,0.0
04735,0.0,0.0,0.5,0.0,0.0,0.0
04736,0.2857142984867096,0.0,0.1428571492433548,0.0,0.0,0.0
04737,0.0,0.0,0.0,0.0948275849223136,0.0,0.0
04738,0.5,0.0,0.0,0.0,0.0,0.0
04739,0.1428571492433548,0.0,0.2857142984867096,0.0,0.2857142984867096,0.2857142984867096
04740,0.5,0.0,0.0,0.0,0.0,0.0
04741,0.5,0.0,0.0,0.5,0.0,0.0
04742,0.1538461595773697,0.0,0.0769230797886848,0.0,0.0769230797886848,0.0512820519506931
04743,0.0,0.6666666865348816,0.0,0.0,0.0,0.3333333432674408
04744,0.0,0.0,0.5,0.5,0.0,0.0
04745,0.0,0.5,0.0,0.0,0.5,0.5
04746,0.5,0.0,0.0,0.0,0.0,0.0
04747,0.0,0.1636363565921783,0.036363635212183,0.0272727273404598,0.0818181782960891,0.0909090936183929
04748,0.0,0.25,0.0,0.0,0.25,0.0
04749,0.3333333432674408,0.0,0.0,0.0,0.0,0.0
04750,0.0,0.3333333432674408,0.0,0.0,0.0,0.0
04751,0.0,0.0,0.5,0.0,0.0,0.0
04752,0.0,1.0,0.0,0.0,0.5,0.0
04753,0.0,0.5,0.0,0.0,0.0,0.0
04754,0.0,0.1428571492433548,0.1428571492433548,0.0,0.0,0.1428571492433548
04755,0.1428571492433548,0.1428571492433548,0.0,0.0,0.4285714328289032,0.1428571492433548
04756,0.0,0.0,0.0,0.0,0.25,0.0
04757,0.0,0.0,0.5,0.0,0.0,0.0
04758,0.3333333432674408,0.0,0.0,0.0,0.0,0.0
04759,0.3333333432674408,0.0,0.3333333432674408,0.0,0.3333333432674408,0.0
04760,1.0,0.0,0.0,0.0,0.0,0.0
04761,0.0,0.0,0.0,0.0,0.0,0.4000000059604645
04762,0.0,0.5,0.0,0.0,0.25,0.0
04763,0.0,0.0,0.5,0.0,0.0,0.5
04764,0.0,0.0,0.0,0.5,0.0,0.0
04765,0.0341880358755588,0.0769230797886848,0.0598290599882602,0.0,0.2905983030796051,0.0940170958638191
04766,0.5,0.0,0.0,0.0,0.5,1.0
04767,0.0,0.0,0.0,0.25,0.0,0.0
04768,0.0,0.5,0.0,0.0,0.0,0.0
04769,0.0,0.0,0.1111111119389534,0.0,0.0,0.0
04770,0.5,0.0,0.0,0.0,0.0,0.0
04771,0.0,0.0,0.5,0.0,0.0,0.0
04772,0.5,0.0,0.0,0.0,0.0,0.0
04773,0.0,0.0,0.0,0.0,0.5,0.0
04774,0.0,0.0,0.0,0.0,0.5,0.0
04775,0.0,0.0,0.0256410259753465,0.0341880358755588,0.0,0.0
04776,0.0,0.0090090092271566,0.0720720738172531,0.0,0.0090090092271566,0.0
04777,1.0,0.5,0.0,0.0,0.0,0.0
04778,0.5,0.0,0.0,0.0,0.0,0.0
04779,0.0,0.0,0.5,0.0,0.0,0.0
04780,0.0,0.0,0.25,0.0,0.0,0.0
04781,1.0,0.0,0.0,0.0,0.0,0.0
04782,1.0,0.5,0.0,0.0,0.0,0.0
04783,0.0,0.5,0.0,0.0,0.5,0.0
04784,0.0,0.0,0.3333333432674408,0.0,0.0,0.0
04785,0.0088495574891567,0.0,0.3185840845108032,0.0,0.0,0.0
04786,0.0,0.0,0.0256410259753465,0.0341880358755588,0.0,0.0
04787,0.25,0.0,0.0,0.0,0.0,0.5
04788,0.0,0.0,0.0,1.0,0.0,0.0
04789,0.0,0.0,0.0,0.0,0.5,0.5
04790,0.5,0.0,0.0,0.0,0.0,0.0
04791,0.0,0.5,0.0,0.0,0.0,0.0
04792,0.1111111119389534,0.0222222227603197,0.0444444455206394,0.0222222227603197,0.0,0.0222222227603197
04793,0.0,0.0,0.0,0.0,0.0,0.5
04794,0.0,0.5,0.0,0.0,0.5,0.0
04795,0.0,0.0,0.4000000059604645,0.0,0.0,0.0
04796,0.0,0.0,0.0,0.5,0.0,0.0
04797,0.0,0.5,0.0,0.0,0.0,0.5
04798,0.0,0.5,0.0,0.0,0.0,0.0
04799,0.0,0.5,0.0,0.0,0.0,0.0
04800,0.0,0.0,0.3333333333333333,0.0,0.0,0.0
04801,0.0,0.5,0.0,0.0,0.0,0.0
04802,0.0,0.0,0.5,0.0,0.0,0.0
04803,0.5,0.0,0.0,0.0,0.0,0.0
04804,0.1538461595773697,0.0,0.0769230797886848,0.0,0.0769230797886848,0.0512820519506931
04805,0.5,0.0,0.0,0.0,0.0,0.0
04806,0.0,0.0,0.0,0.0,0.5,0.0
04807,0.0341880358755588,0.0769230797886848,0.0598290599882602,0.0,0.2905983030796051,0.0940170958638191
04808,0.0,0.0090090092271566,0.0720720738172531,0.0,0.0090090092271566,0.0
04809,0.0,0.0,0.25,0.5,0.0,0.0
04810,0.5,0.5,0.5,0.0,0.0,0.0
04811,0.125,0.0390625,0.0234375,0.0,0.0546875,0.1015625
04812,0.0,0.0089285718277096,0.0357142873108387,0.0089285718277096,0.0089285718277096,0.0
04813,0.0,0.0,0.5,0.0,0.0,0.0
04814,0.2000000029802322,0.0,0.0,0.0,0.0,0.0
04815,0.0,0.0,0.0,0.0,0.3333333333333333,0.0
04816,0.0,0.1666666716337204,0.0,0.0,0.0,0.0
04817,0.0,0.5,0.0,0.0,0.0,0.0
04818,0.0,0.0,0.3333333432674408,0.0,0.0,0.0
04819,0.0291970800608396,0.0291970800608396,0.0656934306025505,0.0,0.0948905125260353,0.0510948896408081
04820,0.5,0.0,0.0,0.0,0.5,0.0
04821,0.0,0.3333333432674408,0.3333333432674408,0.0,0.0,0.0
04822,0.4642857015132904,0.1607142835855484,0.0,0.0,0.2857142984867096,0.3392857015132904
04823,0.0,0.0,0.1111111119389534,0.0,0.0,0.0
04824,0.5,0.0,0.0,0.0,0.0,0.0
04825,0.0,0.0,0.1428571492433548,0.0,0.0,0.0
04826,0.5,0.5,0.0,0.0,0.0,0.5
04827,0.0,0.4285714328289032,0.0,0.0,0.0,0.2857142984867096
04828,0.0,0.25,0.0,0.0,0.0,0.5
04829,0.5,0.0,0.0,0.5,0.0,0.0
04830,0.0,0.5,0.0,0.0,0.5,0.0
04831,0.125,0.0390625,0.0234375,0.0,0.0546875,0.1015625
04832,0.0,0.0,0.0,0.0,0.0,0.6666666865348816
04833,0.0,0.5,0.0,0.0,0.5,0.0
04834,0.0,0.0,0.0,0.5,0.0,0.0
04835,0.0,0.0,0.0,0.0,0.5,0.0
04836,0.0,0.0,0.0,0.0,0.5,0.5
04837,0.5,0.0,0.0,0.0,0.5,0.0
04838,0.5,0.0,0.0,0.0,0.0,0.0
04839,0.0,0.0,0.0,0.0,0.5,0.0
04840,0.0,0.125,0.0,0.0,0.0,0.0
04841,0.4000000059604645,0.2000000029802322,0.0,0.0,0.4000000059604645,0.2000000029802322
04842,0.25,0.0,0.0,0.0,0.0,0.0
04843,0.0,0.3333333432674408,0.0,0.0,0.3333333432674408,0.0
04844,0.0,0.2000000029802322,0.0,0.0,0.0,0.2000000029802322
04845,0.0,0.5,0.0,0.0,0.5,0.0
04846,0.0,0.0,0.0,0.0,0.25,0.0
04847,0.0,0.0,0.0,0.0,0.0,0.6666666865348816
04848,0.0,0.0,0.0,0.0,0.0,0.5
04849,0.0341880358755588,0.0769230797886848,0.0598290599882602,0.0,0.2905983030796051,0.0940170958638191
04850,1.0,0.0,0.0,0.0,0.0,0.5
04851,0.0,0.0,0.1666666716337204,0.0,0.0,0.0
04852,0.0,0.0091743115335702,0.0183486230671405,0.0091743115335702,0.0,0.0
04853,0.0,0.0,0.25,0.0,0.25,0.5
04854,0.0,0.1666666716337204,0.0,0.0,0.5,0.6666666865348816
04855,0.5,0.0,0.0,0.0,0.5,0.0
04856,0.5,0.0,0.0,0.0,0.5,0.0
04857,0.5,0.0,0.0,0.0,0.0,0.0
04858,0.0,0.0,0.5,0.0,0.0,0.0
04859,0.4000000059604645,0.0,0.0,0.0,0.0,0.0
04860,0.1111111119389534,0.0,0.2222222238779068,0.0,0.0,0.0
04861,0.0,0.6000000238418579,0.0,0.0,0.0,0.0
04862,0.0,0.0,0.2222222238779068,0.1111111119389534,0.0,0.0
04863,0.0,0.0,0.0256410259753465,0.0341880358755588,0.0,0.0
04864,0.3333333432674408,0.0,0.0,0.0,0.0,0.0
04865,0.0,0.0,0.0,0.0,0.5,0.0
04866,0.0,0.0,0.6666666666666666,0.0,0.0,0.0
04867,0.0,0.0,0.1025641039013862,0.0170940179377794,0.0085470089688897,0.0
04868,0.5,0.0,0.0,0.0,0.0,0.0
04869,0.5,0.5,0.0,0.0,0.0,0.0
04870,0.5,0.0,0.0,0.0,0.0,1.0
04871,0.0,0.6666666865348816,0.0,0.0,0.0,0.0
04872,0.5,0.5,0.0,0.0,0.0,0.0
04873,0.3333333432674408,0.3333333432674408,0.0,0.0,0.0,0.0
04874,0.0,0.5,0.0,0.0,0.5,0.0
04875,0.0,0.0408163256943225,0.0408163256943225,0.0204081628471612,0.0,0.0
04876,0.0818181782960891,0.0090909088030457,0.0454545468091964,0.0090909088030457,0.0181818176060915,0.1545454561710357
04877,0.5,0.5,0.0,0.0,0.0,0.0
04878,0.0,0.0,0.25,0.0,0.0,0.0
04879,0.1666666716337204,0.3333333432674408,0.1666666716337204,0.0,0.0,0.1666666716337204
04880,0.0,0.0,0.125,0.0,0.0,0.0
04881,0.0,0.0,0.0,0.125,0.0,0.0
04882,0.5,0.0,0.0,0.0,0.5,0.0
04883,0.0,0.3333333432674408,0.0,0.0,0.0,0.3333333432674408
04884,0.0,0.0,0.1111111119389534,0.0,0.0,0.0
04885,0.5,1.0,0.0,0.0,0.5,0.5
04886,0.0,0.0,0.3333333432674408,0.0,0.0,0.0
04887,0.0,0.0,0.2222222238779068,0.0,0.0,0.0
04888,0.0366972461342811,0.1467889845371246,0.027522936463356,0.0,0.2385321110486984,0.0183486230671405
04889,0.5,0.0,0.0,0.0,0.0,0.5
04890,0.6000000238418579,0.0,0.0,0.2000000029802322,0.0,0.0
04891,0.0,0.0,0.0,0.0,0.5,0.0
04892,0.5,0.0,0.0,0.0,0.0,0.0
04893,0.0,0.0,0.0,0.0,0.3333333432674408,0.0
04894,0.5,0.5,0.5,0.0,0.0,0.0
04895,0.3333333432674408,0.0,0.0,0.0,0.3333333432674408,0.0
04896,0.125,0.0390625,0.0234375,0.0,0.0546875,0.1015625
04897,1.0,0.0,0.0,0.0,0.0,0.0
04898,0.0,0.0,0.0,0.0,0.5,1.0
04899,0.0,0.5,0.0,0.0,0.0,0.0
04900,0.5,0.5,0.5,0.0,0.0,0.0
04901,0.5,0.0,0.5,0.5,0.0,0.0
04902,0.0,0.5,0.0,0.0,0.0,0.0
04903,0.0,0.1666666716337204,0.0,0.0,0.1666666716337204,0.0
04904,0.5,0.0,0.0,0.0,0.0,0.0
04905,1.0,0.0,0.0,0.0,0.0,1.0
04906,0.5,0.0,0.0,0.0,0.0,0.0
04907,0.0,0.1666666716337204,0.0,0.0,0.1666666716337204,0.0
04908,0.0,0.0,0.0,0.5,0.0,0.0
04909,0.5,0.0,0.0,0.0,0.0,0.0
04910,0.0,0.125,0.0,0.0,0.0,0.125
04911,0.5,0.0,0.0,0.0,0.0,0.0
04912,0.0291970800608396,0.0291970800608396,0.0656934306025505,0.0,0.0948905125260353,0.0510948896408081
04913,0.0,0.0,0.0,0.0,0.0,0.5
04914,0.0,0.0,0.0,0.0,0.0,0.6666666865348816
04915,0.0,0.0,0.0,0.0,0.5,0.0
04916,0.0,0.0,0.0,0.0,0.5,0.0
04917,0.0,0.0,0.5,0.0,0.0,0.0
04918,0.0,0.0,0.2,0.0,0.0,0.0
04919,0.0,0.5,0.0,0.0,0.0,0.0
04920,0.0,0.5,0.0,0.0,0.0,0.0
04921,0.5,0.0,0.0,0.5,0.0,0.0
04922,0.0,0.0,0.0,0.0948275849223136,0.0,0.0
04923,0.0366972461342811,0.1467889845371246,0.027522936463356,0.0,0.2385321110486984,0.0183486230671405
04924,0.0,0.0,0.3333333333333333,0.0,0.0,0.0
04925,0.5,0.0,0.0,0.0,0.5,0.0
04926,0.0088495574891567,0.0,0.3185840845108032,0.0,0.0,0.0
04927,0.5,0.0,0.0,0.0,0.0,0.0
04928,0.3333333432674408,0.0,0.0,0.0,0.0,0.0
04929,0.2000000029802322,0.2000000029802322,0.0,0.0,0.0,0.2000000029802322
04930,0.3333333432674408,0.0,0.0,0.0,0.0,0.0
04931,0.1636363565921783,0.0,0.1000000014901161,0.0,0.0,0.0090909088030457
04932,0.5,0.0,0.0,0.0,0.0,0.0
04933,0.0,0.0,0.0,0.0,0.5,0.0
04934,0.5714285969734192,0.4285714328289032,0.0,0.0,0.0,0.1428571492433548
04935,0.0,0.0,0.3333333432674408,0.0,0.6666666865348816,1.0
04936,0.0,0.0,0.0,0.0,0.5,0.0
04937,0.5,0.0,0.0,0.0,0.5,0.5
04938,0.0,0.0,0.0,0.0,0.0,0.5
04939,0.5,0.0,0.5,0.0,0.0,0.0
04940,0.0,0.0,0.3333333432674408,0.0,0.3333333432674408,0.0
04941,0.0,0.0,0.0,0.0,0.5,0.0
04942,0.5,0.0,0.0,0.0,0.5,0.0
04943,0.4000000059604645,0.0,0.0,0.0,0.0,0.0
04944,0.0,0.0,0.0,0.0,0.5,0.0
04945,0.1666666716337204,0.0,0.0,0.0,0.0,0.3333333432674408
04946,0.0,0.0,0.5,0.0,0.0,0.0
04947,0.0,0.6666666666666666,0.0,0.0,0.0,0.0
04948,0.0,0.5,0.0,0.0,0.0,0.0
04949,0.0341880358755588,0.0769230797886848,0.0598290599882602,0.0,0.2905983030796051,0.0940170958638191
04950,0.5,0.0,0.0,0.0,0.0,0.0
04951,0.0,0.0,0.0,0.0,0.0,0.5
04952,0.3333333432674408,1.0,0.0,0.0,0.6666666865348816,0.6666666865348816
04953,0.5,0.0,0.0,0.0,0.0,0.0
04954,0.0,0.5,0.0,0.0,0.0,0.0
04955,0.0,0.5,0.0,0.0,0.0,0.0
04956,0.2380952388048172,0.0238095242530107,0.095238097012043,0.0,0.0476190485060215,0.0476190485060215
04957,0.5,0.0,0.0,0.0,0.0,0.0
04958,1.0,0.0,0.0,0.0,0.0,0.0
04959,0.5,0.0,0.0,0.5,0.0,0.0
04960,0.0,0.0,0.5,0.0,0.0,0.0
04961,0.0,0.1666666716337204,0.0,0.1666666716337204,0.0,0.0
04962,0.0,0.0,0.5,0.0,0.0,0.0
04963,0.0,0.0,0.5,0.0,0.0,0.0
04964,0.0,0.0,0.0,0.0,0.0,0.3333333432674408
04965,0.0,1.0,0.0,0.0,0.0,0.0
04966,0.25,0.0,0.0,0.25,0.0,0.0
04967,0.0,0.0,0.0,0.0,0.5,0.0
04968,0.0,0.0,0.5,0.0,0.0,0.0
04969,0.0,0.0,0.1428571492433548,0.0,0.0,0.0
04970,0.0,0.3333333432674408,0.0,0.0,0.3333333432674408,0.0
04971,0.0172413792461156,0.0172413792461156,0.0258620698004961,0.0,0.0517241396009922,0.0
04972,0.0,0.0,0.25,0.0,0.0,0.0
04973,0.0,0.6666666865348816,0.0,0.0,0.3333333432674408,0.0
04974,0.0,0.25,0.0,0.0,0.25,0.0
04975,0.0,0.0,0.4285714328289032,0.0,0.0,0.0
04976,0.0,0.0,0.3333333432674408,0.0,0.0,0.0
04977,0.0,0.3333333432674408,0.0,0.0,0.3333333432674408,0.0
04978,0.0,0.3333333432674408,0.0,0.0,0.3333333432674408,0.1666666716337204
04979,0.0,0.0,0.5,0.0,0.0,0.0
04980,0.0,0.3333333432674408,0.0,0.0,0.1666666716337204,0.3333333432674408
04981,0.0,0.0,0.0,1.0,0.0,0.0
04982,0.0,1.0,0.0,0.0,0.0,0.0
04983,0.0,0.5,0.0,0.0,0.0,0.0
04984,0.0,0.0,0.0,0.0,0.5,0.0
04985,0.0,0.0,0.0,0.0,0.5,0.0
04986,0.0,0.0,0.5,0.0,0.0,0.0
04987,0.0,0.0,0.0,0.0,0.0,0.3333333333333333
04988,0.3333333432674408,0.0,0.0,0.0,0.3333333432674408,0.0
04989,0.5,0.0,0.0,0.0,0.5,0.0
04990,0.2000000029802322,0.0,0.0,0.0,0.2000000029802322,0.4000000059604645
04991,0.1666666716337204,0.1111111119389534,0.0,0.0277777779847383,0.0555555559694767,0.1388888955116272
04992,0.2477064281702041,0.0091743115335702,0.027522936463356,0.0091743115335702,0.0183486230671405,0.0091743115335702
04993,0.5714285969734192,0.0,0.0,0.0,0.0,0.1428571492433548
04994,0.0818181782960891,0.0090909088030457,0.0454545468091964,0.0090909088030457,0.0181818176060915,0.1545454561710357
04995,0.0,0.5,0.0,0.0,0.5,0.0
04996,0.5,0.0,0.0,0.5,0.0,0.0
04997,0.0,0.0,0.5,0.0,0.0,0.0
04998,0.0,0.0,0.0,0.0,0.5,0.0
04999,0.0,0.0,0.0,0.0,0.0,0.5
05000,0.0,0.0,0.0,0.5,0.0,0.0
05001,0.1666666716337204,0.0,0.0,0.0,0.0,0.0
05002,0.0,0.1666666716337204,0.0,0.0,0.0,0.0
05003,0.3333333432674408,0.0,0.3333333432674408,0.0,0.3333333432674408,0.0
05004,0.5,0.0,0.0,0.0,0.0,0.0
05005,0.5,0.5,0.0,0.0,0.0,1.0
05006,0.3333333432674408,0.0,0.0,0.0,0.1666666716337204,0.1666666716337204
05007,0.0,0.0,0.0,0.5,0.0,0.0
05008,0.0,0.5,0.0,0.0,0.0,0.0
05009,0.0,0.0,0.0,0.0,0.25,0.0
05010,0.5,0.0,0.0,0.0,0.0,0.0
05011,0.1666666716337204,0.0,0.0,0.0,0.1666666716337204,0.0
05012,0.0818181782960891,0.0090909088030457,0.0454545468091964,0.0090909088030457,0.0181818176060915,0.1545454561710357
05013,0.3333333333333333,0.0,0.0,0.0,0.0,0.0
05014,0.3333333432674408,0.0,0.0,0.0,0.0,0.0
05015,0.3333333432674408,0.0,0.0,0.0,0.0,0.3333333432674408
05016,0.0,0.0270270276814699,0.0540540553629398,0.0,0.0810810774564743,0.1351351290941238
05017,0.0,0.0,0.0,0.5,0.0,0.0
05018,0.0,0.0,0.125,0.0,0.0,0.0
05019,0.2000000029802322,0.0,0.2000000029802322,0.0,0.0,0.0
05020,0.0,0.0,1.0,0.0,0.0,0.0
05021,0.0,0.5,0.0,0.0,0.0,0.5
05022,0.0,0.0263157896697521,0.1315789520740509,0.0,0.0,0.0
05023,0.5,0.0,0.0,0.0,0.5,0.0
05024,0.0,0.0,0.0,0.125,0.0,0.0
05025,0.0,0.0,0.1666666716337204,0.0,0.0,0.0
05026,0.25,0.0,0.0,0.0,0.25,0.0
05027,0.0,0.0183486230671405,0.0458715595304966,0.0,0.2201834917068481,0.1009174287319183
05028,0.800000011920929,0.0,0.0,0.0,0.0,0.0
05029,0.1666666716337204,0.0,0.0,0.0,0.0,0.5
05030,0.0,1.0,0.0,0.0,0.0,0.0
05031,0.3333333432674408,0.0,0.0,0.0,0.0,0.3333333432674408
05032,0.5,0.0,0.0,0.0,0.5,0.0
05033,0.25,0.0,0.0,0.0,0.0,0.0
05034,0.1428571492433548,0.0,0.5714285969734192,0.0,0.1428571492433548,0.0
05035,0.0,0.0270270276814699,0.0540540553629398,0.0,0.0810810774564743,0.1351351290941238
05036,0.5,0.0,0.0,0.0,0.0,0.0
05037,0.5,0.0,0.0,0.0,0.0,0.0
05038,0.0,0.0,0.3333333432674408,0.0,0.0,0.0
05039,0.0,0.5,0.0,0.0,0.0,0.0
05040,0.0,1.0,0.0,0.0,0.0,0.0
05041,0.0,0.0,0.5,0.0,0.0,0.0
05042,1.0,0.0,0.0,0.0,0.0,0.0
05043,0.0,0.2857142984867096,0.0,0.0,0.1428571492433548,0.2857142984867096
05044,0.0341880358755588,0.0769230797886848,0.0598290599882602,0.0,0.2905983030796051,0.0940170958638191
05045,0.0,0.0,0.0,0.0,0.5,0.0
05046,0.0,0.0,0.0,0.0,0.5,0.5
05047,0.3333333432674408,0.0,0.0,0.0,0.0,0.0
05048,0.0,0.6666666865348816,0.0,0.0,0.0,0.3333333432674408
05049,0.3333333432674408,0.3333333432674408,0.0,0.0,0.0,0.3333333432674408
05050,0.2000000029802322,0.2000000029802322,0.4000000059604645,0.0,0.2000000029802322,0.0
05051,0.0,0.0,0.5,0.0,0.0,0.0
05052,0.5,0.0,0.5,0.0,0.0,0.0
05053,0.5,0.5,0.5,0.0,0.0,0.0
05054,0.625,0.0,0.0,0.0,0.25,0.125
05055,0.0,0.25,0.0,0.0,0.0,0.0
05056,0.5,0.0,0.0,0.0,0.0,0.0
05057,0.0,0.6666666865348816,0.0,0.0,0.3333333432674408,0.3333333432674408
05058,0.3333333333333333,0.0,0.0,0.0,0.0,0.3333333333333333
05059,0.125,0.0,0.0,0.0,0.0,0.125
05060,0.0,1.0,0.0,0.0,1.0,0.0
05061,0.0,0.0,0.0,0.0,0.25,0.0
05062,0.5,0.0,0.0,0.0,0.0,0.0
05063,0.25,0.0,0.0,0.0,0.0,0.25
05064,0.0,0.5,0.0,0.0,0.0,0.5
05065,0.0,0.0,0.5,0.0,0.0,0.0
05066,0.3333333432674408,0.0,0.0,0.0,0.0,0.0
05067,0.0,0.0,0.5,0.0,0.0,0.0
05068,0.0,0.0,0.0,0.0,0.3333333333333333,0.0
05069,0.0080000003799796,0.0399999991059303,0.1360000073909759,0.0080000003799796,0.1599999964237213,0.0
05070,0.0,0.0,0.0,0.5,0.5,0.0
05071,0.0,1.0,0.0,0.0,0.5,0.0
05072,0.0,0.0,0.0,0.0,0.5,0.0
05073,0.1636363565921783,0.0,0.1000000014901161,0.0,0.0,0.0090909088030457
05074,0.0,0.1666666716337204,0.0,0.0,0.0,0.0
05075,0.0,0.0,0.5,0.0,0.0,0.0
05076,0.5,0.0,0.0,0.0,0.5,0.5
05077,0.5714285969734192,0.0,0.0,0.0,0.1428571492433548,0.4285714328289032
05078,0.0,0.0,0.5,0.0,0.5,0.0
05079,0.2477064281702041,0.0091743115335702,0.027522936463356,0.0091743115335702,0.0183486230671405,0.0091743115335702
05080,0.3333333432674408,0.3333333432674408,0.0,0.0,0.3333333432674408,0.3333333432674408
05081,0.0,0.0,0.5,0.0,0.0,0.0
05082,0.0,0.0,0.0,0.0,0.5,0.0
05083,0.2477064281702041,0.0091743115335702,0.027522936463356,0.0091743115335702,0.0183486230671405,0.0091743115335702
05084,0.0,0.0,0.5,0.0,0.0,0.0
05085,0.3333333333333333,0.0,0.6666666666666666,0.0,0.0,0.0
05086,0.0,0.0,0.0,0.0,0.5,0.0
05087,0.5,0.0,0.0,0.0,0.0,0.0
05088,1.0,0.0,0.5,0.0,0.0,0.5
05089,0.2000000029802322,0.2000000029802322,0.0,0.0,0.2000000029802322,0.4000000059604645
05090,0.0,0.0183486230671405,0.0458715595304966,0.0,0.2201834917068481,0.1009174287319183
05091,0.5,0.5,0.5,0.0,0.0,0.0
05092,0.5,0.0,0.0,0.0,0.5,0.0
05093,0.6666666865348816,0.0,0.0,0.0,0.0,0.0
05094,0.0,0.0,0.0,0.5,0.0,0.0
05095,0.0,0.5,0.0,0.0,0.0,0.0
05096,0.0,0.3333333432674408,0.6666666865348816,0.0,0.0,0.0
05097,0.0,0.0,0.0,0.0,0.5,0.5
05098,0.5,0.0,0.0,0.0,0.5,0.0
05099,0.0,0.6000000238418579,0.0,0.0,0.0,0.4000000059604645
05100,0.0,0.0,0.0,0.0,1.0,0.5
05101,0.0,0.0,0.0,0.3333333432674408,0.0,0.0
05102,0.0,0.0,0.5,0.0,0.0,0.0
05103,0.0080000003799796,0.0399999991059303,0.1360000073909759,0.0080000003799796,0.1599999964237213,0.0
05104,0.0,0.0,0.3333333432674408,0.0,0.0,0.0
05105,0.0,0.0,0.0,0.0,0.0,0.5
05106,0.1666666716337204,0.0,0.0,0.0,0.1666666716337204,0.5
05107,0.0,0.5,0.0,0.0,0.0,0.0
05108,0.0080000003799796,0.0399999991059303,0.1360000073909759,0.0080000003799796,0.1599999964237213,0.0
05109,0.0,0.5,0.0,0.0,0.0,0.0
05110,0.0,0.0,0.3000000119209289,0.0,0.0,0.0
05111,0.6000000238418579,0.0,0.0,0.0,0.0,0.0
05112,0.1666666716337204,0.0,0.1111111119389534,0.0,0.0555555559694767,0.0555555559694767
05113,0.0,0.0,0.0,0.0,0.5,0.0
05114,0.3333333432674408,0.0,0.0,0.0,0.0,0.3333333432674408
05115,0.0291970800608396,0.0291970800608396,0.0656934306025505,0.0,0.0948905125260353,0.0510948896408081
05116,0.0,0.3333333432674408,0.0,0.0,0.0,0.0
05117,0.5,0.5,0.5,0.0,0.0,0.0
05118,0.6666666865348816,0.0,0.0,0.0,0.0,0.0
05119,0.0,0.0,0.0,0.0,1.0,0.0
05120,0.5,0.0,0.0,0.0,0.0,0.5
05121,0.5,0.0,0.0,0.0,0.0,0.0
05122,0.0,0.0,0.5,0.0,0.0,0.0
05123,0.0,0.0,0.5,0.0,0.0,0.0
05124,0.2222222238779068,0.0,0.0,0.0,0.0,0.0
05125,0.0,0.5,0.0,0.0,0.0,0.0
05126,0.5,0.0,0.0,0.0,0.0,0.0
05127,0.5,0.0,0.0,0.0,0.0,0.0
05128,0.0,0.1428571492433548,0.0,0.0,0.0,0.1428571492433548
05129,0.0,0.5,0.0,0.0,0.0,0.0
05130,0.0,0.0,0.3333333432674408,0.0,0.3333333432674408,0.0
05131,0.0,0.0,0.0,0.0,0.5,0.5
05132,0.0,0.125,0.0,0.0,0.0,0.125
05133,0.0,0.25,0.0,0.0,0.0,0.0
05134,0.0818181782960891,0.0090909088030457,0.0454545468091964,0.0090909088030457,0.0181818176060915,0.1545454561710357
05135,0.5,0.5,0.5,0.0,0.0,0.0
05136,0.0,0.0,0.0,0.5,0.0,0.0
05137,0.5,0.0,0.0,0.0,0.5,0.5
05138,0.25,0.25,0.0,0.0,0.5,0.25
05139,0.25,0.0,0.0,0.0,0.25,0.0
05140,0.0,0.0,0.1666666716337204,0.0,0.0,0.0
05141,0.5,0.0,0.0,0.0,0.5,0.0
05142,0.5,0.0,0.0,0.0,0.0,0.0
05143,0.25,0.0,0.0,0.0,0.0,0.0
05144,0.0,0.0,0.0,0.0,1.0,0.0
05145,0.5,0.0,0.0,0.0,0.0,0.0
05146,0.0,0.3333333432674408,0.0,0.0,0.0,0.0
05147,0.0,0.0,0.0,0.0,0.6666666865348816,0.0
05148,0.0,0.0,0.0,0.0,0.0,0.3333333333333333
05149,0.0,0.0,0.0,0.0,0.5,0.0
05150,0.0,0.0,0.5,0.0,0.0,0.0
05151,0.0,1.0,0.0,0.0,0.5,0.5
05152,0.4000000059604645,0.0,0.2000000029802322,0.0,0.0,0.2000000029802322
05153,0.5,0.0,0.0,0.0,0.0,0.0
05154,0.0,0.0,0.0,0.2000000029802322,0.2000000029802322,0.0
05155,0.3333333432674408,0.3333333432674408,0.3333333432674408,0.0,0.0,0.0
05156,0.3333333432674408,0.0,0.0,0.0,0.0,0.3333333432674408
05157,0.045045044273138,0.0180180184543132,0.0630630627274513,0.0,0.0,0.0270270276814699
05158,0.5,0.0,0.0,0.0,0.0,0.0
05159,0.0,0.5,0.0,0.0,0.0,0.0
05160,0.5,0.0,0.0,0.0,0.5,0.0
05161,0.5,0.0,0.0,0.0,0.5,0.0
05162,0.3333333333333333,0.0,0.3333333333333333,0.0,0.0,0.0
05163,0.5,0.5,0.0,0.0,0.0,0.5
05164,0.0,0.0,0.0,0.0,0.5,0.0
05165,0.0,0.0,0.25,0.0,0.25,0.0
05166,0.5,0.0,0.0,0.0,0.0,0.5
05167,0.0,0.5,0.0,0.0,0.0,0.0
05168,0.3333333432674408,0.3333333432674408,0.0,0.0,0.3333333432674408,0.0
05169,0.0,0.0,0.0,0.0,0.0,0.5
05170,0.0,0.0,0.14285714285714285,0.0,0.0,0.0
05171,0.0,0.0,0.125,0.125,0.0,0.0
05172,0.0,0.0,0.0,0.0,0.5,0.0
05173,0.0,0.5,0.0,0.0,0.0,0.0
05174,0.0,0.0,0.0,0.0,0.5,0.0
05175,0.0,0.0,0.0,0.0,0.1111111119389534,0.0
05176,0.0,0.3333333432674408,0.0,0.0,0.0,0.0
05177,0.5,0.5,0.5,0.0,0.0,0.5
05178,0.0,0.0,0.25,0.0,0.0,0.0
05179,0.0,0.5,0.5,0.0,0.5,0.0
05180,1.0,0.0,0.5,0.0,0.0,0.0
05181,0.0,0.0,0.0,0.3333333432674408,0.0,0.0
05182,0.6666666865348816,1.0,0.3333333432674408,0.0,0.3333333432674408,0.3333333432674408
05183,0.0,0.0,0.125,0.0,0.0,0.0
05184,0.0,0.0,0.0,0.0,0.3333333432674408,0.0
05185,0.0,0.5,0.0,0.0,0.0,0.0
05186,0.0,0.0,0.5,0.0,0.0,0.0
05187,0.6666666666666666,0.0,0.0,0.0,0.0,0.0
05188,0.0,0.0,0.0,0.0,0.0,0.5
05189,0.5,0.0,0.0,0.0,0.5,0.5
05190,0.0,0.0,1.0,0.0,0.0,0.0
05191,0.1538461595773697,0.0598290599882602,0.0085470089688897,0.0,0.0683760717511177,0.0256410259753465
05192,0.0,0.25,0.0,0.0,0.125,0.125
05193,0.0,0.3333333432674408,0.0,0.0,0.0,0.0
05194,0.0,0.0,0.0,0.0,0.5,0.0
05195,0.5,0.0,0.0,0.0,0.0,0.0
05196,0.1111111119389534,0.1111111119389534,0.0,0.0,0.3333333432674408,0.7777777910232544
05197,0.0,0.3333333432674408,0.0,0.0,0.6666666865348816,0.6666666865348816
05198,0.5,0.0,0.0,0.0,0.5,0.0
05199,0.5,0.0,0.0,0.0,0.0,0.5
05200,0.0,0.0,0.125,0.0,0.0,0.0
05201,0.0,0.0,0.3333333333333333,0.0,0.3333333333333333,0.0
05202,0.5,0.0,0.5,0.0,0.5,0.5
05203,0.5,0.0,0.0,0.0,0.5,0.5
05204,0.0,0.0,0.0,0.0,0.0,0.5
05205,0.0,0.5,0.0,0.0,0.0,0.0
05206,0.4000000059604645,0.2000000029802322,0.0,0.0,0.2000000029802322,0.0
05207,0.0,0.0,0.2,0.0,0.0,0.0
05208,0.0,0.0,0.0,0.0,0.6666666865348816,0.0
05209,0.0,0.0,0.1428571492433548,0.0,0.0,0.0
05210,0.0291970800608396,0.0291970800608396,0.0656934306025505,0.0,0.0948905125260353,0.0510948896408081
05211,0.0,0.0,0.5,0.0,0.0,0.0
05212,0.0,0.3333333432674408,0.0,0.0,0.0,0.0
05213,0.1428571492433548,0.4285714328289032,0.0,0.0,0.4285714328289032,0.2857142984867096
05214,0.0,0.3333333432674408,0.0,0.0,0.3333333432674408,0.0
05215,0.3333333432674408,0.1666666716337204,0.0,0.0,0.3333333432674408,0.3333333432674408
05216,0.0,0.0,1.0,0.0,0.0,0.0
05217,0.0,0.5,0.0,0.0,0.0,0.0
05218,0.2380952388048172,0.0238095242530107,0.095238097012043,0.0,0.0476190485060215,0.0476190485060215
05219,0.0,0.5,0.0,0.0,0.0,0.0
05220,0.3333333432674408,0.0,0.0,0.0,0.3333333432674408,0.0
05221,0.0,0.0,0.0,0.25,0.0,0.0
05222,0.0,0.5,0.0,0.0,0.0,0.0
05223,0.0,0.0,0.0,0.0,0.0,0.5
05224,0.0,0.2000000029802322,0.0,0.0,0.0,0.2000000029802322
05225,0.1428571492433548,0.0,0.5714285969734192,0.0,0.1428571492433548,0.1428571492433548
05226,0.5,0.0,0.0,0.0,0.0,0.0
05227,0.3333333432674408,0.0,0.0,0.0,0.0,0.0
05228,0.0,0.25,0.0,0.0,0.0,0.25
05229,0.1636363565921783,0.0,0.1000000014901161,0.0,0.0,0.0090909088030457
05230,0.0,0.0,0.0,0.0,0.0,1.0
05231,0.0,0.5,0.5,0.0,0.0,0.5
05232,0.0080000003799796,0.0399999991059303,0.1360000073909759,0.0080000003799796,0.1599999964237213,0.0
05233,0.0,0.2000000029802322,0.0,0.0,0.800000011920929,0.0
05234,0.0,0.5,0.0,0.0,0.5,0.0
05235,0.25,0.0,0.0,0.0,0.0,0.0
05236,0.0,0.0,0.0,0.0,0.5,0.5
05237,0.5,0.5,0.0,0.0,0.0,0.0
05238,1.0,0.0,0.0,0.0,0.0,0.5
05239,0.75,0.0,0.0,0.0,0.0,0.0
05240,0.0,0.0,0.0,0.0,0.25,0.0
05241,0.5,0.0,0.0,0.0,0.0,0.0
05242,0.0,0.0,0.0,0.0,0.5,0.5
05243,0.0,0.5,0.0,0.0,0.0,0.0
05244,0.0,0.5,0.0,0.0,0.0,0.5
05245,0.0,0.1636363565921783,0.036363635212183,0.0272727273404598,0.0818181782960891,0.0909090936183929
05246,0.5,0.0,0.0,0.0,0.0,0.0
05247,0.0,0.0,0.0,0.5,0.0,0.0
05248,0.3333333432674408,0.6666666865348816,0.3333333432674408,0.0,0.0,0.0
05249,0.0,0.0,0.0,0.0,0.5,0.0
05250,0.0,0.0090090092271566,0.0720720738172531,0.0,0.0090090092271566,0.0
05251,0.5,0.5,0.0,0.0,0.5,0.5
05252,0.2000000029802322,0.2000000029802322,0.0,0.0,0.0,0.2000000029802322
05253,0.0,0.0,0.0,0.0,0.5,0.0
05254,0.0,0.5,0.0,0.0,0.0,0.0
05255,0.0,0.0,0.0,0.0,0.5,0.0
05256,0.3333333432674408,0.3333333432674408,0.0,0.0,0.3333333432674408,0.0
05257,0.4000000059604645,0.0,0.2000000029802322,0.0,0.0,0.0
05258,0.0,0.0,0.25,0.0,0.25,0.25
05259,1.0,0.0,0.0,0.0,0.0,0.0
05260,0.3333333432674408,0.0,0.0,0.0,0.0,0.0
05261,0.0,0.0,0.5714285969734192,0.0,0.0,0.0
05262,0.1538461595773697,0.0598290599882602,0.0085470089688897,0.0,0.0683760717511177,0.0256410259753465
05263,0.0,0.25,0.0,0.0,0.0,0.0
05264,0.0,0.0,0.0,0.0,0.0,0.5
05265,0.0,0.0,0.0,0.0,0.0,0.3333333432674408
05266,0.4000000059604645,0.0,0.0,0.0,0.0,0.4000000059604645
05267,0.0,0.0,0.0,0.0,0.5,0.0
05268,0.6315789222717285,0.0526315793395042,0.0263157896697521,0.0,0.0,0.0526315793395042
05269,0.0,0.5,0.0,0.0,0.0,0.5
05270,0.2000000029802322,0.0,0.0,0.0,0.0,0.0
05271,0.0,0.0,0.0,0.0,0.5,0.0
05272,0.0,0.3333333432674408,0.0,0.0,0.0,0.0
05273,0.0,0.0,0.0,0.0,0.5,0.0
05274,0.0,0.3333333432674408,0.0,0.0,0.3333333432674408,0.3333333432674408
05275,0.3333333432674408,0.0,0.0,0.0,0.0,0.6666666865348816
05276,0.0,0.0,0.0,0.5,0.0,0.0
05277,0.2000000029802322,0.0,0.2000000029802322,0.0,0.0,0.0
05278,0.3333333432674408,0.0,0.0,0.0,0.3333333432674408,0.0
05279,0.0818181782960891,0.0090909088030457,0.0454545468091964,0.0090909088030457,0.0181818176060915,0.1545454561710357
05280,0.5,0.0,0.0,0.0,0.0,0.5
05281,0.0,0.0,0.5,0.0,0.0,0.0
05282,0.0,0.0,0.25,0.0,0.25,0.0
05283,0.0,0.5,0.0,0.0,0.0,0.5
05284,0.5,0.0,0.0,0.0,0.0,0.0
05285,0.0,0.2000000029802322,0.0,0.0,0.0,0.0
05286,0.4285714328289032,0.0,0.0,0.0,0.0,0.0
05287,0.1538461595773697,0.0598290599882602,0.0085470089688897,0.0,0.0683760717511177,0.0256410259753465
05288,0.0,0.0,0.0,0.0948275849223136,0.0,0.0
05289,0.5,0.0,0.0,0.0,0.0,0.0
05290,0.25,0.0,0.0,0.0,0.0,0.0
05291,0.3333333432674408,0.0,0.0,0.0,0.0,0.0
05292,0.0,0.0,0.5,0.0,0.0,0.0
05293,0.5,0.0,0.0,0.0,0.0,0.0
05294,0.5,0.0,0.0,0.0,0.0,0.0
05295,1.0,0.0,0.0,0.0,0.5,0.0
05296,0.2000000029802322,0.0,0.2000000029802322,0.0,0.0,0.0
05297,0.0,0.5,0.0,0.0,0.0,0.0
05298,0.5,0.0,0.0,0.0,0.0,0.5
05299,0.0,0.0183486230671405,0.0458715595304966,0.0,0.2201834917068481,0.1009174287319183
05300,0.1428571492433548,0.2857142984867096,0.0,0.0,0.1428571492433548,0.1428571492433548
05301,1.0,0.0,0.0,0.0,0.0,0.0
05302,0.0,0.0,0.0,0.0,0.25,0.0
05303,0.3333333432674408,0.0,0.0,0.0,0.0,0.3333333432674408
05304,0.2000000029802322,0.0,0.0,0.0,0.2000000029802322,0.4000000059604645
05305,0.0,0.0,0.5,0.0,0.0,0.0
05306,0.0,0.5,0.0,0.0,0.0,0.0
05307,0.0,0.1666666716337204,0.0,0.0,0.0,0.0
05308,0.3333333432674408,0.0,0.0,0.0,0.0,0.0
05309,0.1428571492433548,0.1428571492433548,0.0,0.0,0.4285714328289032,0.1428571492433548
05310,0.0,0.0,0.25,0.0,0.0,0.0
05311,0.0,0.0090090092271566,0.0720720738172531,0.0,0.0090090092271566,0.0
05312,0.0,0.5,0.0,0.0,0.0,0.0
05313,0.5,0.0,0.0,0.0,0.5,0.5
05314,0.0,0.0,0.0,0.0,0.5,0.0
05315,0.0,0.5,0.0,0.0,0.0,0.0
05316,0.0,0.0,0.0,0.0,0.5,0.0
05317,0.5,0.0,0.0,0.0,0.5,0.0
05318,0.0,0.0,0.0,0.1666666716337204,0.0,0.0
05319,0.3333333432674408,0.0,0.0,0.0,0.0,0.0
05320,0.0,0.0,0.5,0.0,0.0,0.0
05321,0.0,0.0,0.0,0.0,0.5,0.5
05322,0.0,0.0,0.0,0.0,0.5,0.0
05323,0.1666666716337204,0.0,0.0,0.0,0.1666666716337204,0.1666666716337204
05324,0.4000000059604645,0.0,0.0,0.0,0.2000000029802322,0.4000000059604645
05325,0.0,0.5,0.5,0.0,0.0,0.0
05326,0.3333333432674408,0.3333333432674408,0.0,0.0,0.0,0.3333333432674408
05327,0.0,0.0,0.0,0.5,0.0,0.0
05328,0.0,0.0,0.0,0.0,1.0,0.0
05329,0.0,0.5,0.0,0.0,0.0,0.0
05330,0.5,0.0,0.0,0.0,0.5,0.0
05331,0.0,0.3333333432674408,0.0,0.0,0.0,0.0
05332,0.6000000238418579,0.0,0.0,0.2000000029802322,0.0,0.0
05333,0.0,0.0,0.0,0.0,0.5,0.0
05334,0.0,0.5,0.0,0.0,0.5,0.0
05335,0.0,0.1636363565921783,0.036363635212183,0.0272727273404598,0.0818181782960891,0.0909090936183929
05336,0.25,0.0,0.25,0.0,0.0,0.0
05337,0.0,0.0090090092271566,0.0720720738172531,0.0,0.0090090092271566,0.0
05338,0.0,0.5,0.0,0.0,0.0,0.0
05339,0.0,1.0,0.0,0.0,0.0,0.0
05340,0.0,0.5,0.0,0.0,0.0,0.0
05341,0.0,0.5,0.0,0.0,0.0,0.0
05342,0.0,0.0,0.0,0.0,0.5,0.0
05343,0.0,0.0,0.5,0.0,0.0,0.0
05344,0.5,0.0,0.0,0.0,0.0,0.0
05345,0.3333333432674408,0.0,0.0,0.0,0.3333333432674408,0.3333333432674408
05346,0.6666666865348816,0.0,0.0,0.0,0.0,0.0
05347,0.5,0.5,0.0,0.0,0.0,0.0
05348,0.5,0.5,0.0,0.0,0.0,0.5
05349,0.0,0.5,0.0,0.0,0.5,0.0
05350,0.5,0.0,0.0,0.0,0.5,0.0
05351,0.0,0.25,0.0,0.0,0.0,0.0
05352,0.0,0.0,0.5,0.0,0.0,0.0
05353,0.0,0.5,0.0,0.0,0.0,0.0
05354,0.3333333432674408,0.0,0.0,0.0,0.3333333432674408,0.0
05355,0.0,0.0,0.1000000014901161,0.0,0.6000000238418579,0.1000000014901161
05356,0.0,0.5,0.0,0.0,0.5,0.5
05357,0.0,0.0,0.5,0.0,0.0,0.0
05358,0.0,0.5,0.0,0.0,0.5,0.0
05359,0.5,0.0,0.0,0.0,0.5,0.0
05360,0.0,0.0,0.1428571492433548,0.0,0.0,0.0
05361,0.0,0.0,0.0,0.0,0.5,0.0
05362,0.0,0.0,0.5,0.0,0.0,0.0
05363,0.0,0.0,0.0,0.5,0.0,0.0
05364,0.0,0.5,0.0,0.0,0.0,0.0
05365,0.25,0.0,0.0,0.0,0.0,0.0
05366,0.0,0.0,0.5,0.0,0.5,0.5
05367,0.1538461595773697,0.0598290599882602,0.0085470089688897,0.0,0.0683760717511177,0.0256410259753465
05368,0.0,0.5,0.0,0.0,0.0,0.0
05369,0.1666666716337204,0.0,0.0,0.0,0.0,0.5
05370,0.5,0.0,0.5,0.0,0.5,0.0
05371,0.0,0.0,0.0,0.0,0.0,0.5
05372,0.0,0.3333333432674408,0.0,0.0,0.0,0.0
05373,0.6666666865348816,0.3333333432674408,0.3333333432674408,0.0,0.0,0.0
05374,0.0,0.0,0.5,0.0,0.0,0.0
05375,0.0,0.0,0.0,0.5,0.0,0.0
05376,0.0,0.0408163256943225,0.0408163256943225,0.0204081628471612,0.0,0.0
05377,0.6315789222717285,0.0526315793395042,0.0263157896697521,0.0,0.0,0.0526315793395042
05378,0.2000000029802322,0.0,0.0,0.0,0.0,0.0
05379,0.5,0.5,0.0,0.0,0.0,0.0
05380,0.5,0.5,0.0,0.0,0.0,0.5
05381,0.5,0.0,0.0,0.0,0.5,0.0
05382,0.0,0.1428571492433548,0.0,0.0,0.2857142984867096,0.0
05383,0.0,0.0,0.0,0.0,0.5,0.0
05384,0.0,0.5,0.0,0.0,0.5,0.0
05385,0.0,0.0,0.5,0.0,0.0,0.0
05386,0.0,0.125,0.0,0.0,0.625,0.375
05387,0.1666666716337204,0.0,0.1666666716337204,0.0,0.0,0.0
05388,0.5,0.0,0.0,0.0,0.0,0.0
05389,0.1111111119389534,0.0,0.2222222238779068,0.0,0.0,0.0
05390,0.5,0.5,0.0,0.0,0.0,0.0
05391,0.0,0.5,0.0,0.0,0.0,1.0
05392,0.0,0.0,0.1111111119389534,0.0,0.0,0.0
05393,0.0,0.5,0.0,0.0,0.0,0.0
05394,0.0,0.5,0.5,0.0,0.0,0.0
05395,0.5,0.0,0.0,0.0,0.0,0.0
05396,0.0,0.5,0.0,0.0,0.5,0.0
05397,0.0,0.3333333432674408,0.0,0.0,0.3333333432674408,0.3333333432674408
05398,0.0,0.0,0.0,0.0,0.25,0.0
05399,0.0,0.0,0.5,0.0,0.0,0.0
05400,0.5,0.0,0.0,0.0,0.5,0.5
05401,0.0,0.0,0.5,0.0,0.0,0.0
05402,0.0,0.0,0.5,0.0,0.0,0.0
05403,0.1666666716337204,0.0,0.0,0.0,0.0,0.0
05404,0.0,0.0,0.0,0.0,0.5,0.0
05405,0.0,0.3333333432674408,0.0,0.0,0.0,0.1666666716337204
05406,0.1666666716337204,0.0,0.1666666716337204,0.0,0.0,0.0
05407,0.5,0.0,0.0,0.5,0.0,0.5
05408,0.0,0.0,0.3333333432674408,0.0,0.0,0.0
05409,0.0,0.3333333432674408,0.1666666716337204,0.0,0.0,0.0
05410,0.25,0.25,0.0,0.0,0.5,0.5
05411,0.0,0.0,0.3333333432674408,0.0,0.0,0.0
05412,0.5,0.0,0.0,0.0,0.0,0.0
05413,0.4000000059604645,0.0,0.0,0.0,0.0,0.4000000059604645
05414,0.1666666716337204,0.1666666716337204,0.0,0.0,0.6666666865348816,0.6666666865348816
05415,0.5,0.0,0.0,0.0,0.0,0.0
05416,0.0,0.5,0.0,0.0,0.0,0.0
05417,0.0,0.6000000238418579,0.0,0.0,0.2000000029802322,0.2000000029802322
05418,0.0,0.5,0.0,0.0,0.0,0.0
05419,0.0,0.0,0.0,0.0,0.25,0.5
05420,0.0,0.5,0.5,0.0,0.0,0.0
05421,0.0,0.0,0.5,0.0,0.0,0.0
05422,0.25,0.0,0.25,0.0,0.0,0.0
05423,0.0,0.0,0.1111111119389534,0.0,0.0,0.0
05424,0.0,1.0,0.0,0.0,0.5,0.0
05425,0.0,0.0,0.1025641039013862,0.0170940179377794,0.0085470089688897,0.0
05426,0.0,0.2857142984867096,0.0,0.0,0.1428571492433548,0.1428571492433548
05427,0.0,0.0,0.0,0.2000000029802322,0.0,0.0
05428,0.0,0.0,0.0,0.5,0.0,0.0
05429,0.0,0.5,0.0,0.0,0.5,0.0
05430,1.0,0.0,0.0,0.0,0.0,0.0
05431,0.3333333432674408,0.0,0.0,0.0,0.0,0.0
05432,0.0243902429938316,0.0243902429938316,0.0487804859876632,0.0243902429938316,0.0243902429938316,0.0
05433,0.0,0.5,0.0,0.0,0.0,0.5
05434,0.0,0.5,0.0,0.0,0.0,0.0
05435,0.0,0.0,0.0,0.5,0.0,0.0
05436,0.0,0.0,0.0,0.0,0.0,0.5
05437,0.3333333432674408,0.0,0.0,0.0,0.3333333432674408,0.0
05438,0.0,0.0,0.0,0.0,0.5,0.0
05439,0.0,0.5,0.0,0.0,0.5,0.0
05440,0.0,0.0,0.1666666716337204,0.0,0.0,0.0
05441,0.0,0.0,0.3333333333333333,0.0,0.0,0.0
05442,0.5,0.0,0.0,0.0,0.0,0.0
05443,0.0,0.5,0.0,0.0,0.0,0.5
05444,0.0,0.5,0.0,0.0,0.0,0.5
05445,0.0,0.0,0.5,0.0,0.0,0.0
05446,0.5,0.5,0.0,0.0,0.0,0.0
05447,0.5,0.0,0.0,0.0,0.5,0.0
05448,0.0,0.0089285718277096,0.0357142873108387,0.0089285718277096,0.0089285718277096,0.0
05449,0.0,0.0,0.5,0.0,0.0,0.0
05450,0.5,0.0,0.0,0.0,0.0,0.0
05451,0.045045044273138,0.0180180184543132,0.0630630627274513,0.0,0.0,0.0270270276814699
05452,0.0,0.5,0.0,0.0,0.0,0.5
05453,0.5,0.5,0.0,0.0,0.0,0.0
05454,0.5,0.0,0.0,0.0,0.0,0.0
05455,0.0,0.5,0.0,0.0,0.5,0.0
05456,1.0,1.0,0.0,0.0,0.0,0.0
05457,0.0,0.0,1.0,0.0,0.5,0.5
05458,0.0291970800608396,0.0291970800608396,0.0656934306025505,0.0,0.0948905125260353,0.0510948896408081
05459,0.5,0.0,0.0,0.0,0.0,0.0
05460,0.0,0.0,0.0,0.0,0.5,0.0
05461,0.0,0.0,0.0,0.0,0.5,0.0
05462,1.0,0.0,0.0,0.0,0.0,0.0
05463,0.5,0.0,0.0,0.0,0.0,0.0
05464,0.0,0.0,0.3333333432674408,0.0,0.3333333432674408,0.0
05465,0.2000000029802322,0.2000000029802322,0.0,0.0,0.0,0.2000000029802322
05466,0.5,0.0,0.0,0.0,0.0,0.0
05467,0.5,0.0,0.0,0.0,0.0,0.0
05468,0.0,0.0,0.5714285969734192,0.0,0.1428571492433548,0.0
05469,0.0,0.0,0.1025641039013862,0.0170940179377794,0.0085470089688897,0.0
05470,0.0291970800608396,0.0291970800608396,0.0656934306025505,0.0,0.0948905125260353,0.0510948896408081
05471,0.0,0.0,0.5,0.0,0.0,0.0
05472,0.0,0.5,0.0,0.0,0.0,0.0
05473,0.5,0.0,0.0,0.0,0.0,0.0
05474,1.0,0.0,0.0,0.0,1.0,1.0
05475,0.0,0.0,0.0,0.0,0.1428571492433548,0.0
05476,0.3333333432674408,0.0,0.0,0.0,0.0,0.0
05477,0.0,0.0,0.5,0.0,0.0,0.0
05478,0.0,0.25,0.0,0.0,0.25,0.5
05479,0.0,0.0,0.5,0.0,0.0,0.0
05480,0.0,0.5,0.0,0.0,0.0,0.0
05481,0.0,0.5,0.0,0.0,1.0,0.5
05482,0.3333333432674408,0.0,0.0,0.0,0.0,0.0
05483,0.0,0.0,0.5,0.0,0.0,0.0
05484,0.3333333432674408,0.0,0.1666666716337204,0.0,0.1666666716337204,0.8333333134651184
05485,0.5,0.0,0.0,0.0,0.5,0.0
05486,0.0,0.0,0.5,0.0,0.0,0.0
05487,0.0,0.0090090092271566,0.0720720738172531,0.0,0.0090090092271566,0.0
05488,0.1009174287319183,0.0091743115335702,0.027522936463356,0.0,0.082568809390068,0.027522936463356
05489,0.5,0.0,0.5,0.0,0.0,0.0
05490,0.0,0.0,0.0,0.0,0.2000000029802322,0.0
05491,0.0,0.0,0.0,0.1428571492433548,0.1428571492433548,0.1428571492433548
05492,0.5,0.0,0.0,0.0,0.5,0.5
05493,0.0,0.2000000029802322,0.2000000029802322,0.0,0.2000000029802322,0.0
05494,0.5,0.0,0.5,0.0,0.5,0.0
05495,0.0,0.0,0.0,0.0,0.0,0.3333333432674408
05496,0.125,0.0390625,0.0234375,0.0,0.0546875,0.1015625
05497,0.0,0.0,0.0,0.0,0.5,0.0
05498,0.0080000003799796,0.0399999991059303,0.1360000073909759,0.0080000003799796,0.1599999964237213,0.0
05499,0.0,0.0,0.16666666666666666,0.0,0.0,0.0
05500,0.5,0.0,0.0,0.0,0.0,0.0
05501,0.5,0.0,0.0,0.5,0.0,0.0
05502,0.0,0.0,0.0,0.5,0.0,0.0
05503,0.0,0.0,0.5,0.0,0.0,0.0
05504,0.0,0.0,0.0,0.0,1.0,1.0
05505,0.5,0.0,0.0,0.0,0.0,0.0
05506,0.0,0.3333333432674408,0.0,0.0,0.3333333432674408,0.0
05507,0.0,0.5,0.0,0.0,0.0,0.0
05508,0.5,0.5,0.0,0.0,0.0,0.0
05509,0.0,0.0,0.0,0.0,0.5,0.0
05510,0.25,0.0,0.0,0.0,0.0,0.0
05511,0.5,0.0,0.0,0.0,0.5,0.0
05512,0.5,0.0,0.0,0.0,0.0,0.0
05513,0.0,0.3333333432674408,0.0,0.0,0.0,0.0
05514,0.0,0.3333333432674408,0.0,0.0,0.3333333432674408,0.3333333432674408
05515,0.0,0.0,0.0,0.0,0.5,0.0
05516,0.0,0.0,0.0,0.0,0.0,0.5
05517,0.0,0.0,0.0,0.0,0.5,0.0
05518,0.0,0.5,0.0,0.0,0.0,0.5
05519,0.0,0.5,0.0,0.0,0.5,0.75
05520,0.0,0.0,0.3333333333333333,0.0,0.0,0.0
05521,1.0,0.5,0.0,0.0,0.0,0.0
05522,0.5,0.0,0.0,0.0,0.0,0.0
05523,0.0,0.0,0.0,0.0,0.0,0.2000000029802322
05524,0.0,0.2000000029802322,0.0,0.0,0.800000011920929,0.0
05525,0.0,0.0,0.3333333333333333,0.0,0.0,0.0
05526,0.0,0.0,0.5,0.0,0.0,0.0
05527,0.0,0.0,0.0,0.0,0.0,0.3333333432674408
05528,0.0,0.0,0.5,0.0,0.0,0.5
05529,0.0,0.5,0.0,0.0,0.25,0.25
05530,0.3333333432674408,0.0,0.0,0.0,0.3333333432674408,0.6666666865348816
05531,0.0,0.0,0.800000011920929,0.0,0.0,0.0
05532,0.5,0.0,0.0,0.0,0.0,0.0
05533,0.5,0.0,0.0,0.0,0.0,0.0
05534,0.0,0.0,0.0,0.5,0.0,0.0
05535,0.0,0.0,0.0,0.0948275849223136,0.0,0.0
05536,0.0,0.0,0.0,0.2000000029802322,0.0,0.0
05537,0.0,0.3333333432674408,0.3333333432674408,0.0,0.0,0.0
05538,0.5,0.0,0.0,0.0,0.0,0.0
05539,0.0,0.0,0.25,0.0,0.0,0.0
05540,0.25,0.0,0.0,0.0,0.0,0.0
05541,0.0,0.5,0.0,0.0,0.0,0.5
05542,0.0,0.0,0.0,0.0,0.25,0.25
05543,0.5,0.0,0.0,0.0,0.0,0.0
05544,0.0,0.3333333432674408,0.0,0.0,0.0,0.3333333432674408
05545,0.0,0.0091743115335702,0.0183486230671405,0.0091743115335702,0.0,0.0
05546,0.0,0.0,0.0,0.0,0.5,0.0
05547,0.3333333432674408,0.0,0.0,0.0,0.0,0.3333333432674408
05548,0.0,0.0,0.0,0.0,0.0,0.5
05549,0.0,0.0,0.0,0.5,0.0,0.0
05550,0.3333333432674408,0.0,0.0,0.0,0.3333333432674408,0.3333333432674408
05551,0.3333333432674408,0.0,0.0,0.0,0.0,0.0
05552,0.5,0.5,0.0,0.0,0.0,0.0
05553,0.5,0.0,0.0,0.0,0.5,0.0
05554,0.0,0.5,0.0,0.0,0.0,0.0
05555,0.0,0.0,0.1666666716337204,0.0,0.0,0.0
05556,0.3333333432674408,0.3333333432674408,0.3333333432674408,0.0,0.0,0.0
05557,0.0,0.0,0.0,0.0,0.0,0.2000000029802322
05558,0.0,0.0263157896697521,0.1052631586790084,0.078947365283966,0.0526315793395042,0.1315789520740509
05559,0.0,0.0,0.5,0.0,0.0,0.5
05560,0.0,0.0,0.0,0.0,0.0,0.5
05561,0.1538461595773697,0.0,0.0769230797886848,0.0,0.0769230797886848,0.0512820519506931
05562,0.3333333432674408,0.3333333432674408,0.0,0.0,0.0,0.6666666865348816
05563,0.0,0.5,0.0,0.0,0.0,0.0
05564,0.0,0.0,0.1025641039013862,0.0170940179377794,0.0085470089688897,0.0
05565,0.6315789222717285,0.0526315793395042,0.0263157896697521,0.0,0.0,0.0526315793395042
05566,0.0,0.0,0.5,0.0,0.0,0.0
05567,0.0,0.0,0.0,0.0,0.0,0.2000000029802322
05568,0.5,0.0,0.0,0.0,0.0,0.0
05569,0.2000000029802322,0.0,0.0,0.0,0.0,0.2000000029802322
05570,0.0,0.5,0.0,0.0,0.1666666716337204,0.1666666716337204
05571,0.5,0.0,0.0,0.5,0.0,0.0
05572,0.5,0.0,0.0,0.0,0.5,0.0
05573,0.0,0.0,0.0,0.0,0.0,0.2000000029802322
05574,0.0,0.0,0.16666666666666666,0.0,0.0,0.16666666666666666
05575,0.0,0.0,0.0,0.0,0.0,0.5
05576,0.6000000238418579,0.0,0.0,0.0,0.0,0.0
05577,0.25,0.25,0.0,0.0,0.25,0.0
05578,0.6666666865348816,0.0,0.0,0.0,0.0,0.6666666865348816
05579,0.0,0.0,0.0256410259753465,0.0341880358755588,0.0,0.0
05580,0.0,0.5,0.0,0.0,0.5,0.0
05581,0.3333333432674408,0.0,0.0,0.0,0.0,0.0
05582,0.045045044273138,0.0180180184543132,0.0630630627274513,0.0,0.0,0.0270270276814699
05583,0.0818181782960891,0.0090909088030457,0.0454545468091964,0.0090909088030457,0.0181818176060915,0.1545454561710357
05584,0.5,0.0,0.0,0.0,0.0,0.0
05585,0.5,0.0,0.0,0.0,0.5,0.0
05586,0.0,0.1428571492433548,0.0,0.0,0.2857142984867096,0.0
05587,0.0,0.0,0.0,0.0,0.5,0.0
05588,0.0,0.0,0.5,0.0,0.0,0.0
05589,0.0,0.0,0.5,0.0,0.0,0.0
05590,0.5,0.0,0.0,0.0,0.0,0.0
05591,0.5,1.0,0.0,0.0,0.5,0.0
05592,0.1666666716337204,0.0,0.0,0.0,0.0,0.0
05593,0.0,0.0,0.0,0.0,0.5,0.0
05594,0.5,0.0,0.0,0.0,0.0,0.0
05595,0.0,0.0,0.0,0.0,0.3333333432674408,0.6666666865348816
05596,0.0,0.0,0.5,0.0,0.0,0.0
05597,0.1428571492433548,0.4285714328289032,0.0,0.0,0.4285714328289032,0.1428571492433548
05598,0.0,0.6666666865348816,0.1666666716337204,0.0,0.0,0.1666666716337204
05599,0.5,0.0,0.0,0.0,0.0,0.0
05600,0.5,0.5,0.0,0.0,0.0,0.0
05601,0.0,0.0,0.0,0.0,1.0,0.5
05602,0.5,0.0,0.0,0.0,0.0,0.0
05603,0.25,0.0,0.0,0.0,0.25,0.75
05604,0.0,0.0,0.5,0.0,0.0,0.0
05605,0.0,0.1666666716337204,0.0,0.0,0.5,0.3333333432674408
05606,0.0,0.3333333432674408,0.0,0.0,0.0,0.3333333432674408
05607,0.5,0.0,0.0,0.0,0.0,0.0
05608,0.1666666716337204,0.0,0.0,0.0,0.0,0.0
05609,0.0,0.5,0.0,0.0,0.0,0.5
05610,0.1428571492433548,0.0,0.2857142984867096,0.0,0.1428571492433548,0.1428571492433548
05611,0.0,0.0,0.1428571492433548,0.0,0.0,0.0
05612,0.0,0.0,0.5,0.0,0.5,0.5
05613,0.5,0.0,0.0,0.0,0.5,0.5
05614,0.0,0.0,0.1000000014901161,0.0,0.6000000238418579,0.1000000014901161
05615,0.5,0.5,0.0,0.0,0.0,0.0
05616,0.0,0.0,0.1111111119389534,0.0,0.0,0.0
05617,0.5,0.0,0.0,0.0,0.5,0.5
05618,0.0,0.0,0.0,0.0,0.5,0.0
05619,0.0,0.0,0.0,0.0,0.0,0.5
05620,0.0,0.3333333432674408,0.0,0.0,0.3333333432674408,0.0
05621,0.0,0.5,0.0,0.0,0.0,0.5
05622,0.0,0.5,0.5,0.0,0.0,0.0
05623,0.0,0.0,0.5,0.0,0.0,0.0
05624,0.5,0.0,0.0,0.0,0.0,0.0
05625,0.1666666716337204,0.0,0.0,0.0,0.1666666716337204,0.5
05626,0.0,0.5,0.5,0.0,0.0,0.0
05627,0.0,0.5,0.0,0.0,0.5,0.0
05628,0.5,0.0,0.5,0.0,0.0,0.0
05629,0.0,1.0,0.0,0.0,0.0,0.0
05630,0.3333333432674408,0.3333333432674408,0.0,0.3333333432674408,0.0,0.0
05631,0.5,0.0,0.0,0.0,0.0,0.0
05632,0.125,0.0390625,0.0234375,0.0,0.0546875,0.1015625
05633,0.0,0.0,0.0,0.0,0.5,0.0
05634,0.1666666716337204,0.0,0.1666666716337204,0.0,0.0,0.0
05635,0.1538461595773697,0.0598290599882602,0.0085470089688897,0.0,0.0683760717511177,0.0256410259753465
05636,0.2093023210763931,0.0465116277337074,0.1162790730595588,0.0,0.302325576543808,0.2790697813034057
05637,0.0,0.0,0.25,0.0,0.0,0.0
05638,0.0,0.0,0.0,0.0,0.0,0.5
05639,0.0,0.0,0.0,0.125,0.0,0.0
05640,0.0,0.0089285718277096,0.0357142873108387,0.0089285718277096,0.0089285718277096,0.0
05641,0.0080000003799796,0.0399999991059303,0.1360000073909759,0.0080000003799796,0.1599999964237213,0.0
05642,0.0,0.0,0.0,0.0,0.5,0.5
05643,0.0,0.0,0.0,0.1428571492433548,0.0,0.0
05644,0.0,0.0,0.0,0.5,0.0,0.0
05645,0.3333333432674408,0.3333333432674408,0.0,0.0,0.0,0.0
05646,0.25,0.25,0.0,0.0,0.0,0.25
05647,0.0818181782960891,0.0090909088030457,0.0454545468091964,0.0090909088030457,0.0181818176060915,0.1545454561710357
05648,0.0,0.0,0.0,0.2857142857142857,0.0,0.0
05649,0.3333333432674408,0.1666666716337204,0.0,0.0,0.3333333432674408,0.3333333432674408
05650,0.5,0.0,0.0,0.0,0.5,0.0
05651,0.0,0.0,0.0,0.0,0.25,0.0
05652,1.0,0.0,0.0,0.0,0.0,0.0
05653,0.0,0.0,0.1666666716337204,0.0,0.0,0.0
05654,0.0,0.0,0.0,0.0,0.5,0.0
05655,0.0088495574891567,0.0,0.3185840845108032,0.0,0.0,0.0
05656,0.5,0.5,0.0,0.0,0.0,0.0
05657,0.5,0.0,0.0,0.0,0.0,0.0
05658,0.0,0.0,0.4000000059604645,0.0,0.0,0.0
05659,0.0,0.0,0.1025641039013862,0.0170940179377794,0.0085470089688897,0.0
05660,0.5,0.0,0.5,0.0,0.5,0.0
05661,0.0291970800608396,0.0291970800608396,0.0656934306025505,0.0,0.0948905125260353,0.0510948896408081
05662,0.5,0.0,0.0,0.5,0.0,0.0
05663,0.0,0.0,0.0,0.0,0.0,0.5
05664,0.0,0.0,0.0,0.0948275849223136,0.0,0.0
05665,0.0,0.3333333432674408,0.0,0.0,0.0,0.0
05666,0.0,0.0,0.800000011920929,0.0,0.0,0.0
05667,0.1009174287319183,0.0091743115335702,0.027522936463356,0.0,0.082568809390068,0.027522936463356
05668,0.0,0.5,0.0,0.0,0.5,0.5
05669,0.5,0.0,0.0,0.0,0.5,0.5
05670,0.5,0.5,0.5,0.0,0.0,0.0
05671,0.5,0.5,0.0,0.0,0.0,0.3333333432674408
05672,0.25,0.25,0.0,0.0,0.0,0.0
05673,0.5,0.0,0.0,0.0,0.0,0.0
05674,0.0,0.25,0.0,0.0,0.375,0.25
05675,0.0172413792461156,0.0172413792461156,0.0258620698004961,0.0,0.0517241396009922,0.0
05676,0.5,0.0,0.0,0.0,0.0,0.0
05677,0.3333333432674408,0.0,0.0,0.0,0.0,0.0
05678,0.0,0.0,0.5,0.0,0.0,0.0
05679,0.5,0.0,0.0,0.0,0.5,0.0
05680,0.0,0.0,0.0,0.0,0.25,0.5
05681,0.0,0.0,1.0,0.0,0.0,0.0
05682,0.25,0.25,0.0,0.0,0.0,0.0
05683,0.5,0.0,0.5,0.0,0.0,0.0
05684,0.5,0.0,0.5,0.0,0.0,0.0
05685,0.0172413792461156,0.0172413792461156,0.0258620698004961,0.0,0.0517241396009922,0.0
05686,0.1636363565921783,0.0,0.1000000014901161,0.0,0.0,0.0090909088030457
05687,0.5,0.0,0.0,0.0,0.5,0.0
05688,0.0,0.0,0.0,0.25,0.0,0.0
05689,0.0,0.0,0.5,0.0,0.0,0.0
05690,0.0,0.0,0.5,0.0,0.0,0.0
05691,0.0291970800608396,0.0291970800608396,0.0656934306025505,0.0,0.0948905125260353,0.0510948896408081
05692,0.5,0.0,0.0,0.0,0.5,0.0
05693,0.0,0.0,0.0,0.0,0.3333333432674408,0.3333333432674408
05694,0.0,0.3333333432674408,0.0,0.3333333432674408,0.0,0.0
05695,0.5,0.0,0.0,0.0,0.0,0.0
05696,0.1538461595773697,0.0,0.0769230797886848,0.0,0.0769230797886848,0.0512820519506931
05697,0.0,0.7142857313156128,0.0,0.0,0.1428571492433548,0.1428571492433548
05698,0.0,0.0,0.5,0.0,0.0,0.0
05699,0.0,0.0,0.0,0.0,0.25,0.0
05700,0.0,0.0,0.0,0.0,1.0,0.0
05701,0.0,0.6000000238418579,0.2000000029802322,0.0,0.0,0.0
05702,0.2000000029802322,0.0,0.0,0.0,0.6000000238418579,0.4000000059604645
05703,0.125,0.0390625,0.0234375,0.0,0.0546875,0.1015625
05704,0.0,0.0,0.3333333333333333,0.0,0.0,0.0
05705,0.0,0.0,0.0,0.0,1.0,0.5
05706,0.0,0.25,0.25,0.0,0.25,0.0
05707,0.0,0.0,0.0,0.1136363670229911,0.0,0.0
05708,0.5,0.0,0.0,0.0,0.0,0.0
05709,0.0,1.0,0.0,0.0,0.0,0.0
05710,0.25,0.0,0.0,0.0,0.0,0.0
05711,0.0,0.0,0.1111111119389534,0.0,0.0,0.1111111119389534
05712,0.0,0.0,0.5,0.0,0.5,0.0
05713,0.1666666716337204,0.0,0.1666666716337204,0.0,0.1666666716337204,0.0
05714,0.6666666865348816,0.3333333432674408,0.0,0.0,0.0,0.3333333432674408
05715,0.5,0.5,0.5,0.0,0.0,0.0
05716,0.0,0.0,0.0,0.0,0.5,0.5
05717,0.0,0.0,0.5,0.0,0.0,0.0
05718,0.0,0.0,0.0,0.5,0.0,0.0
05719,0.6666666865348816,0.0,0.0,0.0,0.0,0.0
05720,0.5,0.0,0.0,0.0,0.0,0.0
05721,0.0,0.6666666865348816,0.0,0.0,0.0,0.0
05722,0.0,0.6000000238418579,0.0,0.0,0.0,0.0
05723,0.5,0.0,0.5,0.0,0.5,0.0
05724,0.0,0.0,0.0,0.0,0.5,0.0
05725,0.0,0.0,0.0,0.0,0.0,0.25
05726,0.0,0.0,0.0,0.0,0.0,0.3333333432674408
05727,0.0,0.0,0.0,0.0,0.5,0.0
05728,0.0,0.0,0.0,0.0,0.5,0.5
05729,0.0,0.0,0.3333333432674408,0.0,0.0,0.0
05730,0.1666666716337204,0.3333333432674408,0.0,0.0,0.0,0.1666666716337204
05731,0.5,0.0,0.0,0.0,0.5,0.5
05732,0.0,0.5,0.0,0.0,0.0,0.0
05733,0.3333333432674408,0.0,0.0,0.0,0.0,0.3333333432674408
05734,0.2162162214517593,0.0270270276814699,0.0,0.0,0.1351351290941238,0.3243243098258972
05735,0.5,0.0,0.0,0.0,1.0,0.0
05736,0.0,0.0,1.0,0.0,0.0,0.0
05737,0.5,0.0,0.0,0.0,0.0,0.5
05738,0.0,0.0,0.0,0.0,0.5,0.5
05739,0.1666666716337204,0.0,0.0,0.0,0.0,0.1666666716337204
05740,0.0,0.5,0.0,0.0,0.0,0.0
05741,0.0,0.0,0.0,0.0,0.0,0.6666666865348816
05742,0.0,0.0,0.0,0.0948275849223136,0.0,0.0
05743,0.5,0.5,0.5,0.0,0.0,0.0
05744,0.0366972461342811,0.1467889845371246,0.027522936463356,0.0,0.2385321110486984,0.0183486230671405
05745,0.0,0.5,0.0,0.0,0.0,0.0
05746,0.3333333432674408,0.0,0.0,0.0,0.0,0.0
05747,0.0,0.3333333432674408,0.0,0.0,0.6666666865348816,0.0
05748,0.0,0.0,0.0,0.0,0.0,0.5
05749,0.3333333333333333,0.0,0.0,0.0,0.0,0.0
05750,0.0,0.0,0.4285714328289032,0.0,0.0,0.0
05751,0.5,0.0,0.0,0.0,0.0,0.0
05752,0.4000000059604645,0.0,0.2000000029802322,0.0,0.0,0.0
05753,0.5,0.0,0.0,0.0,0.5,0.0
05754,0.0,0.0,0.0,0.0,0.5,1.0
05755,0.0,0.0089285718277096,0.0357142873108387,0.0089285718277096,0.0089285718277096,0.0
05756,0.0,0.1666666716337204,0.0,0.0,0.0,0.0
05757,0.0,0.5,0.0,0.0,0.0,1.0
05758,0.0,0.5,0.5,0.0,0.0,0.0
05759,0.0,0.0,0.3333333432674408,0.0,0.3333333432674408,0.3333333432674408
05760,0.0,0.3333333432674408,0.0,0.0,0.3333333432674408,0.0
05761,0.0,0.0,0.4000000059604645,0.0,0.0,0.0
05762,0.0,0.0,0.5,0.0,0.0,0.0
05763,0.0,0.0,0.0,0.0,0.0,1.0
05764,0.0,0.3333333432674408,0.0,0.0,0.0,0.0
05765,0.0,0.0,0.0,0.0,0.5,0.0
05766,0.0,0.0,0.0,0.0,0.5,0.0
05767,0.5,0.5,0.5,0.0,0.0,0.0
05768,0.0,0.5,0.0,0.0,0.5,1.0
05769,0.0,0.0,0.5,0.0,0.0,0.0
05770,0.3333333432674408,0.0,0.0,0.0,0.1666666716337204,0.3333333432674408
05771,0.0,0.0,0.0,0.0,1.0,0.0
05772,0.0,0.0,0.0,0.0,0.5,0.5
05773,0.0,0.0,0.3333333432674408,0.0,0.0,0.0
05774,0.1428571492433548,0.0,0.0,0.0,0.0,0.0
05775,0.125,0.0390625,0.0234375,0.0,0.0546875,0.1015625
05776,0.0366972461342811,0.1467889845371246,0.027522936463356,0.0,0.2385321110486984,0.0183486230671405
05777,0.0,0.0,0.0,0.0,0.0,0.5
05778,0.0,0.0,0.0,0.0,0.0,0.5
05779,0.5,0.0,0.0,0.0,0.0,0.0
05780,0.6000000238418579,0.0,0.0,0.0,0.0,0.0
05781,0.5,0.0,0.0,0.0,0.0,0.0
05782,0.5,0.25,0.0,0.0,0.0,0.0
05783,0.25,0.0,0.0,0.0,0.0,0.0
05784,0.5,0.0,0.0,0.0,0.5,0.0
05785,0.3333333432674408,0.3333333432674408,0.0,0.0,0.3333333432674408,0.3333333432674408
05786,0.5,0.0,0.0,0.5,0.0,0.0
05787,0.0,0.0,0.0,0.0,0.3333333432674408,0.0
05788,0.2477064281702041,0.0091743115335702,0.027522936463356,0.0091743115335702,0.0183486230671405,0.0091743115335702
05789,0.0,0.0,0.0,0.0,0.6666666865348816,0.3333333432674408
05790,0.0,0.1666666716337204,0.0,0.0,0.1666666716337204,0.3333333432674408
05791,0.25,0.0,0.125,0.0,0.0,0.0
05792,0.4000000059604645,0.0,0.0,0.0,0.0,0.2000000029802322
05793,0.0,0.0,0.0,0.0,0.5,0.0
05794,0.0,0.0,0.0,0.0,0.3333333432674408,0.3333333432674408
05795,0.0,0.0,0.3333333432674408,0.0,0.1666666716337204,0.0
05796,0.0,0.25,0.5,0.0,0.75,0.25
05797,0.125,0.375,0.0,0.0,0.25,0.375
05798,0.1666666716337204,0.1666666716337204,0.0,0.1666666716337204,0.0,0.0
05799,0.0,0.0,0.3333333432674408,0.0,0.3333333432674408,0.0
05800,0.0,0.0,0.5,0.0,0.0,0.0
05801,0.5,0.0,0.0,0.0,0.0,0.0
05802,0.6666666865348816,0.6666666865348816,0.0,0.0,0.0,0.3333333432674408
05803,0.0,0.0,0.5,0.0,0.5,0.5
05804,0.3333333432674408,0.0,0.3333333432674408,0.0,0.0,0.0
05805,0.5,0.0,0.0,0.0,0.0,0.0
05806,0.0,0.5,0.0,0.0,0.5,0.0
05807,0.6666666865348816,0.0,0.0,0.0,0.0,0.0
05808,0.5,0.0,0.0,0.0,0.0,0.0
05809,0.5,0.0,0.0,0.0,0.0,0.5
05810,0.3333333432674408,0.3333333432674408,0.0,0.0,0.0,0.3333333432674408
05811,0.0,0.0,0.0,0.0,0.0,0.3333333432674408
05812,0.0,0.0,0.0,0.0,0.0,0.5
05813,0.5,0.0,0.0,0.0,0.0,0.0
05814,0.0,0.0,0.0,0.0,0.5,0.0
05815,0.1666666716337204,0.0,0.0,0.0,0.0,0.1666666716337204
05816,0.0,0.0,0.0,0.0,0.1666666716337204,0.0
05817,0.0,0.5,0.0,0.0,0.5,0.0
05818,0.5,0.0,0.0,0.0,0.0,0.0
05819,0.1111111119389534,0.0222222227603197,0.0444444455206394,0.0222222227603197,0.0,0.0222222227603197
05820,0.0,0.0089285718277096,0.0357142873108387,0.0089285718277096,0.0089285718277096,0.0
05821,0.1009174287319183,0.0091743115335702,0.027522936463356,0.0,0.082568809390068,0.027522936463356
05822,0.0,0.5,0.0,0.0,0.0,0.0
05823,0.0,0.1636363565921783,0.036363635212183,0.0272727273404598,0.0818181782960891,0.0909090936183929
05824,0.5,0.0,0.0,0.5,0.0,0.0
05825,0.5,0.5,0.0,0.0,0.0,0.5
05826,0.75,0.0,0.0,0.0,0.0,0.0
05827,0.0,0.5,0.0,0.0,0.0,0.0
05828,0.5,0.0,0.0,0.0,0.0,0.0
05829,0.3333333432674408,0.0,0.0,0.0,0.0,0.0
05830,0.0,0.0,0.6666666865348816,0.0,0.0,0.0
05831,0.1666666716337204,0.0,0.0,0.0,0.0,0.0
05832,0.5,0.0,0.0,0.0,0.5,0.0
05833,0.125,0.0390625,0.0234375,0.0,0.0546875,0.1015625
05834,0.0,0.0,0.2,0.0,0.0,0.0
05835,1.0,0.0,0.0,0.0,0.0,0.0
05836,0.0,0.5,0.0,0.0,0.5,0.0
05837,0.1428571492433548,0.5714285969734192,0.0,0.0,0.4285714328289032,0.4285714328289032
05838,0.5,0.5,0.0,0.0,0.0,0.0
05839,0.5,0.0,0.0,0.0,0.0,0.0
05840,0.5,0.0,0.0,0.0,0.0,0.5
05841,0.3333333432674408,0.1666666716337204,0.0,0.0,0.5,0.5
05842,1.0,0.0,0.0,0.0,0.0,0.0
05843,0.0,0.0,0.5,0.0,0.0,0.0
05844,0.0341880358755588,0.0769230797886848,0.0598290599882602,0.0,0.2905983030796051,0.0940170958638191
05845,0.25,0.0,0.0,0.0,0.25,0.25
05846,0.5555555820465088,0.0833333358168602,0.0,0.0,0.1944444477558136,0.1388888955116272
05847,0.0,0.125,0.0,0.0,0.625,0.375
05848,0.0,0.0,0.0,0.0,0.5,0.0
05849,0.0,0.0,0.0,0.0,0.0,0.1666666716337204
05850,0.0,0.0,0.5,0.0,0.0,0.0
05851,0.5,0.0,0.0,0.0,0.5,0.0
05852,0.0,0.5,0.0,0.0,0.0,0.0
05853,0.3333333432674408,0.0,0.0,0.0,0.3333333432674408,0.3333333432674408
05854,0.5,0.0,0.0,0.0,0.5,0.0
05855,0.0,0.0,0.0,0.0,0.3333333432674408,0.0
05856,0.1538461595773697,0.0598290599882602,0.0085470089688897,0.0,0.0683760717511177,0.0256410259753465
05857,0.5,0.0,0.0,0.0,0.0,0.0
05858,0.5,0.0,0.0,0.0,0.0,0.0
05859,0.4000000059604645,0.0,0.0,0.0,0.2000000029802322,0.4000000059604645
05860,0.3333333432674408,0.0,0.3333333432674408,0.0,0.0,0.0
05861,0.0,0.0,0.0,0.3333333432674408,0.3333333432674408,0.0
05862,0.0,0.0,0.0,0.3333333333333333,0.0,0.0
05863,0.3333333432674408,0.0,0.3333333432674408,0.0,0.0,0.0
05864,1.0,0.5,0.0,0.0,0.0,0.0
05865,0.0,0.2,0.0,0.0,0.0,0.0
05866,0.0,0.0,0.5,0.0,0.0,0.0
05867,0.0,0.0,0.0,0.0,0.8333333134651184,0.5
05868,0.0,0.0,0.0,0.0,0.5,0.5
05869,0.0,0.0,0.0,0.0,0.5,0.0
05870,0.0,0.0,0.2,0.0,0.0,0.0
05871,0.0,0.0,0.0,0.0,0.5,0.0
05872,0.3333333432674408,0.0,0.0,0.0,0.0,0.0
05873,0.0,0.0,0.0,0.0,0.5,0.0
05874,0.0,0.6666666865348816,0.0,0.0,0.3333333432674408,0.3333333432674408
05875,0.5,0.5,0.0,0.0,0.0,0.5
05876,0.0,0.6666666865348816,0.0,0.0,0.3333333432674408,0.0
05877,0.1666666716337204,0.1666666716337204,0.0,0.0,0.0,0.0
05878,0.0,0.0,0.4000000059604645,0.0,0.0,0.0
05879,0.25,0.0,0.0,0.0,0.75,0.5
05880,0.5,0.0,0.0,0.0,0.0,0.0
05881,0.2000000029802322,0.0,0.0,0.0,0.0,0.0
05882,0.5,0.5,0.0,0.0,0.0,0.5
05883,0.0,0.2000000029802322,0.0,0.0,0.0,0.0
05884,0.0,0.5,0.0,0.0,0.0,0.0
05885,0.125,0.0390625,0.0234375,0.0,0.0546875,0.1015625
05886,0.125,0.0390625,0.0234375,0.0,0.0546875,0.1015625
05887,0.0,0.5,0.0,0.0,0.0,0.0
05888,0.6666666865348816,0.3333333432674408,0.0,0.0,0.0,0.0
05889,1.0,0.0,0.0,0.0,0.0,0.5
05890,0.0,0.5,0.0,0.0,0.0,0.0
05891,0.0291970800608396,0.0291970800608396,0.0656934306025505,0.0,0.0948905125260353,0.0510948896408081
05892,0.0,0.0,0.0,0.0,0.5,0.0
05893,0.0291970800608396,0.0291970800608396,0.0656934306025505,0.0,0.0948905125260353,0.0510948896408081
05894,0.0,0.5,0.0,0.0,0.5,0.5
05895,0.0,0.0,0.3333333432674408,0.0,0.0,0.0
05896,0.5,0.0,0.0,0.0,0.0,0.0
05897,0.5,0.0,0.5,0.0,0.0,0.0
05898,0.0,0.5,0.0,0.0,0.0,0.0
05899,0.0,0.5,0.0,0.0,0.0,0.0
05900,0.0,0.0,1.0,0.0,0.0,0.0
05901,0.0,0.0,0.0,0.0,0.3333333333333333,0.3333333333333333
05902,0.6666666865348816,0.0,0.0,0.0,0.0,0.3333333432674408
05903,0.0,0.0,0.0,0.1136363670229911,0.0,0.0
05904,0.0,0.0,0.5,0.0,0.0,0.0
05905,0.125,0.0390625,0.0234375,0.0,0.0546875,0.1015625
05906,0.3333333432674408,0.0,0.0,0.0,0.0,0.0
05907,0.0,0.0,0.0,0.0,1.0,0.5
05908,0.5,0.5,0.5,0.0,0.0,0.0
05909,0.5,0.0,0.0,0.0,0.5,0.0
05910,0.0,0.375,0.0,0.0,0.125,0.125
05911,0.0,0.0,0.25,0.0,0.0,0.0
05912,0.0,0.0,0.0,0.5,0.0,0.0
05913,0.0,0.0,0.0,0.0,0.5,0.5
05914,0.0,0.25,0.0,0.0,0.25,0.0
05915,0.0,0.0,0.0256410259753465,0.0341880358755588,0.0,0.0
05916,0.0,0.0,0.0,0.0,0.0,0.25
05917,0.0,0.0,0.0,0.0,0.0,0.5
05918,0.0,0.0,0.3333333432674408,0.0,0.0,0.0
05919,0.5,0.5,0.0,0.0,0.0,0.0
05920,0.1666666716337204,0.1666666716337204,0.0,0.0,0.6666666865348816,0.6666666865348816
05921,0.0,0.5,0.0,0.0,0.5,0.5
05922,0.3333333432674408,0.3333333432674408,0.0,0.0,0.3333333432674408,0.3333333432674408
05923,0.0,0.0,0.1428571492433548,0.0,0.1428571492433548,0.1428571492433548
05924,0.0,0.0,0.0,0.0,0.3333333333333333,0.0
05925,0.0,0.5,0.5,0.0,0.0,0.5
05926,0.0,0.0,0.0,0.2000000029802322,0.0,0.0
05927,0.3333333432674408,0.0,0.0,0.0,0.3333333432674408,0.0
05928,0.2477064281702041,0.0091743115335702,0.027522936463356,0.0091743115335702,0.0183486230671405,0.0091743115335702
05929,0.0,0.0,0.4285714328289032,0.0,0.2857142984867096,0.0
05930,0.0,0.5,0.0,0.0,0.5,0.0
05931,0.0,0.0,0.0,0.1136363670229911,0.0,0.0
05932,0.4285714328289032,0.0,0.0,0.0,0.0,0.0
05933,0.0088495574891567,0.0,0.3185840845108032,0.0,0.0,0.0
05934,0.0,0.5,0.0,0.0,0.0,0.0
05935,0.0,0.0,0.4000000059604645,0.0,0.0,0.0
05936,0.0,1.0,0.0,0.0,0.0,0.0
05937,0.5,0.0,0.5,0.0,0.5,0.0
05938,0.5,0.0,0.0,0.0,0.0,0.0
05939,0.0,0.0,0.5,0.0,0.0,0.0
05940,0.0,0.0,0.0,0.0,0.5,0.0
05941,0.0,0.0,0.0,0.5,0.0,0.0
05942,0.0,0.0,0.0,0.0,0.25,0.5
05943,0.0,0.0,0.3333333333333333,0.0,0.0,0.0
05944,0.5,0.0,0.0,0.0,0.0,0.0
05945,0.0,0.0183486230671405,0.0458715595304966,0.0,0.2201834917068481,0.1009174287319183
05946,0.0512820519506931,0.0769230797886848,0.0512820519506931,0.0,0.0,0.0256410259753465
05947,0.0,0.0,0.0,0.0,0.0,0.3333333432674408
05948,0.0,0.0,0.5,0.0,0.0,0.0
05949,0.5,0.0,0.0,0.0,0.0,0.25
05950,0.0,0.1428571492433548,0.0,0.0,0.0,0.0
05951,0.0,0.5,0.0,0.0,0.5,0.0
05952,0.3333333333333333,0.0,0.0,0.0,0.0,0.16666666666666666
05953,0.0,0.5,0.0,0.0,0.5,0.0
05954,0.0,0.0,0.0,0.0,0.5,0.0
05955,0.0,0.0,0.5,0.0,0.5,0.0
05956,0.5,0.0,0.0,0.0,0.5,0.0
05957,0.5,0.0,0.0,0.0,0.0,0.0
05958,0.0,0.0,0.0,0.5,0.0,0.0
05959,0.2000000029802322,0.2000000029802322,0.0,0.0,0.0,0.2000000029802322
05960,0.2857142984867096,0.0,0.0,0.0,0.2857142984867096,0.1428571492433548
05961,0.0,0.5,0.0,0.0,0.0,0.0
05962,0.0,0.2000000029802322,0.0,0.0,0.6000000238418579,0.6000000238418579
05963,0.0,0.0,0.0,0.0,1.0,0.0
05964,0.0,1.0,0.0,1.0,0.0,0.0
05965,0.045045044273138,0.0180180184543132,0.0630630627274513,0.0,0.0,0.0270270276814699
05966,0.0,0.0,0.0,0.0,0.25,0.0
05967,0.25,0.25,0.0,0.0,0.25,0.5
05968,0.0,0.125,0.0,0.0,0.0,0.125
05969,1.0,0.3333333432674408,0.0,0.0,0.0,0.0
05970,0.0,0.0089285718277096,0.0357142873108387,0.0089285718277096,0.0089285718277096,0.0
05971,0.0,0.0,0.0,0.0,0.5,0.0
05972,1.0,0.0,0.0,0.0,0.0,0.0
05973,0.0,0.0,0.0,0.0,1.0,0.5
05974,0.2857142984867096,0.0,0.0,0.0,0.0,0.1428571492433548
05975,0.5,0.0,0.0,0.0,0.0,0.0
05976,0.1428571492433548,0.1428571492433548,0.1428571492433548,0.0,0.0,0.1428571492433548
05977,0.0,0.0,0.5,0.0,0.0,0.0
05978,0.5,0.0,0.0,0.0,0.0,0.0
05979,0.0,0.0,0.16666666666666666,0.0,0.0,0.0
05980,0.0,0.0089285718277096,0.0357142873108387,0.0089285718277096,0.0089285718277096,0.0
05981,0.5,0.0,0.0,0.0,0.5,0.5
05982,0.0,0.0183486230671405,0.0458715595304966,0.0,0.2201834917068481,0.1009174287319183
05983,0.4000000059604645,0.2000000029802322,0.0,0.0,0.2000000029802322,0.0
05984,0.0,0.0,0.3333333432674408,0.0,0.0,0.0
05985,0.5,0.5,0.5,0.0,0.0,0.0
05986,0.25,0.0,0.0,0.0,0.25,0.0
05987,0.0,0.0,0.0,0.4000000059604645,0.0,0.0
05988,0.0,0.0,0.0,0.0,0.0,1.0
05989,0.5,0.0,0.0,0.0,0.5,0.5
05990,0.0,0.5,0.0,0.0,0.5,0.0
05991,0.0,0.0,0.25,0.0,0.0,0.0
05992,0.0,0.0,0.0,0.0,0.0,0.5
05993,0.0,0.0,0.0,0.0,0.3333333432674408,0.6666666865348816
05994,0.3333333432674408,0.0,0.0,0.0,0.0,0.0
05995,0.0,0.0,0.0,0.0,0.0,0.5
05996,0.0,0.0,0.2857142984867096,0.0,0.5714285969734192,0.5714285969734192
05997,0.0,0.0,0.0,0.0,0.5,0.0
05998,0.3333333432674408,0.0,0.0,0.0,0.3333333432674408,0.0
05999,0.0,0.0,0.0,0.0,0.3333333432674408,0.3333333432674408
06000,0.3333333432674408,0.0,0.0,0.0,0.3333333432674408,0.0
06001,0.0,0.0,0.0,1.0,0.0,0.0
06002,0.5,0.0,0.0,0.0,0.5,0.5
06003,0.25,0.0,0.0,0.0,0.0,0.0
06004,0.0,0.2000000029802322,0.0,0.0,0.4000000059604645,0.4000000059604645
06005,0.0,0.125,0.0,0.0,0.0,0.125
06006,0.0,0.5,0.5,0.0,0.0,0.0
06007,0.0,0.0,0.0,0.0,0.0,0.2000000029802322
06008,0.0,0.3333333432674408,0.3333333432674408,0.0,0.0,0.0
06009,0.0,0.0,0.5,0.0,0.0,0.0
06010,0.5,0.0,0.0,0.0,0.5,0.0
06011,0.5,0.5,0.5,0.0,0.0,0.5
06012,0.0,0.0,0.5,0.0,0.0,0.0
06013,0.0,0.0,0.5,0.0,0.0,0.0
06014,0.3333333432674408,0.0,0.0,0.0,0.0,0.3333333432674408
06015,0.5,0.5,0.0,0.0,0.0,0.0
06016,0.5,0.0,0.0,0.0,0.0,0.5
06017,0.5,0.0,0.5,0.0,0.0,0.0
06018,0.5,0.0,0.0,0.0,0.0,0.0
06019,0.0,0.0,0.0,0.0,0.5,0.0
06020,0.1428571492433548,0.0,0.2857142984867096,0.0,0.1428571492433548,0.0
06021,0.0,0.0,0.5,0.0,0.0,0.0
06022,0.0,0.0,0.0,0.0,0.3333333432674408,0.0
06023,0.3333333432674408,0.3333333432674408,0.0,0.0,0.0,0.0
06024,0.1666666716337204,0.0,0.0,0.0,0.1666666716337204,0.0
06025,0.125,0.25,0.0,0.0,0.25,0.125
06026,0.045045044273138,0.0180180184543132,0.0630630627274513,0.0,0.0,0.0270270276814699
06027,0.1428571492433548,0.2857142984867096,0.0,0.0,0.0,0.1428571492433548
06028,0.0366972461342811,0.1467889845371246,0.027522936463356,0.0,0.2385321110486984,0.0183486230671405
06029,0.0,0.0183486230671405,0.0458715595304966,0.0,0.2201834917068481,0.1009174287319183
06030,0.0,0.5,0.0,0.0,0.5,0.5
06031,0.0,0.0,0.0,0.0,0.5,0.5
06032,0.0,0.0,0.5,0.0,0.0,0.0
06033,0.5,0.0,0.0,0.0,0.0,0.5
06034,0.5714285969734192,0.4285714328289032,0.0,0.0,0.0,0.1428571492433548
06035,0.0,0.0,0.1351351290941238,0.0,0.0270270276814699,0.0
06036,0.5,0.0,0.0,0.0,0.0,0.0
06037,0.0,0.25,0.0,0.0,0.0,0.25
06038,0.1009174287319183,0.0091743115335702,0.027522936463356,0.0,0.082568809390068,0.027522936463356
06039,1.0,1.0,0.0,0.0,0.0,1.0
06040,0.2380952388048172,0.0238095242530107,0.095238097012043,0.0,0.0476190485060215,0.0476190485060215
06041,0.0,0.800000011920929,0.0,0.0,0.4000000059604645,0.4000000059604645
06042,0.5,0.0,0.0,0.0,0.0,0.5
06043,0.0,0.0,0.0,0.5,0.0,0.0
06044,0.1538461595773697,0.0598290599882602,0.0085470089688897,0.0,0.0683760717511177,0.0256410259753465
06045,0.5,0.0,0.0,0.5,0.0,0.0
06046,0.5,0.0,0.0,0.0,0.5,0.0
06047,0.0818181782960891,0.0090909088030457,0.0454545468091964,0.0090909088030457,0.0181818176060915,0.1545454561710357
06048,0.5,0.0,0.0,0.0,0.0,0.0
06049,0.0,0.0,0.0,0.0,0.1666666716337204,0.5
06050,0.5,0.0,0.0,0.0,0.0,0.5
06051,0.5,0.0,0.0,0.0,0.0,0.0
06052,0.1666666716337204,0.0,0.0,0.0,0.0,0.1666666716337204
06053,0.0,0.5,0.5,0.0,0.0,0.0
06054,0.5,0.0,0.0,0.0,0.0,0.5
06055,0.3333333432674408,0.0,0.1666666716337204,0.0,0.1666666716337204,0.1666666716337204
06056,0.0,0.6666666865348816,0.1666666716337204,0.0,0.0,0.1666666716337204
06057,0.5,0.5,0.0,0.0,0.0,0.0
06058,0.0,0.5,0.0,0.0,0.0,0.0
06059,0.1666666716337204,0.0,0.1666666716337204,0.0,0.0,0.0
06060,0.0,0.0,0.5,0.0,0.0,0.0
06061,0.5,0.5,0.0,0.0,0.0,0.0
06062,0.125,0.25,0.0,0.0,0.5,0.25
06063,0.0,0.5,0.0,0.0,0.0,0.5
06064,0.5,0.0,0.0,0.0,0.5,0.0
06065,0.5,0.0,0.5,0.0,0.0,0.5
06066,0.5,0.0,0.0,0.0,0.5,0.5
06067,0.5,0.5,0.5,0.0,0.0,0.0
06068,0.0,0.0,0.0,0.0,0.25,0.25
06069,0.1538461595773697,0.0598290599882602,0.0085470089688897,0.0,0.0683760717511177,0.0256410259753465
06070,0.25,0.25,0.0,0.0,0.25,0.0
06071,0.0,0.0,0.0,0.0,0.0,0.3333333333333333
06072,0.25,0.25,0.0,0.0,0.0,0.0
06073,0.3333333432674408,0.3333333432674408,0.0,0.0,0.0,0.0
06074,0.0,0.6666666865348816,0.0,0.0,0.0,0.0
06075,1.0,0.0,0.0,0.0,0.5,0.0
06076,0.0,0.0,0.0,0.0,0.5,0.0
06077,1.0,0.0,0.0,0.0,0.0,0.0
06078,0.0366972461342811,0.1467889845371246,0.027522936463356,0.0,0.2385321110486984,0.0183486230671405
06079,0.0,0.5,0.0,0.0,0.0,0.0
06080,0.0,0.5,0.0,0.0,0.0,0.0
06081,0.0,0.3333333432674408,0.0,0.0,0.3333333432674408,0.0
06082,0.0285714287310838,0.0,0.0571428574621677,0.0285714287310838,0.0,0.0
06083,0.5,0.0,0.5,0.0,0.0,0.0
06084,0.0,0.0,0.0256410259753465,0.0341880358755588,0.0,0.0
06085,0.2000000029802322,0.0,0.0,0.0,0.2000000029802322,0.0
06086,0.0,0.0,0.5,0.0,0.0,0.0
06087,0.3333333432674408,0.0,0.0,0.0,0.0,0.3333333432674408
06088,0.2000000029802322,0.0,0.2000000029802322,0.0,0.0,0.0
06089,0.0277777779847383,0.0277777779847383,0.0277777779847383,0.0,0.0,0.0
06090,0.25,0.0,0.25,0.0,0.0,0.0
06091,0.2000000029802322,0.2000000029802322,0.0,0.0,0.0,0.0
06092,1.0,0.0,0.0,0.0,0.5,0.0
06093,0.0,0.3333333432674408,0.0,0.0,0.3333333432674408,0.0
06094,0.0,0.0,0.0,0.0,0.5,0.0
06095,0.0,0.0,0.5,0.0,0.0,0.0
06096,0.0,0.5,0.5,0.0,0.0,0.5
06097,0.5,0.0,0.0,0.5,0.0,0.0
06098,0.0,0.0,0.0,0.0,1.0,0.5
06099,0.25,0.25,0.25,0.0,0.25,0.25
06100,0.0,0.5,0.0,0.0,0.0,0.0
06101,0.0,0.0,0.0,0.0,0.5,0.0
06102,0.0,0.3333333432674408,0.0,0.0,0.3333333432674408,0.0
06103,0.0,0.3333333432674408,0.0,0.0,0.0,0.5
06104,0.0,0.0089285718277096,0.0357142873108387,0.0089285718277096,0.0089285718277096,0.0
06105,0.5,0.0,0.0,0.0,0.5,0.0
06106,0.25,0.25,0.0,0.0,0.0,0.5
06107,0.0,0.5,0.0,0.0,0.0,0.5
06108,0.0,0.0,0.5,0.0,0.0,0.0
06109,0.5,0.5,0.0,0.0,0.0,0.0
06110,0.6666666865348816,0.0,0.3333333432674408,0.0,0.3333333432674408,0.0
06111,0.2000000029802322,0.0,0.0,0.0,0.0,0.0
06112,0.125,0.0390625,0.0234375,0.0,0.0546875,0.1015625
06113,0.0,0.0,0.0,0.0,0.0,0.5
06114,0.0,0.0,0.0,0.0,0.5,0.0
06115,0.0,0.0,0.0,0.0,0.3333333432674408,0.0
06116,0.125,0.0390625,0.0234375,0.0,0.0546875,0.1015625
06117,0.5,0.0,0.0,0.0,0.0,0.0
06118,0.0,0.3333333432674408,0.0,0.0,0.0,0.0
06119,0.0,0.0,0.3333333432674408,0.0,0.0,0.0
06120,0.2000000029802322,0.0,0.0,0.0,0.0,0.0
06121,0.0,0.5,0.0,0.0,0.5,0.0
06122,0.0,0.25,0.0,0.0,0.0,0.0
06123,0.5,0.5,0.0,0.0,0.0,0.0
06124,0.0,0.0183486230671405,0.0458715595304966,0.0,0.2201834917068481,0.1009174287319183
06125,0.0,0.0,0.0,0.1136363670229911,0.0,0.0
06126,0.0,0.0,0.3333333432674408,0.0,0.0,0.0
06127,0.0,0.5,0.0,0.0,0.0,0.25
06128,0.0,0.1666666716337204,0.1666666716337204,0.0,0.0,0.0
06129,0.0,0.1666666716337204,0.0,0.0,0.1666666716337204,0.3333333432674408
06130,0.5,0.0,0.0,0.0,0.5,0.0
06131,0.5,0.5,0.5,0.0,0.0,0.0
06132,0.0,0.6666666865348816,0.0,0.0,0.0,0.3333333432674408
06133,0.0,0.0,0.5,0.0,0.0,0.0
06134,0.25,0.5,0.5,0.25,0.5,0.0
06135,0.3333333432674408,0.0,0.0,0.0,0.0,0.0
06136,0.0,0.0,0.0,0.2,0.0,0.0
06137,0.0,0.0,0.25,0.0,0.0,0.0
06138,0.5,0.0,0.0,0.0,0.0,0.0
06139,0.0,0.0,0.800000011920929,0.0,0.2000000029802322,0.0
06140,0.0,0.0,0.5,0.0,0.0,0.0
06141,0.0,1.0,0.0,0.0,0.0,0.0
06142,0.0,0.0,0.0,0.0,0.0,0.3333333333333333
06143,0.0,0.0,0.3333333432674408,0.0,0.3333333432674408,0.0
06144,0.0,0.0,0.0,0.0,0.5,0.0
06145,0.5,0.0,0.0,0.0,0.0,0.0
06146,1.0,0.0,0.0,0.0,1.0,0.0
06147,0.0,0.0,0.0,0.0,0.5,0.0
06148,0.5,0.0,0.0,0.0,0.0,0.25
06149,0.0,0.0,0.5,0.0,0.0,0.0
06150,0.0,0.0,0.0256410259753465,0.0341880358755588,0.0,0.0
06151,0.0,0.5,0.0,0.0,0.0,1.0
06152,0.5,0.0,0.0,0.0,0.0,0.0
06153,0.1111111119389534,0.0222222227603197,0.0444444455206394,0.0222222227603197,0.0,0.0222222227603197
06154,0.5,0.0,0.0,0.0,0.5,0.0
06155,1.0,0.5,0.5,0.0,1.0,0.5
06156,0.1009174287319183,0.0091743115335702,0.027522936463356,0.0,0.082568809390068,0.027522936463356
06157,0.0,0.0,0.0,0.0,0.25,0.5
06158,0.1666666716337204,0.1666666716337204,0.0,0.0,0.0,0.1666666716337204
06159,0.0,0.0,0.0,0.0,0.3333333432674408,0.3333333432674408
06160,0.0,0.0,0.1666666716337204,0.1666666716337204,0.0,0.0
06161,1.0,0.0,0.0,0.0,1.0,0.0
06162,0.125,0.25,0.0,0.0,0.5,0.25
06163,0.5,0.0,0.0,0.5,0.0,0.0
06164,0.0,0.0,0.0,0.0948275849223136,0.0,0.0
06165,0.0,0.5,0.0,0.0,0.5,0.0
06166,0.5,0.5,0.0,0.0,0.0,0.0
06167,0.0,0.0,0.125,0.125,0.0,0.0
06168,0.25,0.25,0.0,0.0,0.25,0.75
06169,0.0,0.0,0.5,0.0,0.5,0.0
06170,0.0,0.0,0.0,0.0,0.1666666716337204,0.1666666716337204
06171,0.0,0.5,0.0,0.0,0.5,0.0
06172,0.5,0.0,0.0,0.0,0.3333333432674408,0.1666666716337204
06173,0.0818181782960891,0.0090909088030457,0.0454545468091964,0.0090909088030457,0.0181818176060915,0.1545454561710357
06174,0.0,0.5,0.0,0.0,0.5,0.5
06175,0.0,0.0,0.5,0.0,0.0,0.0
06176,0.5,0.0,0.0,0.0,0.0,0.0
06177,0.0,0.0,0.2857142984867096,0.0,0.0,0.1428571492433548
06178,0.3333333432674408,0.0,0.0,0.0,0.0,0.0
06179,0.5,0.0,0.0,0.5,0.0,0.0
06180,0.0,0.0,0.5,0.0,0.0,0.0
06181,0.5,0.5,0.5,0.0,0.0,0.0
06182,0.0,1.0,0.0,0.0,0.0,0.0
06183,0.0,0.0,0.5,0.0,0.0,0.0
06184,0.0,0.0,0.0,0.0,0.6666666865348816,0.0
06185,0.4000000059604645,0.0,0.0,0.0,0.0,0.0
06186,0.0,0.5,0.0,0.0,0.0,0.5
06187,0.0,0.0,0.0,0.0,0.5,0.0
06188,0.0,0.0,0.3333333333333333,0.0,0.0,0.0
06189,0.75,0.0,0.0,0.0,0.0,0.0
06190,0.0,0.0,0.0,0.125,0.0,0.0
06191,0.0,0.0,0.2000000029802322,0.0,0.2000000029802322,0.2000000029802322
06192,0.0,0.0,0.0,0.0,0.0,0.25
06193,0.0,0.0,0.5,0.0,0.0,0.0
06194,0.3333333432674408,0.1666666716337204,0.0,0.0,0.3333333432674408,0.3333333432674408
06195,0.5,0.0,0.5,0.0,0.0,0.0
06196,0.0,0.0,0.3333333333333333,0.0,0.0,0.0
06197,0.5,0.0,0.0,0.0,0.5,0.5
06198,0.0088495574891567,0.0,0.3185840845108032,0.0,0.0,0.0
06199,0.0,0.0,0.0,0.0,0.0,0.5
06200,0.0,0.5,0.0,0.0,0.0,0.0
06201,0.0,0.0,0.5,0.0,0.0,0.0
06202,0.0818181782960891,0.0090909088030457,0.0454545468091964,0.0090909088030457,0.0181818176060915,0.1545454561710357
06203,0.0,0.0,0.5,0.0,0.0,0.0
06204,0.0,0.3333333432674408,0.0,0.0,0.0,0.0
06205,0.0,0.0,0.1111111119389534,0.0,0.0,0.0
06206,0.0,0.0,0.0,0.0,0.5,0.0
06207,0.0,0.1666666716337204,0.1666666716337204,0.0,0.0,0.1666666716337204
06208,0.0,0.0,0.4285714328289032,0.0,0.0,0.0
06209,0.0,0.1636363565921783,0.036363635212183,0.0272727273404598,0.0818181782960891,0.0909090936183929
06210,1.0,0.0,0.0,0.0,0.0,0.0
06211,0.0,0.1636363565921783,0.036363635212183,0.0272727273404598,0.0818181782960891,0.0909090936183929
06212,1.0,0.0,0.0,0.0,0.5,0.0
06213,0.5,0.0,0.0,0.0,0.0,0.0
06214,0.0291970800608396,0.0291970800608396,0.0656934306025505,0.0,0.0948905125260353,0.0510948896408081
06215,0.0,0.5,0.0,0.0,0.0,0.0
06216,0.0,0.0089285718277096,0.0357142873108387,0.0089285718277096,0.0089285718277096,0.0
06217,0.0,0.0,0.0,0.0,0.5,0.0
06218,0.0,0.0091743115335702,0.0183486230671405,0.0091743115335702,0.0,0.0
06219,0.5,0.0,0.0,0.0,0.0,0.0
06220,0.0,0.0183486230671405,0.0458715595304966,0.0,0.2201834917068481,0.1009174287319183
06221,0.0088495574891567,0.0,0.3185840845108032,0.0,0.0,0.0
06222,0.0,0.0,0.0,0.0,0.3333333432674408,0.0
06223,0.0,0.0,0.0,0.0,0.5,0.0
06224,0.5,0.0,0.0,0.0,0.0,0.0
06225,0.0,0.0,0.0,0.0,0.5,0.0
06226,0.5,0.0,0.0,0.5,0.0,0.0
06227,0.0,0.0,0.0,0.0,0.5,0.0
06228,0.5,0.0,0.0,0.5,0.0,0.0
06229,0.0,0.5,0.0,0.0,0.0,0.0
06230,1.0,0.0,0.0,0.0,0.0,0.0
06231,0.25,0.0,0.0,0.0,0.0,0.0
06232,0.0,0.0,0.5,0.0,0.0,0.0
06233,0.25,0.0,0.0,0.0,0.0,0.75
06234,0.0,0.0,0.5,0.0,0.0,0.0
06235,0.0,0.0,0.0,0.0,0.1428571492433548,0.4285714328289032
06236,0.0341880358755588,0.0769230797886848,0.0598290599882602,0.0,0.2905983030796051,0.0940170958638191
06237,0.0,0.0,0.5,0.0,0.0,0.0
06238,0.0,0.0,0.0,0.0,0.0,0.5
06239,0.1666666716337204,0.1666666716337204,0.0,0.0,0.6666666865348816,0.6666666865348816
06240,0.3333333432674408,0.0,0.0,0.0,0.1666666716337204,0.3333333432674408
06241,0.0,0.1666666716337204,0.0,0.0,0.0,0.0
06242,0.3333333432674408,0.0,0.0,0.0,0.0,0.0
06243,0.125,0.0390625,0.0234375,0.0,0.0546875,0.1015625
06244,0.0,0.0,0.0,0.0,0.5,0.25
06245,0.0,0.0,0.4444444477558136,0.0,0.0,0.0
06246,0.0,0.5,0.0,0.0,1.0,0.5
06247,0.0,0.3333333432674408,0.0,0.0,0.0,0.0
06248,0.0366972461342811,0.1467889845371246,0.027522936463356,0.0,0.2385321110486984,0.0183486230671405
06249,0.0,0.0,0.3333333432674408,0.0,0.0,0.3333333432674408
06250,0.0,0.0,0.5,0.0,0.0,0.0
06251,0.0,0.0091743115335702,0.0183486230671405,0.0091743115335702,0.0,0.0
06252,0.25,0.25,0.0,0.0,0.25,0.0
06253,0.3333333333333333,0.0,0.0,0.0,0.0,0.0
06254,0.0,0.0,0.0,0.0,0.5,0.5
06255,0.0,0.0,0.5,0.0,0.0,0.0
06256,0.3333333432674408,0.0,0.0,0.0,0.0,0.0
06257,0.0,0.1666666716337204,0.0,0.0,0.1666666716337204,0.1666666716337204
06258,0.0,0.5,0.0,0.0,0.0,0.0
06259,0.5,0.0,0.0,0.0,0.5,1.0
06260,0.3333333432674408,0.0,0.0,0.0,0.1666666716337204,0.3333333432674408
06261,0.0,0.0,0.0,0.0,0.5,0.0
06262,0.0,0.5,0.5,0.0,0.5,0.0
06263,0.5,0.0,0.0,0.0,0.0,0.5
06264,0.0,0.0,0.5,0.0,0.0,0.0
06265,0.5,0.0,0.0,0.0,0.0,1.0
06266,0.0,0.0,0.0,0.3333333432674408,0.0,0.0
06267,0.5,0.5,0.5,0.0,0.0,0.0
06268,0.0,0.0,0.1025641039013862,0.0170940179377794,0.0085470089688897,0.0
06269,0.0,0.0,0.4285714328289032,0.0,0.0,0.0
06270,0.6666666666666666,0.0,0.0,0.0,0.0,0.0
06271,0.0,0.25,0.0,0.0,0.0,0.0
06272,0.0,0.0,0.5,0.0,0.0,0.0
06273,0.0,0.5,0.0,0.0,0.0,0.0
06274,0.0,0.0,0.0,0.0,1.0,0.5
06275,0.0,0.3333333432674408,0.0,0.0,0.0,0.0
06276,0.0,0.0,0.1025641039013862,0.0170940179377794,0.0085470089688897,0.0
06277,0.0,0.0,0.4000000059604645,0.0,0.0,0.0
06278,0.5,0.0,0.0,0.0,0.5,0.5
06279,0.0,0.5,0.0,0.0,0.0,0.0
06280,0.0,0.0,0.5,0.0,0.5,0.0
06281,0.0,0.5,0.0,0.0,0.0,0.0
06282,0.5,0.0,0.0,0.0,0.0,0.0
06283,0.0,0.0,0.0,0.0,0.5,0.5
06284,0.2000000029802322,0.2000000029802322,0.0,0.2000000029802322,0.0,0.0
06285,0.5,0.0,0.0,0.0,0.0,0.0
06286,0.0,1.0,0.0,0.0,0.5,0.0
06287,0.0,0.5,0.0,0.0,0.5,0.5
06288,0.0,0.0,0.0,0.0,0.0,0.5
06289,0.1636363565921783,0.0,0.1000000014901161,0.0,0.0,0.0090909088030457
06290,0.5,0.0,0.0,0.0,0.0,0.5
06291,0.3333333432674408,0.0,0.0,0.0,0.3333333432674408,0.0
06292,0.0,0.0,0.0256410259753465,0.0341880358755588,0.0,0.0
06293,0.0,0.0,0.4000000059604645,0.0,0.0,0.0
06294,0.0,0.5,0.0,0.0,0.0,0.0
06295,0.1000000014901161,0.0,0.0,0.1000000014901161,0.0,0.0
06296,0.5,0.0,0.0,0.0,0.0,0.0
06297,0.0,0.5,0.0,0.0,1.0,0.0
06298,0.5,0.0,0.0,0.0,0.5,0.0
06299,0.0,0.0,1.0,0.0,0.0,0.0
06300,0.0,0.0,0.1025641039013862,0.0170940179377794,0.0085470089688897,0.0
06301,0.0,0.0,0.0,0.0,0.0,0.5
06302,0.0,0.0,0.2000000029802322,0.0,0.0,0.0
06303,0.2477064281702041,0.0091743115335702,0.027522936463356,0.0091743115335702,0.0183486230671405,0.0091743115335702
06304,0.0,0.0,0.0,0.0,0.5,0.0
06305,0.0,0.0,0.0,0.5,0.0,0.0
06306,0.5,0.0,0.0,0.0,0.0,0.0
06307,0.0,0.0,0.0,0.0,1.0,0.0
06308,0.0714285746216774,0.0,0.0238095242530107,0.095238097012043,0.0,0.0
06309,0.3333333432674408,0.0,0.0,0.0,0.6666666865348816,0.6666666865348816
06310,0.0,0.5,0.25,0.0,0.0,0.0
06311,0.0,0.0,0.0,0.0,0.3333333432674408,0.6666666865348816
06312,0.25,0.0,0.0,0.0,0.0,0.0
06313,0.5,0.0,0.5,0.0,0.0,0.0
06314,0.0,0.3333333432674408,0.0,0.0,0.3333333432674408,0.3333333432674408
06315,0.0,0.0,0.0,0.0,0.0,0.3333333333333333
06316,0.0,0.0,0.5,0.0,0.0,0.0
06317,0.6666666865348816,0.0,0.0,0.0,0.3333333432674408,0.0
06318,0.6666666865348816,0.0,0.0,0.0,0.0,0.0
06319,0.0,0.5,0.25,0.0,0.0,0.0
06320,0.0,0.0,0.0,0.0,0.0,0.6666666666666666
06321,0.0,0.5,0.0,0.0,0.5,0.5
06322,0.0,0.5,0.0,0.0,0.5,0.0
06323,0.0,0.0,0.0,0.0,0.5,1.0
06324,0.5,1.0,0.0,0.0,0.0,0.0
06325,0.6666666865348816,0.3333333432674408,0.0,0.0,0.0,0.0
06326,0.0,0.3333333432674408,0.0,0.0,0.0,0.0
06327,1.0,0.0,0.0,0.0,0.0,0.0
06328,0.3333333432674408,0.3333333432674408,0.0,0.0,0.0,0.1666666716337204
06329,0.3333333432674408,0.0,0.0,0.0,0.3333333432674408,0.0
06330,0.5,0.0,0.0,0.0,0.0,0.0
06331,0.3333333432674408,0.0,0.3333333432674408,0.0,0.0,0.3333333432674408
06332,0.5,0.0,0.5,0.0,0.0,0.0
06333,0.5,0.0,0.0,0.0,0.0,0.0
06334,0.0,0.0183486230671405,0.0458715595304966,0.0,0.2201834917068481,0.1009174287319183
06335,0.0,0.25,0.0,0.0,0.0,0.0
06336,0.5,0.0,0.0,0.0,0.5,0.0
06337,0.2000000029802322,0.0,0.0,0.0,0.4000000059604645,0.4000000059604645
06338,0.0,0.5,0.0,0.0,0.0,0.0
06339,0.5,0.0,0.0,0.0,0.5,0.0
06340,0.0,1.0,0.0,0.0,0.0,0.3333333432674408
06341,0.1666666716337204,0.0,0.1111111119389534,0.0,0.0555555559694767,0.0555555559694767
06342,0.0,0.0,0.0,0.0,0.5,0.0
06343,0.0,0.0089285718277096,0.0357142873108387,0.0089285718277096,0.0089285718277096,0.0
06344,0.0,0.0,0.3333333333333333,0.0,0.0,0.0
06345,0.25,0.0,0.0,0.0,0.25,0.5
06346,0.0,0.5,0.0,0.0,0.0,1.0
06347,0.0,0.0,0.1428571492433548,0.0,0.0,0.0
06348,0.0,0.25,0.375,0.0,0.0,0.125
06349,0.1666666716337204,0.3333333432674408,0.0,0.0,0.0,0.0
06350,0.5,0.0,0.0,0.0,0.0,0.0
06351,0.0,0.3333333432674408,0.0,0.0,0.0,0.0
06352,0.0,0.0089285718277096,0.0357142873108387,0.0089285718277096,0.0089285718277096,0.0
06353,0.5,0.0,0.0,0.0,0.0,0.0
06354,0.5,0.0,0.0,0.0,0.0,0.0
06355,0.0,0.5,0.0,0.0,0.5,0.0
06356,0.5,0.5,0.0,0.0,0.5,0.0
06357,0.0,0.5,0.0,0.0,0.0,0.0
06358,0.0,0.0,0.5,0.0,0.0,0.0
06359,0.0,0.0,0.0,0.0,0.1428571492433548,0.4285714328289032
06360,0.0172413792461156,0.0172413792461156,0.0258620698004961,0.0,0.0517241396009922,0.0
06361,0.1111111119389534,0.1111111119389534,0.0,0.0,0.3333333432674408,0.7777777910232544
06362,0.0,0.0,0.5,0.0,0.0,0.0
06363,0.3333333432674408,0.0,0.0,0.0,0.0,0.1666666716337204
06364,0.0,0.0,0.0,0.0,0.0,0.5
06365,1.0,0.0,0.0,0.0,0.0,0.0
06366,0.2477064281702041,0.0091743115335702,0.027522936463356,0.0091743115335702,0.0183486230671405,0.0091743115335702
06367,0.0,0.0,0.0,0.0,0.0,0.5
06368,0.0,0.5,0.0,0.0,1.0,0.5
06369,0.5,0.0,0.0,0.0,0.0,1.0
06370,0.0,0.0,0.5,0.0,0.0,0.0
06371,0.5,0.0,0.0,0.0,0.0,0.0
06372,0.0,0.0,0.0,0.0948275849223136,0.0,0.0
06373,0.0,0.0,0.3333333333333333,0.0,0.0,0.0
06374,0.5,0.0,0.0,0.0,0.0,0.5
06375,0.0,0.0,0.0,0.5,0.0,0.0
06376,0.0,1.0,0.0,0.0,0.0,0.0
06377,0.1538461595773697,0.0,0.0769230797886848,0.0,0.0769230797886848,0.0512820519506931
06378,0.0,0.0,0.5,0.0,0.0,0.0
06379,0.0,0.5,0.0,0.0,0.5,0.5
06380,0.3333333432674408,0.3333333432674408,0.0,0.0,0.0,0.0
06381,0.0,0.5,0.0,0.0,0.5,0.0
06382,0.0,0.0,0.5714285969734192,0.0,0.0,0.0
06383,0.0,0.0,0.0,0.0,0.0,0.2000000029802322
06384,0.0,0.0,0.0,0.0,1.0,0.0
06385,0.0,0.0,0.5,0.0,0.0,0.5
06386,0.1428571492433548,0.0,0.0,0.0,0.0,0.0
06387,0.0,0.0,0.3333333333333333,0.0,0.0,0.0
06388,0.6666666865348816,0.0,0.0,0.0,0.0,0.0
06389,0.5,0.0,0.0,0.5,0.0,0.0
06390,0.0,0.0,0.0,0.0,0.5,0.0
06391,0.5555555820465088,0.0833333358168602,0.0,0.0,0.1944444477558136,0.1388888955116272
06392,0.0,0.0,0.0,0.0,0.5,0.0
06393,0.0,0.0,0.5,0.0,0.0,0.0
06394,0.0,0.0,0.0,0.0,0.0,0.5
06395,0.0,0.5,0.0,0.0,0.0,0.0
06396,0.0,0.0,0.0,0.0,0.5,0.0
06397,0.625,0.0,0.0,0.0,0.25,0.125
06398,0.0,0.0,0.0,0.0,0.6666666865348816,0.0
06399,0.0,0.0,0.25,0.5,0.0,0.0
06400,0.5,0.0,0.0,0.0,0.5,1.0
06401,0.2857142984867096,0.0,0.0,0.0,0.2857142984867096,0.1428571492433548
06402,0.5,0.0,0.5,0.0,0.5,0.0
06403,0.0,0.25,0.0,0.0,0.5,0.125
06404,0.0,0.5,0.0,0.0,0.1666666716337204,0.1666666716337204
06405,0.6666666865348816,0.1666666716337204,0.1666666716337204,0.0,0.0,0.0
06406,0.3333333432674408,0.4444444477558136,0.0,0.0,0.1111111119389534,0.5555555820465088
06407,0.0,0.5,0.0,0.0,0.0,0.0
06408,0.5,0.0,0.0,0.0,0.5,0.0
06409,0.3333333432674408,0.0,0.0,0.0,0.0,0.3333333432674408
06410,0.0,0.5,0.0,0.0,0.0,0.0
06411,0.5,0.0,0.5,0.0,0.0,0.0
06412,0.0,0.0408163256943225,0.0408163256943225,0.0204081628471612,0.0,0.0
06413,0.5,0.5,0.0,0.0,0.0,0.0
06414,0.2477064281702041,0.0091743115335702,0.027522936463356,0.0091743115335702,0.0183486230671405,0.0091743115335702
06415,0.0,0.25,0.0,0.0,0.75,0.0
06416,0.0,0.0,0.5,0.0,0.0,0.0
06417,0.0,0.0,0.0,0.0,0.5,0.5
06418,0.0,0.0,0.5,0.0,0.0,0.0
06419,0.0,0.0,0.5,0.0,0.0,0.0
06420,0.5,0.0,0.0,0.0,0.0,0.0
06421,0.3333333432674408,0.0,0.0,0.3333333432674408,0.3333333432674408,0.3333333432674408
06422,0.0818181782960891,0.0090909088030457,0.0454545468091964,0.0090909088030457,0.0181818176060915,0.1545454561710357
06423,0.0,0.5,0.0,0.0,0.0,0.0
06424,0.5,0.0,0.0,0.0,0.5,0.5
06425,0.0,0.0,0.5714285969734192,0.0,0.1428571492433548,0.0
06426,0.0,0.0,0.0,0.0,0.5,0.0
06427,0.0,0.0,0.0,0.0,0.5,0.0
06428,0.0,0.3333333432674408,0.0,0.0,0.0,0.0
06429,0.5,0.0,0.0,0.0,0.0,0.0
06430,0.0,0.0,0.5,0.0,0.0,0.0
06431,0.0172413792461156,0.0172413792461156,0.0258620698004961,0.0,0.0517241396009922,0.0
06432,1.0,0.0,0.0,0.0,0.0,0.0
06433,0.5,0.0,0.0,0.0,0.0,0.0
06434,0.5,0.0,0.0,0.0,0.0,0.0
06435,0.0,0.0,0.0,0.0,0.0,0.5
06436,0.5,0.0,0.0,0.0,0.0,0.0
06437,0.1666666716337204,0.0,0.1666666716337204,0.0,0.1666666716337204,0.1666666716337204
06438,0.25,0.25,0.0,0.0,0.0,0.0
06439,1.0,0.0,0.0,0.0,0.0,0.0
06440,0.0,0.1666666716337204,0.0,0.0,0.0,0.0
06441,0.25,0.0,0.0,0.0,0.0,0.0
06442,0.6315789222717285,0.0526315793395042,0.0263157896697521,0.0,0.0,0.0526315793395042
06443,0.0,0.0,0.5,0.0,0.0,0.5
06444,0.0,0.0,0.0,0.0,0.5,0.0
06445,0.0,0.0,0.4285714328289032,0.0,0.0,0.0
06446,0.5,0.0,0.0,0.5,0.0,0.0
06447,0.3333333432674408,0.0,0.0,0.0,0.0,0.0
06448,0.0341880358755588,0.0769230797886848,0.0598290599882602,0.0,0.2905983030796051,0.0940170958638191
06449,0.5,0.0,0.5,0.0,0.0,0.0
06450,0.0,0.0,0.0,0.0,0.6666666865348816,0.0
06451,0.0,0.0,0.0,0.0,0.5,0.0
06452,0.5,0.0,0.5,0.0,0.0,0.0
06453,0.5,0.0,0.0,0.0,0.5,0.0
06454,0.5,0.0,0.0,0.0,0.0,0.5
06455,0.0,0.0,0.5,0.0,0.0,0.0
06456,0.0,0.0,0.0,0.0,0.0,0.3333333432674408
06457,0.0,0.0,0.0,0.5,0.0,0.0
06458,0.0,0.0,1.0,0.0,0.0,0.0
06459,0.0,0.3333333432674408,0.5,0.0,0.3333333432674408,0.3333333432674408
06460,0.3333333432674408,0.0,0.0,0.0,0.0,0.0
06461,0.0,0.0,0.0,0.0,0.5,0.0
06462,0.0172413792461156,0.0172413792461156,0.0258620698004961,0.0,0.0517241396009922,0.0
06463,0.5,0.0,0.0,0.0,0.5,1.0
06464,0.5,0.0,0.0,0.0,0.0,0.0
06465,0.0,0.3333333432674408,0.0,0.0,0.0,0.0
06466,0.3333333432674408,0.0,0.3333333432674408,0.0,0.3333333432674408,0.0
06467,0.5,0.0,0.0,0.0,0.0,0.0
06468,0.0,0.0,0.0,0.0,0.5,0.0
06469,0.0,0.0,0.5,0.0,0.0,0.0
06470,0.0,0.0,0.5,0.0,0.0,0.0
06471,0.0,0.2000000029802322,0.4000000059604645,0.0,0.0,0.0
06472,0.3333333432674408,0.0,0.0,0.0,0.0,0.0
06473,1.0,0.0,0.0,0.0,0.0,0.0
06474,0.0,0.0,0.0,0.0,1.0,0.3333333432674408
06475,0.5,0.0,0.0,0.0,0.0,0.0
06476,0.0,0.0,0.3333333333333333,0.0,0.0,0.16666666666666666
06477,0.3333333432674408,0.0,0.0,0.0,0.3333333432674408,0.0
06478,0.0,0.0,0.5,0.0,0.0,0.0
06479,0.6000000238418579,0.0,0.0,0.0,0.0,0.0
06480,0.25,0.0,0.0,0.25,0.25,0.5
06481,1.0,0.0,0.0,0.0,0.0,0.0
06482,0.0,0.0,0.0,0.0,0.3333333432674408,0.0
06483,0.5,0.0,0.5,0.0,0.0,0.0
06484,0.5,0.0,0.0,0.0,0.25,0.5
06485,0.0,0.3333333432674408,0.0,0.0,0.3333333432674408,0.0
06486,0.0,0.0,1.0,0.0,0.5,0.0
06487,0.0,0.1428571492433548,0.0,0.0,0.0,0.1428571492433548
06488,0.0,0.1666666716337204,0.0,0.0,0.0,0.0
06489,0.0,0.0,0.1025641039013862,0.0170940179377794,0.0085470089688897,0.0
06490,1.0,0.5,0.0,0.0,0.0,0.0
06491,0.2000000029802322,0.4000000059604645,0.0,0.0,0.0,0.2000000029802322
06492,0.3333333432674408,0.0,0.3333333432674408,0.0,0.3333333432674408,0.0
06493,0.0,0.1666666716337204,0.0,0.0,0.0,0.0
06494,0.0088495574891567,0.0,0.3185840845108032,0.0,0.0,0.0
06495,1.0,0.0,0.0,0.0,0.0,0.0
06496,0.0,0.0,0.0,0.0,0.0,0.5
06497,0.0,0.0,0.3333333333333333,0.0,0.0,0.0
06498,0.5,0.0,0.0,0.0,0.0,0.0
06499,0.0,0.0089285718277096,0.0357142873108387,0.0089285718277096,0.0089285718277096,0.0
06500,0.4444444444444444,0.0,0.1111111111111111,0.0,0.0,0.0
06501,0.3333333432674408,0.0,0.3333333432674408,0.0,0.0,0.3333333432674408
06502,0.3333333432674408,0.6666666865348816,0.0,0.0,0.0,0.0
06503,0.0,0.0,0.0,0.0,0.5,0.0
06504,0.0,0.5,0.0,0.0,0.0,0.0
06505,0.1428571492433548,0.0,0.0,0.0,0.1428571492433548,0.1428571492433548
06506,0.0,0.5,0.0,0.0,0.0,0.25
06507,0.0,0.5,0.0,0.0,0.5,0.5
06508,0.5,0.0,0.0,0.5,0.0,0.0
06509,0.0,0.125,0.0,0.0,0.0,0.125
06510,0.0341880358755588,0.0769230797886848,0.0598290599882602,0.0,0.2905983030796051,0.0940170958638191
06511,0.25,0.0,0.0,0.0,0.25,0.25
06512,1.0,0.0,0.0,0.0,0.5,0.0
06513,0.0,0.0,0.0,0.0,0.0,0.3333333432674408
06514,0.0,0.1666666716337204,0.1666666716337204,0.0,0.1666666716337204,0.1666666716337204
06515,0.0,0.3333333333333333,0.3333333333333333,0.0,0.0,0.0
06516,0.3333333333333333,0.0,0.0,0.0,0.0,0.3333333333333333
06517,0.0,0.0,0.5,0.0,0.0,0.0
06518,0.6,0.0,0.0,0.0,0.0,0.4
06519,0.0,0.0,1.0,0.0,0.0,0.0
06520,0.0,0.5,0.0,0.0,0.5,0.0
06521,0.0,0.0,0.3333333432674408,0.0,0.0,0.0
06522,0.0,0.5,0.0,0.0,0.0,0.0
06523,0.0,0.0,0.6666666865348816,0.0,0.0,0.0
06524,0.5,0.0,0.5,0.0,0.0,0.0
06525,0.3333333432674408,0.0,0.0,0.0,0.0,0.3333333432674408
06526,0.0,0.2000000029802322,0.0,0.0,0.0,0.0
06527,0.0,0.3333333333333333,0.0,0.0,0.0,0.0
06528,0.0,0.0,0.2857142984867096,0.0,0.0,0.1428571492433548
06529,0.0,0.0,0.0,0.0,0.5,0.0
06530,0.1666666716337204,0.0,0.0,0.0,0.0,0.1666666716337204
06531,0.3333333333333333,0.0,0.0,0.0,0.0,0.3333333333333333
06532,0.0,0.6000000238418579,0.0,0.0,0.2000000029802322,0.2000000029802322
06533,0.5,0.5,0.0,0.0,0.0,0.5
06534,0.0,0.25,0.0,0.0,0.25,0.0
06535,0.0,0.0,0.0,0.0,0.3333333432674408,0.0
06536,0.0,0.0,0.5,0.0,0.0,0.0
06537,0.5,0.0,0.0,0.0,0.5,0.0
06538,0.0,0.0,0.5,0.0,0.0,0.0
06539,1.0,0.0,0.0,0.0,0.0,0.0
06540,0.0,0.0,0.0,0.0,0.1428571492433548,0.0
06541,0.0,0.0091743115335702,0.0183486230671405,0.0091743115335702,0.0,0.0
06542,0.0,0.0,0.5,0.0,0.0,0.0
06543,1.0,0.0,0.0,0.0,0.0,0.0
06544,0.0,0.0,0.3333333432674408,0.0,0.1666666716337204,0.0
06545,0.2857142984867096,0.2857142984867096,0.0,0.0,0.5714285969734192,0.4285714328289032
06546,0.0,0.0,0.2857142984867096,0.0,0.0,0.0
06547,0.5,0.0,0.0,0.0,0.0,0.0
06548,0.5,0.0,0.0,0.0,0.0,0.0
06549,0.5,0.0,0.0,0.0,0.0,0.0
06550,0.5,0.0,0.0,0.5,0.0,0.0
06551,0.0,0.6666666865348816,0.0,0.0,0.0,0.0
06552,0.0,0.5,0.0,0.0,1.0,0.5
06553,0.5,0.0,0.0,0.0,0.0,0.0
06554,0.0,0.0,0.0909090936183929,0.0,0.0,0.0
06555,0.0,0.5,0.5,0.0,0.0,0.0
06556,0.0,0.0,0.5,0.0,0.5,0.0
06557,0.0,0.3333333432674408,0.3333333432674408,0.0,0.0,0.0
06558,0.5,0.0,0.0,0.0,0.5,0.0
06559,0.0,0.0090090092271566,0.0720720738172531,0.0,0.0090090092271566,0.0
06560,0.0,0.0,0.5,0.0,0.0,0.0
06561,0.5,0.0,0.0,0.0,0.0,0.0
06562,0.3333333432674408,0.0,0.0,0.0,0.1666666716337204,0.3333333432674408
06563,0.0,0.3333333432674408,0.0,0.0,0.3333333432674408,0.0
06564,0.0,0.5,0.0,0.0,0.0,0.0
06565,0.0,0.0,0.3333333432674408,0.0,0.0,0.0
06566,0.1428571492433548,0.5714285969734192,0.0,0.0,0.4285714328289032,0.4285714328289032
06567,0.5,0.0,0.0,0.0,0.0,0.0
06568,0.0,0.0,0.1666666716337204,0.0,0.0,0.0
06569,0.0,0.1428571492433548,0.0,0.0,0.0,0.0
06570,0.5,0.0,0.0,0.0,0.0,0.0
06571,0.0,0.5,0.0,0.0,0.0,0.0
06572,0.1666666716337204,0.1666666716337204,0.0,0.0,0.3333333432674408,0.5
06573,0.0,0.0,0.0,0.0,0.1428571492433548,0.0
06574,0.5,0.0,1.0,0.0,0.5,0.0
06575,0.0,0.0,0.5,0.0,0.0,0.0
06576,0.0,0.5,0.0,0.0,0.0,0.0
06577,0.0,0.0,0.0,0.0,0.3333333432674408,0.0
06578,0.5,0.0,0.0,0.0,0.0,0.5
06579,0.0,0.0,0.0,0.0,0.3333333432674408,0.0
06580,0.0,0.0,0.5,0.0,0.0,0.0
06581,0.5,0.0,0.0,0.0,0.0,0.0
06582,0.0,0.0,0.0,0.0,0.0,1.0
06583,0.0,0.0,0.0,0.0,0.5,0.0
06584,0.0,0.0,0.0,0.0,0.0,0.5
06585,0.0,0.0,0.0,0.3333333333333333,0.0,0.0
06586,0.0,0.0,0.2000000029802322,0.0,0.0,0.0
06587,0.0,0.0,0.0256410259753465,0.0341880358755588,0.0,0.0
06588,0.0,1.0,0.0,0.0,0.0,0.0
06589,0.0,0.0,0.3333333333333333,0.0,0.0,0.0
06590,0.5,0.0,0.0,0.0,0.5,0.0
06591,0.5,0.0,0.0,0.0,0.5,0.0
06592,0.5,0.0,0.0,0.0,0.5,0.0
06593,0.1636363565921783,0.0,0.1000000014901161,0.0,0.0,0.0090909088030457
06594,0.0,0.1666666716337204,0.0,0.0,0.1666666716337204,0.0
06595,0.0,0.0,0.3333333432674408,0.0,0.0,0.0
06596,0.0,0.0,0.0,0.0,0.0,0.5
06597,0.0,0.0,0.0,0.0,0.2000000029802322,0.0
06598,0.5,0.0,0.0,0.0,0.3333333432674408,0.0
06599,0.5,0.0,0.5,0.0,0.0,0.0
06600,0.5,0.0,0.5,0.0,0.5,0.0
06601,0.0,0.0,0.5,0.0,0.0,0.0
06602,0.0,0.0,0.5,0.0,0.0,0.0
06603,0.0,0.6000000238418579,0.0,0.0,0.2000000029802322,0.0
06604,0.0,0.3333333432674408,0.3333333432674408,0.0,0.3333333432674408,0.6666666865348816
06605,0.0,0.0,0.0,0.0,0.5,0.0
06606,0.1666666716337204,0.0,0.0,0.0,0.0,0.0
06607,0.0,0.0,0.2,0.0,0.0,0.0
06608,0.1009174287319183,0.0091743115335702,0.027522936463356,0.0,0.082568809390068,0.027522936463356
06609,0.5,0.0,0.0,0.0,0.0,0.0
06610,0.0,0.5,0.0,0.0,0.0,0.0
06611,0.0,0.5,0.0,0.0,0.0,0.5
06612,0.0,0.0091743115335702,0.0183486230671405,0.0091743115335702,0.0,0.0
06613,0.5,0.5,0.0,0.0,0.0,0.0
06614,1.0,0.5,0.0,0.0,0.0,0.0
06615,0.0,0.5,0.0,0.0,0.0,0.0
06616,0.5,0.0,0.0,0.0,0.0,0.0
06617,0.0,0.0,0.0,0.0,0.5,0.5
06618,0.0,0.0,0.0,0.0,0.5,0.0
06619,0.3333333432674408,0.0,0.0,0.0,0.0,0.0
06620,0.0,0.0,0.3333333333333333,0.0,0.0,0.0
06621,0.0,0.1636363565921783,0.036363635212183,0.0272727273404598,0.0818181782960891,0.0909090936183929
06622,0.0,0.0,0.0,0.0,0.6666666865348816,0.3333333432674408
06623,0.0,0.0,0.0,0.1428571492433548,0.0,0.0
06624,0.5,0.5,0.0,0.0,0.0,0.5
06625,0.1666666716337204,0.0,0.0,0.0,0.0,0.0
06626,0.5,0.0,0.0,0.0,0.0,0.0
06627,0.6666666865348816,0.0,0.0,0.0,0.3333333432674408,0.6666666865348816
06628,0.0,0.0,0.1666666716337204,0.0,0.0,0.0
06629,0.5,0.0,0.0,0.0,0.5,0.5
06630,0.1666666716337204,0.3333333432674408,0.0,0.0,0.0,0.1666666716337204
06631,0.0,0.0,0.1666666716337204,0.0,0.0,0.0
06632,0.1538461595773697,0.0598290599882602,0.0085470089688897,0.0,0.0683760717511177,0.0256410259753465
06633,0.5,0.0,0.0,0.0,0.0,0.5
06634,1.0,0.5,0.0,0.0,0.0,0.0
06635,0.5,0.0,0.0,0.0,0.0,0.0
06636,0.0,0.0,0.0,0.0948275849223136,0.0,0.0
06637,0.0,0.0,0.3333333432674408,0.0,0.0,0.0
06638,0.5,0.0,0.0,0.0,0.5,0.5
06639,0.5,0.5,0.5,0.0,0.0,0.0
06640,0.3333333432674408,0.0,0.0,0.0,0.3333333432674408,0.3333333432674408
06641,0.0,0.0,0.5,0.0,0.0,0.0
06642,0.0,0.3333333432674408,0.3333333432674408,0.0,0.0,0.0
06643,0.0,0.5,0.0,0.0,0.0,0.0
06644,0.5,0.0,0.0,0.0,0.0,0.0
06645,0.5,0.0,0.5,0.0,0.0,0.0
06646,0.3333333432674408,0.0,0.0,0.0,0.0,0.0
06647,0.0,0.0,0.3333333432674408,0.0,0.0,0.0
06648,0.2000000029802322,0.0,0.0,0.0,0.2000000029802322,0.0
06649,0.5,0.0,0.0,0.0,1.0,0.0
06650,0.0,0.0,0.0,0.0,0.0,1.0
06651,0.5,0.0,0.0,0.0,0.0,0.0
06652,0.0,0.0,0.0,0.0,0.0,0.3333333333333333
06653,0.0,0.3333333333333333,0.0,0.0,0.0,0.0
06654,0.0,0.0,0.2,0.0,0.0,0.0
06655,0.0172413792461156,0.0172413792461156,0.0258620698004961,0.0,0.0517241396009922,0.0
06656,0.0,0.0,0.5,0.0,0.0,0.0
06657,0.0,0.0,0.3333333432674408,0.0,0.0,0.0
06658,0.0,0.0,0.5,0.0,0.5,0.0
06659,0.0,0.5,0.0,0.0,0.0,0.0
06660,0.0,0.0,0.0,0.0,0.5,0.0
06661,0.0,0.0089285718277096,0.0357142873108387,0.0089285718277096,0.0089285718277096,0.0
06662,0.2477064281702041,0.0091743115335702,0.027522936463356,0.0091743115335702,0.0183486230671405,0.0091743115335702
06663,0.0,0.5,0.0,0.0,0.5,0.5
06664,0.6666666865348816,0.0,0.0,0.0,0.0,0.0
06665,0.0,0.5,0.0,0.0,0.0,0.0
06666,0.0,0.0,0.5,0.0,0.0,0.0
06667,0.0,0.0,0.5,0.0,0.0,0.0
06668,0.0,0.0,1.0,0.0,0.0,0.0
06669,0.0,0.3333333333333333,0.0,0.0,0.0,0.3333333333333333
06670,0.0,0.1666666716337204,0.1666666716337204,0.0,0.0,0.1666666716337204
06671,0.0,0.0,0.0,0.0,0.0,0.5
06672,0.0291970800608396,0.0291970800608396,0.0656934306025505,0.0,0.0948905125260353,0.0510948896408081
06673,0.3333333333333333,0.0,0.0,0.0,0.0,0.0
06674,0.0,0.2000000029802322,0.2000000029802322,0.0,0.2000000029802322,0.0
06675,0.0,0.0,0.5,0.0,0.0,0.0
06676,0.0,0.0,0.5,0.0,0.0,0.0
06677,0.125,0.25,0.0,0.0,0.25,0.125
06678,0.0,0.0,0.5,0.0,0.0,0.0
06679,0.5,0.0,0.0,0.0,0.5,0.5
06680,0.25,0.0,0.25,0.0,0.0,0.0
06681,0.0,0.5,0.0,0.0,0.0,0.0
06682,0.0,0.5,0.0,0.0,0.5,0.0
06683,0.0,0.5,0.0,0.0,0.0,0.5
06684,0.0,0.0,0.0,0.3333333333333333,0.0,0.0
06685,0.1636363565921783,0.0,0.1000000014901161,0.0,0.0,0.0090909088030457
06686,0.3333333432674408,0.0,0.0,0.0,0.0,0.3333333432674408
06687,0.5,0.0,0.0,0.0,0.5,0.0
06688,0.0,0.0,0.3333333432674408,0.0,0.0,0.0
06689,0.0,0.5,0.0,0.0,0.0,0.0
06690,0.0,0.0,0.0,0.0,0.3333333432674408,0.0
06691,0.5,0.0,0.0,0.0,0.0,0.0
06692,0.3333333432674408,0.0,0.0,0.3333333432674408,0.3333333432674408,0.3333333432674408
06693,0.5,0.0,0.0,0.0,0.0,0.0
06694,0.3333333432674408,0.0,0.0,0.0,0.0,0.0
06695,0.0,0.0,0.0,0.5,0.0,0.0
06696,0.25,0.0,0.0,0.0,0.25,0.0
06697,0.1538461595773697,0.0598290599882602,0.0085470089688897,0.0,0.0683760717511177,0.0256410259753465
06698,0.3333333432674408,0.0,0.0,0.0,0.0,0.6666666865348816
06699,0.0,0.0,0.0,0.0,0.5,0.25
06700,0.5,0.0,0.0,0.0,0.5,0.0
06701,0.0,0.0089285718277096,0.0357142873108387,0.0089285718277096,0.0089285718277096,0.0
06702,0.2000000029802322,0.0,0.0,0.0,0.0,0.0
06703,0.0,0.0,0.0,0.0,0.5,0.5
06704,0.5,0.0,0.0,0.0,0.5,0.5
06705,0.1428571492433548,0.1428571492433548,0.4285714328289032,0.0,0.0,0.0
06706,0.0,0.25,0.0,0.0,0.0,0.25
06707,0.5,0.0,0.0,0.0,0.0,0.0
06708,0.0,0.0,0.0256410259753465,0.0341880358755588,0.0,0.0
06709,0.0,0.3333333432674408,0.0,0.0,0.0,0.3333333432674408
06710,0.25,0.0,0.0,0.0,0.25,0.25
06711,0.5,0.0,0.0,0.0,0.0,0.0
06712,0.2000000029802322,0.4000000059604645,0.2000000029802322,0.0,0.4000000059604645,0.2000000029802322
06713,0.0,0.0,0.5,0.0,0.0,0.0
06714,0.5,0.5,0.5,0.0,0.0,0.0
06715,0.0,0.0,0.0,0.0,0.5,0.0
06716,0.0,0.0,0.0,0.0,0.5,0.0
06717,0.0,0.0,0.0,0.3333333432674408,0.0,0.0
06718,0.0,0.3333333432674408,0.0,0.0,0.0,0.0
06719,0.0,0.0,0.0,0.0,0.6666666666666666,0.3333333333333333
06720,0.25,0.25,0.0,0.0,0.0,0.0
06721,0.0,0.5,0.0,0.0,0.0,0.0
06722,0.0,0.5,0.0,0.0,0.0,0.0
06723,0.5,0.0,0.0,0.0,0.0,0.0
06724,0.0,0.0,0.0,0.0,0.0,0.6666666865348816
06725,0.6000000238418579,0.0,0.0,0.0,0.2000000029802322,0.800000011920929
06726,0.0,0.0,0.1666666716337204,0.1666666716337204,0.0,0.0
06727,0.0,0.0,0.1666666716337204,0.0,0.0,0.0
06728,0.5,0.0,0.0,0.0,0.0,0.0
06729,0.0,0.5,0.0,0.0,0.0,0.0
06730,0.0,0.0,0.0,0.0,0.0,0.3333333333333333
06731,0.0,0.6000000238418579,0.0,0.0,0.0,0.2000000029802322
06732,0.0,1.0,0.0,0.0,0.0,0.0
06733,0.0,0.2000000029802322,0.0,0.0,0.0,0.0
06734,0.0,0.0,0.0,0.0,0.5,0.0
06735,0.0,0.6666666865348816,0.0,0.0,0.0,0.3333333432674408
06736,0.5,0.0,0.0,0.0,0.5,0.0
06737,0.5,0.0,0.5,0.0,0.0,0.0
06738,1.0,0.5,0.0,0.0,0.0,0.5
06739,0.0,0.0,0.0,0.0,0.3333333333333333,0.0
06740,0.0,0.0,0.0,0.2000000029802322,0.0,0.0
06741,0.1428571492433548,0.2857142984867096,0.0,0.0,0.0,0.1428571492433548
06742,0.0,0.0,0.0,0.0,0.0,0.5
06743,0.0080000003799796,0.0399999991059303,0.1360000073909759,0.0080000003799796,0.1599999964237213,0.0
06744,0.0,0.0,0.0,0.1428571492433548,0.0,0.0
06745,0.5,0.0,0.0,0.0,0.5,0.5
06746,0.5,0.0,0.0,0.0,0.0,0.0
06747,0.0,0.0,0.1428571492433548,0.0,0.1428571492433548,0.1428571492433548
06748,0.1538461595773697,0.0598290599882602,0.0085470089688897,0.0,0.0683760717511177,0.0256410259753465
06749,0.2477064281702041,0.0091743115335702,0.027522936463356,0.0091743115335702,0.0183486230671405,0.0091743115335702
06750,0.5,0.0,0.0,0.0,0.0,0.0
06751,0.0,0.0,0.0,0.0,0.3333333432674408,0.0
06752,0.0,0.5,0.0,0.0,0.5,1.0
06753,0.5,0.0,0.5,0.0,0.0,0.0
06754,0.0,0.5,0.0,0.0,0.0,0.0
06755,0.0,0.6000000238418579,0.0,0.0,0.2000000029802322,0.2000000029802322
06756,0.3333333432674408,0.0,0.0,0.0,0.3333333432674408,0.0
06757,0.0,0.0,1.0,0.0,0.0,0.0
06758,0.0,0.0,0.0,0.0,0.0,0.3333333333333333
06759,0.0270270276814699,0.1351351290941238,0.0,0.0,0.2432432472705841,0.1351351290941238
06760,0.5,0.5,0.5,0.0,0.0,0.0
06761,0.5,0.5,0.0,0.0,0.0,0.0
06762,0.0,0.0,0.2000000029802322,0.0,0.2000000029802322,0.0
06763,0.0,0.1666666716337204,0.1666666716337204,0.0,0.1666666716337204,0.1666666716337204
06764,0.4000000059604645,0.2000000029802322,0.0,0.0,0.0,0.2000000029802322
06765,0.0,0.875,0.0,0.0,0.0,0.0
06766,0.1538461595773697,0.0,0.0769230797886848,0.0,0.0769230797886848,0.0512820519506931
06767,0.0,0.0,1.0,0.0,0.0,0.0
06768,0.5,0.0,0.5,0.0,0.0,0.0
06769,0.25,0.25,0.0,0.0,0.0,0.0
06770,0.5,0.0,0.0,0.0,0.5,0.5
06771,0.0,0.0,0.14285714285714285,0.0,0.0,0.0
06772,0.0,0.0,0.1428571492433548,0.0,0.0,0.0
06773,0.0,0.0,0.0,0.3333333432674408,0.0,0.0
06774,0.5,0.0,0.0,0.0,0.0,0.0
06775,0.0,0.0,0.4000000059604645,0.0,0.0,0.0
06776,0.25,0.25,0.0,0.0,0.0,0.0
06777,0.0,0.2222222238779068,0.1111111119389534,0.0,0.1111111119389534,0.2222222238779068
06778,0.0,0.0091743115335702,0.0183486230671405,0.0091743115335702,0.0,0.0
06779,0.0,0.0,0.0,0.2000000029802322,0.0,0.0
06780,0.0,0.0,0.0,0.0,0.0,0.5
06781,0.0,0.0,0.3333333432674408,0.0,0.3333333432674408,0.1666666716337204
06782,0.0,0.0,1.0,0.0,0.0,0.0
06783,0.0,0.0,0.0,0.0,0.5,0.0
06784,0.0,0.6666666865348816,0.0,0.0,0.0,0.0
06785,0.5,0.0,0.0,0.0,0.0,0.0
06786,0.0,0.0,0.0,0.0,0.5,0.0
06787,0.0,0.0,0.0,0.0,0.25,0.0
06788,0.3333333432674408,0.0,0.0,0.0,0.0,0.0
06789,1.0,0.0,0.0,0.0,0.0,0.0
06790,0.0,0.1636363565921783,0.036363635212183,0.0272727273404598,0.0818181782960891,0.0909090936183929
06791,0.0,0.0,0.0,0.0948275849223136,0.0,0.0
06792,0.5,0.0,0.0,0.0,0.0,0.0
06793,0.5,0.0,0.0,0.0,0.0,1.0
06794,0.0,0.5,0.0,0.0,0.0,0.0
06795,0.0,0.0,0.0,0.0,0.2000000029802322,0.0
06796,0.3333333432674408,0.0,0.0,0.0,0.0,0.3333333432674408
06797,0.0,0.2,0.0,0.0,0.0,0.0
06798,0.0,0.0,0.0,0.0,1.0,0.0
06799,0.0263157896697521,0.0,0.1052631586790084,0.0,0.0526315793395042,0.1052631586790084
06800,0.0291970800608396,0.0291970800608396,0.0656934306025505,0.0,0.0948905125260353,0.0510948896408081
06801,0.0,0.0,0.0,0.0,0.5,0.0
06802,0.0,0.0,0.0,0.0,0.5,0.5
06803,0.0366972461342811,0.1467889845371246,0.027522936463356,0.0,0.2385321110486984,0.0183486230671405
06804,0.0,0.0,0.5,0.0,1.0,0.0
06805,0.5,0.0,0.0,0.5,0.0,0.0
06806,0.0,0.25,0.0,0.0,0.0,0.0
06807,0.0,0.3333333432674408,0.0,0.0,0.1666666716337204,0.1666666716337204
06808,0.0818181782960891,0.0090909088030457,0.0454545468091964,0.0090909088030457,0.0181818176060915,0.1545454561710357
06809,0.5,0.0,0.5,0.0,0.0,0.0
06810,0.0,0.0,0.0,0.0,0.0,0.5
06811,0.5,0.0,0.0,0.0,0.0,0.0
06812,0.0,0.3333333432674408,0.0,0.0,0.8333333134651184,0.3333333432674408
06813,0.0,0.0,0.5,0.0,0.0,0.0
06814,0.0,0.5,0.0,0.0,0.0,0.5
06815,0.0,0.0,0.0,0.0,0.0,0.5
06816,0.0,0.1428571492433548,0.0,0.0,0.0,0.2857142984867096
06817,0.1009174287319183,0.0091743115335702,0.027522936463356,0.0,0.082568809390068,0.027522936463356
06818,0.0,0.0,0.0,0.0,0.0,1.0
06819,0.0,0.5,0.0,0.0,0.5,0.0
06820,0.5,0.0,0.0,0.0,0.0,0.0
06821,0.0,0.5,0.0,0.0,0.0,0.0
06822,0.4,0.0,0.2,0.4,0.0,0.0
06823,0.5,0.0,0.0,0.0,0.0,0.0
06824,0.0,0.0,0.5,0.0,0.0,0.0
06825,0.0291970800608396,0.0291970800608396,0.0656934306025505,0.0,0.0948905125260353,0.0510948896408081
06826,0.0,0.0,0.0,0.0,0.25,0.0
06827,0.0,0.3333333432674408,0.3333333432674408,0.0,0.3333333432674408,0.3333333432674408
06828,0.5,0.0,0.25,0.0,0.25,0.5
06829,0.0,0.0,1.0,0.0,0.0,0.0
06830,0.0291970800608396,0.0291970800608396,0.0656934306025505,0.0,0.0948905125260353,0.0510948896408081
06831,0.0,0.0,0.5,0.0,0.0,0.0
06832,0.0,0.0,0.0,0.0,0.5,0.0
06833,0.0,0.0,0.0,0.0,0.0,0.5
06834,0.0,0.0,0.0,0.0,0.0,0.5
06835,0.0,0.0,0.0,0.0,0.5,0.0
06836,0.5,0.0,0.0,0.0,0.0,0.5
06837,0.0,0.0,0.0,0.5,0.0,0.0
06838,0.0,0.1428571492433548,0.0,0.0,0.0,0.0
06839,0.6666666865348816,0.0,0.0,0.0,0.0,0.6666666865348816
06840,0.5,0.5,0.5,0.0,0.0,0.0
06841,0.25,0.25,0.0,0.0,0.0,0.0
06842,0.25,0.0,0.0,0.5,0.0,0.0
06843,0.4642857015132904,0.1607142835855484,0.0,0.0,0.2857142984867096,0.3392857015132904
06844,0.0,0.0,0.2000000029802322,0.0,0.0,0.0
06845,0.0,0.0,0.0,0.0,0.0,0.5
06846,0.0,0.0,0.5,0.0,0.0,0.0
06847,0.0,0.625,0.0,0.0,0.25,0.125
06848,0.0,0.0,0.0,0.0,0.0,1.0
06849,0.0,0.0,0.0,0.0,0.0,0.5
06850,0.0088495574891567,0.0,0.3185840845108032,0.0,0.0,0.0
06851,0.0,0.0,0.0,0.0,0.5,0.0
06852,0.5,0.0,0.0,0.0,0.5,0.0
06853,0.0,0.0,0.0,0.0,0.5,0.5
06854,0.6666666865348816,0.0,0.0,0.0,0.0,0.0
06855,0.1009174287319183,0.0091743115335702,0.027522936463356,0.0,0.082568809390068,0.027522936463356
06856,0.0,0.1666666716337204,0.0,0.0,0.0,0.0
06857,0.5,0.0,0.0,0.0,0.0,0.0
06858,0.0,0.4000000059604645,0.0,0.0,0.0,0.0
06859,0.0,0.2000000029802322,0.0,0.0,0.0,0.4000000059604645
06860,0.0,0.0,0.25,0.0,0.0,0.0
06861,0.0,0.0,0.25,0.0,0.0,0.0
06862,0.0,0.5,0.0,0.0,0.0,0.0
06863,0.5,0.0,0.5,0.0,0.0,0.0
06864,0.0,0.5,0.0,0.0,0.0,0.0
06865,0.5,0.0,0.0,0.0,0.0,0.0
06866,1.0,0.0,1.0,0.0,0.0,0.0
06867,0.0080000003799796,0.0399999991059303,0.1360000073909759,0.0080000003799796,0.1599999964237213,0.0
06868,0.0,0.0,0.5,0.0,0.0,0.16666666666666666
06869,0.3333333432674408,0.0,0.0,0.0,0.0,0.0
06870,0.0,0.1428571492433548,0.7142857313156128,0.0,0.1428571492433548,0.0
06871,0.0,0.0,0.0,0.0,0.0,0.5
06872,0.0,0.0,0.25,0.0,0.0,0.0
06873,0.0,0.0,0.0,0.0,0.6666666865348816,0.0
06874,0.0,0.0,0.0,0.0,0.0,0.5
06875,0.6315789222717285,0.0526315793395042,0.0263157896697521,0.0,0.0,0.0526315793395042
06876,0.0,0.0,0.1111111119389534,0.0,0.0,0.0
06877,0.0,0.0,0.0,0.0,0.5,0.0
06878,0.0,0.0,0.5,0.0,0.5,0.0
06879,0.0,0.0,0.0,0.0,0.3333333333333333,0.0
06880,0.0,0.5,0.25,0.0,0.0,0.0
06881,0.5,0.0,0.0,0.0,0.5,0.0
06882,0.5,0.0,0.0,0.0,0.0,0.0
06883,0.0,0.0,0.0,0.0,0.5,0.0
06884,0.5,0.0,0.0,0.0,0.0,0.0
06885,0.5,0.0,0.0,0.0,1.0,0.5
06886,0.5,0.0,0.0,0.0,0.0,0.5
06887,0.0172413792461156,0.0172413792461156,0.0258620698004961,0.0,0.0517241396009922,0.0
06888,0.0,0.5,0.0,0.0,0.0,0.0
06889,0.0,0.0,0.5,0.0,0.0,0.0
06890,0.0714285746216774,0.0,0.0238095242530107,0.095238097012043,0.0,0.0
06891,0.0,0.0,1.0,0.0,0.0,0.0
06892,0.0,0.0,0.0,0.5,0.0,0.0
06893,0.5,0.0,0.5,0.0,0.0,0.5
06894,0.0,0.0,0.0,0.0,0.1666666716337204,0.5
06895,0.5,0.0,0.0,0.0,0.0,0.0
06896,0.5,0.0,0.0,0.0,0.5,0.5
06897,0.0,0.3333333432674408,0.0,0.0,0.3333333432674408,0.0
06898,1.0,0.5,0.0,0.0,0.0,0.5
06899,0.5,0.0,0.0,0.0,0.5,0.0
06900,0.5,0.0,0.0,0.0,0.0,0.0
06901,0.0,0.0,0.0,0.0,0.0,1.0
06902,0.0,0.0,0.0,0.0,0.25,0.25
06903,0.0,0.0,0.0,0.0,0.25,0.0
06904,0.0,0.5,0.0,0.0,0.5,0.5
06905,0.5,0.0,0.0,0.0,0.0,0.0
06906,0.0,0.5,0.0,0.0,0.0,0.0
06907,0.0,0.3333333432674408,0.0,0.0,0.0,0.0
06908,0.1009174287319183,0.0091743115335702,0.027522936463356,0.0,0.082568809390068,0.027522936463356
06909,0.0,0.6666666865348816,0.0,0.0,0.3333333432674408,0.0
06910,0.0,0.25,0.0,0.0,0.25,0.0
06911,0.1009174287319183,0.0091743115335702,0.027522936463356,0.0,0.082568809390068,0.027522936463356
06912,0.3333333432674408,0.0,0.0,0.0,0.0,0.6666666865348816
06913,0.1666666716337204,0.0,0.1666666716337204,0.0,0.6666666865348816,0.1666666716337204
06914,0.5,0.0,0.0,0.0,0.5,0.0
06915,0.5,0.5,0.0,0.0,0.0,0.0
06916,0.5,0.0,0.0,0.0,0.0,0.0
06917,0.6666666865348816,0.0,0.0,0.0,0.0,0.0
06918,0.2093023210763931,0.0465116277337074,0.1162790730595588,0.0,0.302325576543808,0.2790697813034057
06919,0.0,0.0,0.0,0.1428571492433548,0.0,0.0
06920,0.0,0.25,0.0,0.0,0.25,0.25
06921,0.4000000059604645,0.4000000059604645,0.0,0.0,0.4000000059604645,0.4000000059604645
06922,1.0,0.0,0.0,0.0,0.0,0.0
06923,0.0,0.0,0.0,0.2000000029802322,0.2000000029802322,0.0
06924,0.0,0.0089285718277096,0.0357142873108387,0.0089285718277096,0.0089285718277096,0.0
06925,0.0,0.0,0.0,0.0,0.2000000029802322,0.2000000029802322
06926,0.5,0.5,0.0,0.0,0.0,0.0
06927,1.0,0.0,0.0,0.0,0.0,0.0
06928,0.0,0.5,0.0,0.0,0.0,0.0
06929,0.0,0.0,0.3333333432674408,0.0,0.0,0.0
06930,0.0818181782960891,0.0090909088030457,0.0454545468091964,0.0090909088030457,0.0181818176060915,0.1545454561710357
06931,0.0,0.5,0.0,0.0,0.5,0.0
06932,0.0,0.5,0.0,0.0,0.0,0.0
06933,0.0,0.6000000238418579,0.0,0.0,0.0,0.2000000029802322
06934,0.5,0.0,0.0,0.0,0.0,0.0
06935,0.3333333432674408,0.0,0.3333333432674408,0.0,0.0,0.0
06936,0.0,0.0,0.0,0.0,0.0,0.5
06937,0.0,0.0,0.3333333432674408,0.0,0.0,0.0
06938,0.0,0.3333333333333333,0.0,0.0,0.0,0.3333333333333333
06939,0.5,0.0,0.0,0.0,1.0,0.0
06940,0.5,0.0,0.5,0.0,1.0,0.0
06941,0.0,0.0,0.5,0.0,0.0,0.0
06942,0.0,0.0,0.5,0.0,0.0,0.0
06943,0.25,0.0,0.0,0.0,0.25,0.0
06944,0.0,0.5,0.0,0.0,0.5,0.5
06945,0.0,0.0,0.0,0.0948275849223136,0.0,0.0
06946,0.5,0.0,0.0,0.0,0.0,0.5
06947,0.0,0.2000000029802322,0.0,0.2000000029802322,0.0,0.0
06948,0.25,0.0,0.0,0.0,0.0,0.0
06949,0.5,0.0,0.0,0.0,0.5,0.5
06950,1.0,0.0,0.0,0.0,0.0,0.0
06951,0.1666666716337204,0.0,0.1666666716337204,0.0,0.0,0.1666666716337204
06952,0.5,0.0,0.0,0.0,0.0,0.0
06953,0.0,0.0,0.2000000029802322,0.0,0.0,0.0
06954,0.0,0.5,0.0,0.0,0.0,0.0
06955,0.0,0.0,0.3000000119209289,0.0,0.0,0.0
06956,0.5,0.0,0.0,0.0,0.0,0.0
06957,0.0,0.5,0.0,0.0,0.0,0.5
06958,0.0,0.0,0.0,0.0,0.5,1.0
06959,0.0,0.3333333432674408,0.0,0.0,0.3333333432674408,0.6666666865348816
06960,0.25,0.0,0.0,0.25,0.25,0.5
06961,0.0,0.5,0.0,0.0,0.0,0.0
06962,0.0818181782960891,0.0090909088030457,0.0454545468091964,0.0090909088030457,0.0181818176060915,0.1545454561710357
06963,0.0,0.0,0.0,0.0,0.5,0.0
06964,0.0,0.5,0.0,0.0,0.0,0.0
06965,0.0,0.0,0.0,0.0,0.3333333432674408,0.0
06966,1.0,0.5,0.0,0.0,0.0,0.0
06967,0.0,0.0,0.0,0.0,0.5,0.0
06968,0.3333333432674408,0.0,0.3333333432674408,0.0,0.0,0.0
06969,0.0,0.375,0.0,0.0,0.375,0.5
06970,0.0,0.6000000238418579,0.0,0.0,0.2000000029802322,0.0
06971,0.0,0.0,0.5,0.0,0.0,0.0
06972,0.0,0.0,0.5,0.0,0.5,0.0
06973,0.0,0.5,0.0,0.0,0.0,0.0
06974,0.0,0.0,0.3333333333333333,0.0,0.0,0.0
06975,0.5,0.0,0.0,0.0,0.0,0.0
06976,0.1111111119389534,0.0222222227603197,0.0444444455206394,0.0222222227603197,0.0,0.0222222227603197
06977,0.3333333432674408,0.0,0.0,0.0,0.3333333432674408,0.6666666865348816
06978,0.5,0.0,0.0,0.0,0.5,0.0
06979,0.0,0.0,0.0,0.0,0.5,0.0
06980,0.3333333432674408,0.0,0.0,0.0,0.0,0.0
06981,0.0,0.6666666865348816,0.0,0.0,0.0,0.0
06982,0.0,0.5,0.0,0.0,0.0,0.0
06983,0.0,0.0091743115335702,0.0183486230671405,0.0091743115335702,0.0,0.0
06984,0.0,0.0,0.0,0.0,0.5,0.0
06985,0.0,0.4000000059604645,0.0,0.0,0.2000000029802322,0.4000000059604645
06986,0.0,0.0,0.3333333333333333,0.0,0.0,0.0
06987,0.0,0.0,0.0,0.5,0.0,0.0
06988,0.0,0.0,0.0,0.0,0.5,0.0
06989,0.0,0.5,0.5,0.5,0.5,0.0
06990,0.5,0.0,0.0,0.0,0.0,0.0
06991,0.0,0.1636363565921783,0.036363635212183,0.0272727273404598,0.0818181782960891,0.0909090936183929
06992,0.0,0.5,0.0,0.0,0.5,1.0
06993,0.0,0.0,0.2000000029802322,0.0,0.0,0.0
06994,0.7777777910232544,0.0,0.0,0.0,0.0,0.2222222238779068
06995,0.0,0.0,0.0,0.0,0.0,0.5
06996,0.0,0.0,0.5,0.0,0.0,0.0
06997,0.3333333432674408,0.0,0.0,0.0,0.0,0.0
06998,0.0,0.0,0.5,0.0,0.0,0.0
06999,0.0,0.5,0.5,0.0,0.0,0.0
07000,0.3333333333333333,0.0,0.0,0.0,0.0,0.0
07001,0.5,0.0,0.5,0.0,1.0,0.5
07002,0.5,0.5,0.0,0.0,0.0,0.0
07003,0.3333333432674408,0.0,0.0,0.0,0.3333333432674408,0.0
07004,0.0,0.5,0.0,0.0,0.0,0.0
07005,0.0,0.0,0.5,0.0,0.0,0.0
07006,0.0,0.0,0.0,0.0,0.5,0.0
07007,0.1666666716337204,0.1666666716337204,0.0,0.0,0.1666666716337204,0.0
07008,0.5,0.0,0.0,0.0,0.0,0.0
07009,0.0,0.625,0.0,0.0,0.25,0.125
07010,0.0,0.1428571492433548,0.0,0.0,0.2857142984867096,0.2857142984867096
07011,0.0,0.0,0.0,0.0,0.5,0.0
07012,0.0,1.0,0.0,0.0,0.5,0.0
07013,0.3333333432674408,0.6666666865348816,0.0,0.0,0.0,0.0
07014,0.0,0.0,0.3333333432674408,0.0,0.0,0.0
07015,0.0,1.0,0.5,0.0,0.0,0.0
07016,0.5,0.0,0.0,0.0,0.0,0.0
07017,0.0,0.4000000059604645,0.0,0.0,0.2000000029802322,0.0
07018,0.5,0.5,0.0,0.0,0.0,0.0
07019,0.125,0.5,0.0,0.0,0.125,0.5
07020,0.3333333432674408,0.6666666865348816,0.0,0.0,0.6666666865348816,0.3333333432674408
07021,0.0,0.0,0.5,0.0,0.0,0.0
07022,0.5,0.0,0.0,0.0,0.0,0.5
07023,0.5,0.0,0.0,0.0,0.5,0.0
07024,0.25,0.0,0.0,0.0,0.25,0.0
07025,0.3333333432674408,0.0,0.0,0.0,0.3333333432674408,0.0
07026,1.0,0.0,0.0,0.0,0.0,0.0
07027,0.1666666716337204,0.1111111119389534,0.0,0.0277777779847383,0.0555555559694767,0.1388888955116272
07028,0.2000000029802322,0.0,0.0,0.0,0.0,0.0
07029,0.0,0.1666666716337204,0.0,0.0,0.1666666716337204,0.0
07030,0.0,0.0,0.0,0.25,0.0,0.0
07031,0.0,1.0,0.5,0.0,0.5,0.0
07032,0.3333333432674408,0.3333333432674408,0.0,0.0,0.3333333432674408,0.0
07033,0.0,0.5,0.0,0.0,0.0,0.0
07034,0.8,0.0,0.0,0.0,0.0,0.2
07035,0.0,0.0,0.0,0.0,0.25,0.0
07036,0.2477064281702041,0.0091743115335702,0.027522936463356,0.0091743115335702,0.0183486230671405,0.0091743115335702
07037,0.0,0.0,0.0,0.0,0.5,0.0
07038,0.5,0.5,0.0,0.0,0.0,0.0
07039,0.0,0.0,0.0,0.0,0.5,0.0
07040,0.0,0.0,0.125,0.125,0.0,0.0
07041,0.0,0.0,0.0,0.0,0.0,0.3333333432674408
07042,0.0,0.1666666716337204,0.1666666716337204,0.0,0.1666666716337204,0.1666666716337204
07043,0.0,0.0,0.0,0.5,0.0,0.0
07044,0.5,0.0,0.0,0.0,0.0,0.0
07045,0.5,0.5,0.0,0.0,0.5,0.0
07046,0.0,0.5,0.0,0.0,0.0,0.5
07047,0.0,0.0,0.0,0.0,0.3333333333333333,0.0
07048,0.1666666716337204,0.3333333432674408,0.0,0.0,0.0,0.1666666716337204
07049,0.5,0.0,0.0,0.0,0.0,0.0
07050,0.5,0.0,0.0,0.0,0.0,0.0
07051,0.0080000003799796,0.0399999991059303,0.1360000073909759,0.0080000003799796,0.1599999964237213,0.0
07052,0.0,0.0,0.0,0.0,0.5,0.5
07053,0.0,0.6666666865348816,0.6666666865348816,0.0,0.3333333432674408,0.0
07054,0.5,0.0,0.0,0.0,0.0,0.0
07055,0.5,0.0,0.0,0.0,0.0,0.5
07056,0.0,0.0,0.0,0.0,0.0,0.5
07057,0.0,0.5,0.0,0.0,1.0,0.5
07058,0.0,0.0,0.0,0.0,0.3333333432674408,0.0
07059,1.0,0.0,0.0,0.0,0.5,0.0
07060,0.0,0.3333333432674408,0.0,0.0,0.3333333432674408,0.0
07061,0.0,0.5,0.0,0.0,0.0,0.0
07062,0.0,0.0,0.0,0.0,0.5,0.0
07063,0.0,0.0,0.2,0.0,0.0,0.0
07064,0.0341880358755588,0.0769230797886848,0.0598290599882602,0.0,0.2905983030796051,0.0940170958638191
07065,0.0,0.25,0.0,0.0,0.0,0.0
07066,0.125,0.0390625,0.0234375,0.0,0.0546875,0.1015625
07067,0.0,0.0,0.5,0.0,0.5,0.0
07068,0.0088495574891567,0.0,0.3185840845108032,0.0,0.0,0.0
07069,0.0,0.0,0.0,0.5,0.0,0.0
07070,0.3333333432674408,0.0,0.0,0.0,0.0,0.0
07071,0.0,0.5,0.0,0.0,0.0,0.5
07072,1.0,0.5,0.0,0.0,0.0,0.5
07073,0.0,0.5,0.0,0.0,0.5,0.0
07074,0.0,0.0183486230671405,0.0458715595304966,0.0,0.2201834917068481,0.1009174287319183
07075,0.5,0.0,0.0,0.0,0.0,0.0
07076,1.0,0.3333333432674408,0.0,0.0,0.0,0.3333333432674408
07077,0.0,0.5,0.0,0.0,0.0,0.5
07078,0.3333333432674408,0.3333333432674408,0.0,0.0,0.0,0.6666666865348816
07079,0.0,0.0,0.0,0.0,0.5,0.0
07080,0.0,0.0,0.0,0.0,0.5,0.0
07081,0.0,0.5,0.0,0.0,0.0,0.0
07082,0.0,0.0,0.0,0.0,0.0,0.1666666716337204
07083,0.5,0.0,0.0,0.0,0.5,0.5
07084,0.3333333432674408,0.0,0.0,0.0,0.6666666865348816,0.0
07085,0.5,0.0,0.0,0.0,0.5,0.0
07086,1.0,0.0,0.0,0.0,0.5,1.0
07087,0.0,0.25,0.0,0.0,0.375,0.375
07088,0.5,0.0,0.0,0.0,0.5,0.0
07089,0.0,0.2857142984867096,0.0,0.0,0.5714285969734192,0.2857142984867096
07090,0.0,0.0,0.5,0.0,0.0,0.0
07091,0.0,0.0,0.0,0.0,0.5,0.0
07092,0.0,0.0,0.1428571492433548,0.0,0.0,0.0
07093,1.0,0.5,0.0,0.0,0.0,0.0
07094,0.0,0.0,0.5,0.0,0.25,0.25
07095,0.0,0.0,0.0,0.0948275849223136,0.0,0.0
07096,0.3333333432674408,0.4444444477558136,0.0,0.0,0.1111111119389534,0.5555555820465088
07097,0.5,0.0,0.0,0.0,0.0,0.0
07098,0.5,0.0,0.0,0.0,0.1666666716337204,0.0
07099,0.0,0.0,0.0,0.0,0.3333333432674408,1.0
07100,0.0172413792461156,0.0172413792461156,0.0258620698004961,0.0,0.0517241396009922,0.0
07101,0.5,0.0,0.5,0.0,0.0,0.0
07102,0.2000000029802322,0.2000000029802322,0.0,0.0,0.0,0.4000000059604645
07103,0.0291970800608396,0.0291970800608396,0.0656934306025505,0.0,0.0948905125260353,0.0510948896408081
07104,0.1636363565921783,0.0,0.1000000014901161,0.0,0.0,0.0090909088030457
07105,0.0,0.0,0.1025641039013862,0.0170940179377794,0.0085470089688897,0.0
07106,0.0,0.0,0.0,0.0,0.5,0.0
07107,0.0,0.0,0.0,0.0,0.5,0.0
07108,0.0,0.0,0.0,1.0,0.0,0.0
07109,0.0,0.0,0.0,0.0,0.5,0.5
07110,0.0,0.25,0.0,0.0,0.0,0.0
07111,0.0,0.5,0.0,0.0,0.0,0.0
07112,0.0,0.5,0.0,0.0,0.25,0.0
07113,0.3333333432674408,0.0,0.3333333432674408,0.0,0.3333333432674408,0.3333333432674408
07114,0.0,0.3333333432674408,0.0,0.0,0.6666666865348816,0.6666666865348816
07115,0.3333333432674408,0.3333333432674408,0.0,0.0,0.0,0.0
07116,0.0,0.0,0.0,0.0,0.5,0.0
07117,0.0,0.125,0.0,0.0,0.0,0.0
07118,0.3333333432674408,0.0,0.0,0.0,0.0,0.0
07119,0.0,0.0,0.0,0.5,0.0,0.0
07120,0.3333333333333333,0.0,0.0,0.0,0.0,0.0
07121,0.6666666865348816,0.0,0.0,0.0,0.3333333432674408,0.3333333432674408
07122,0.0,0.0,0.1025641039013862,0.0170940179377794,0.0085470089688897,0.0
07123,0.0,0.0,0.5,0.0,0.0,0.0
07124,0.5,0.0,0.25,0.0,0.25,0.5
07125,0.5,0.0,0.0,0.0,0.0,0.0
07126,0.2093023210763931,0.0465116277337074,0.1162790730595588,0.0,0.302325576543808,0.2790697813034057
07127,0.5,0.0,0.5,0.0,0.0,0.0
07128,0.0,0.5,0.0,0.0,0.25,1.0
07129,0.5,0.0,0.0,0.0,1.0,0.0
07130,0.0291970800608396,0.0291970800608396,0.0656934306025505,0.0,0.0948905125260353,0.0510948896408081
07131,0.5,0.5,0.0,0.0,0.0,0.0
07132,0.1666666716337204,0.0,0.1666666716337204,0.0,0.6666666865348816,0.1666666716337204
07133,0.0,0.0,0.0,0.0,0.5,0.0
07134,0.0,0.4285714328289032,0.0,0.0,0.1428571492433548,0.2857142984867096
07135,1.0,0.0,0.0,0.0,0.0,0.0
07136,0.0,1.0,1.0,0.0,0.0,0.0
07137,0.5,0.0,0.0,0.0,0.5,0.5
07138,0.0,0.0,0.5,0.0,0.0,0.0
07139,0.0,0.0,0.0,0.0,1.0,0.0
07140,0.2000000029802322,0.0,0.0,0.0,0.0,0.0
07141,0.1428571492433548,0.4285714328289032,0.0,0.0,0.2857142984867096,0.1428571492433548
07142,0.0,0.0,0.0,0.0,0.5,0.5
07143,0.0,0.0,0.0,0.0,0.5,0.0
07144,0.0,0.5,0.0,0.0,0.0,0.0
07145,0.0,0.5,0.0,0.0,0.0,0.0
07146,0.0,0.1666666716337204,0.0,0.0,0.0,0.0
07147,0.0,0.3333333432674408,0.0,0.0,0.0,0.0
07148,0.5,0.0,0.0,0.0,0.0,0.1666666716337204
07149,0.5,0.0,0.0,0.0,0.25,0.0
07150,0.5,0.0,0.5,0.5,0.0,0.0
07151,0.0,0.5,0.0,0.0,0.5,0.0
07152,0.3333333432674408,0.0,0.0,0.0,0.3333333432674408,0.0
07153,0.6666666666666666,0.0,0.0,0.0,0.0,0.0
07154,0.3333333432674408,0.3333333432674408,0.0,0.0,0.6666666865348816,0.0
07155,0.1111111119389534,0.0222222227603197,0.0444444455206394,0.0222222227603197,0.0,0.0222222227603197
07156,0.5,0.5,0.0,0.0,0.0,0.5
07157,0.0,0.0,0.1666666716337204,0.0,0.1666666716337204,0.0
07158,0.0,0.0,0.0,0.0,0.5,0.0
07159,0.0,0.0,0.0,0.0,0.3333333432674408,0.0
07160,0.3333333432674408,0.0,0.0,0.0,0.0,0.0
07161,0.0,0.0,0.0,0.0,0.5,0.5
07162,0.0,0.0,0.5,0.0,0.0,0.0
07163,0.25,0.25,0.0,0.0,0.0,0.0
07164,0.5,1.0,0.0,0.0,0.0,0.0
07165,0.0,0.0,0.2857142984867096,0.0,0.0,0.0
07166,0.5,0.0,0.0,0.0,0.5,0.5
07167,0.5,0.0,0.0,0.0,0.0,0.0
07168,0.5,0.0,0.0,0.0,1.0,0.5
07169,0.3333333432674408,0.0,0.0,0.0,0.0,0.0
07170,0.0,0.6666666865348816,0.0,0.0,0.3333333432674408,0.0
07171,0.0,0.5,0.0,0.0,0.5,0.0
07172,0.5,0.5,0.0,0.0,1.0,0.5
07173,0.0,0.1666666716337204,0.1666666716337204,0.0,0.0,0.0
07174,0.5,0.0,0.0,0.0,0.0,0.0
07175,1.0,0.0,0.0,0.0,0.0,0.0
07176,0.0,0.0,0.3333333432674408,0.0,0.0,0.0
07177,0.5,0.0,0.0,0.0,0.0,0.0
07178,0.0,0.0,0.5,0.0,0.0,0.0
07179,0.0,0.5,0.0,0.0,0.0,0.0
07180,0.5,0.0,0.5,0.0,0.0,0.5
07181,0.1636363565921783,0.0,0.1000000014901161,0.0,0.0,0.0090909088030457
07182,0.25,0.25,0.0,0.0,0.0,0.0
07183,0.5,0.0,0.0,0.0,0.0,0.0
07184,0.3333333432674408,0.0,0.0,0.0,0.0,0.0
07185,0.0,0.0,0.1025641039013862,0.0170940179377794,0.0085470089688897,0.0
07186,0.3333333333333333,0.0,0.6666666666666666,0.0,0.0,0.0
07187,0.5,0.0,0.0,0.5,0.0,0.0
07188,0.0,0.0,0.0,0.0,0.5,0.0
07189,0.5,0.0,0.0,0.5,0.0,0.0
07190,1.0,0.0,0.0,0.0,0.0,0.0
07191,0.5,0.0,0.0,0.0,0.0,0.0
07192,0.0,0.0,0.5,0.0,0.0,0.0
07193,0.0,0.0,0.0,0.1136363670229911,0.0,0.0
07194,0.0,0.0,0.1666666716337204,0.0,0.0,0.0
07195,0.0,0.0,0.1666666716337204,0.1666666716337204,0.0,0.0
07196,0.0,0.0,0.0,0.0,0.5,0.5
07197,0.0,0.3333333432674408,0.0,0.0,0.3333333432674408,0.3333333432674408
07198,0.5,0.0,0.0,0.0,0.5,0.5
07199,0.5,0.0,0.0,0.0,0.5,0.5
07200,0.5,0.0,0.5,0.0,1.0,0.5
07201,0.1666666716337204,0.0,0.1111111119389534,0.0,0.0555555559694767,0.0555555559694767
07202,0.5,0.0,0.0,0.0,0.0,0.0
07203,0.5714285969734192,0.4285714328289032,0.0,0.0,0.0,0.1428571492433548
07204,0.5,0.0,0.0,0.0,0.0,0.0
07205,0.0,0.0,0.0,0.0,0.0,0.6666666666666666
07206,0.0,0.0,0.0,0.5,0.0,0.0
07207,0.0,0.1636363565921783,0.036363635212183,0.0272727273404598,0.0818181782960891,0.0909090936183929
07208,0.0,0.0,0.0,0.0,1.0,0.5
07209,0.0,0.0,0.0,0.0,0.5,0.0
07210,0.0,0.5,0.0,0.0,0.5,0.0
07211,0.0,0.0,0.4285714328289032,0.0,0.0,0.0
07212,0.6666666865348816,0.0,0.0,0.0,0.0,0.0
07213,0.5,0.0,0.0,0.0,0.0,0.0
07214,0.5,1.0,0.0,0.0,0.0,0.5
07215,0.0,0.0,0.0,0.0,0.5,0.0
07216,0.0,0.5,0.0,0.0,0.0,0.0
07217,0.0,0.3333333432674408,0.0,0.0,0.0,0.0
07218,0.0,0.0,0.5,0.0,0.0,0.0
07219,0.2000000029802322,0.0,0.0,0.0,0.0,0.0
07220,0.0,0.0,0.5,0.0,0.0,0.0
07221,0.0,0.5,0.0,0.0,0.0,0.0
07222,0.0,0.6666666865348816,0.0,0.0,0.3333333432674408,0.0
07223,0.0,0.6000000238418579,0.0,0.0,0.2000000029802322,0.0
07224,0.0,0.0,0.0,0.0,0.0,0.5
07225,0.3333333432674408,0.0,0.3333333432674408,0.0,0.0,0.0
07226,0.5,0.0,0.0,0.0,0.0,0.5
07227,0.0,0.0,0.5,0.0,0.0,0.0
07228,0.0,0.25,0.0,0.0,0.0,0.0
07229,0.0,0.0,0.0,0.0,0.0,0.3333333432674408
07230,0.0,0.0,0.0,0.0,0.5,0.0
07231,0.5,0.0,0.0,0.0,0.0,0.0
07232,0.0,0.0,0.0,1.0,0.0,0.0
07233,0.0,0.0,0.2,0.2,0.0,0.0
07234,0.1666666716337204,0.1111111119389534,0.0,0.0277777779847383,0.0555555559694767,0.1388888955116272
07235,0.0,0.0,0.5,0.0,0.0,0.0
07236,0.5,0.0,0.0,0.0,0.0,0.0
07237,0.2000000029802322,0.4000000059604645,0.0,0.0,0.800000011920929,0.0
07238,0.2000000029802322,0.2000000029802322,0.0,0.0,0.0,0.0
07239,0.2000000029802322,0.0,0.0,0.0,0.4000000059604645,0.0
07240,0.0,0.3333333432674408,0.3333333432674408,0.0,0.3333333432674408,0.6666666865348816
07241,0.3333333432674408,0.0,0.1666666716337204,0.3333333432674408,0.0,0.0
07242,0.1666666716337204,0.0,0.0,0.0,0.0,0.0
07243,0.3333333432674408,0.0,0.0,0.3333333432674408,0.3333333432674408,0.3333333432674408
07244,0.2857142984867096,0.1428571492433548,0.0,0.0,0.0,0.2857142984867096
07245,0.0,0.0,0.5,0.0,0.5,0.0
07246,0.3333333432674408,0.0,0.0,0.0,0.6666666865348816,0.3333333432674408
07247,0.5,0.0,0.0,0.0,0.0,0.0
07248,0.2477064281702041,0.0091743115335702,0.027522936463356,0.0091743115335702,0.0183486230671405,0.0091743115335702
07249,0.5,0.0,0.0,0.0,0.0,0.0
07250,0.3333333432674408,0.0,0.0,0.0,0.0,0.3333333432674408
07251,0.3333333432674408,0.0,0.0,0.0,0.1666666716337204,0.1666666716337204
07252,0.0512820519506931,0.0769230797886848,0.0512820519506931,0.0,0.0,0.0256410259753465
07253,0.0,0.0,0.0,0.0,0.5,0.0
07254,0.5,0.0,0.0,0.5,0.0,0.0
07255,0.0,0.0,0.5,0.0,0.0,0.0
07256,0.5,0.0,0.0,0.0,0.0,0.0
07257,0.3333333432674408,0.0,0.0,0.0,0.0,0.0
07258,0.1009174287319183,0.0091743115335702,0.027522936463356,0.0,0.082568809390068,0.027522936463356
07259,0.2477064281702041,0.0091743115335702,0.027522936463356,0.0091743115335702,0.0183486230671405,0.0091743115335702
07260,0.045045044273138,0.0180180184543132,0.0630630627274513,0.0,0.0,0.0270270276814699
07261,0.045045044273138,0.0180180184543132,0.0630630627274513,0.0,0.0,0.0270270276814699
07262,0.0,1.0,0.0,0.0,0.0,0.0
07263,0.3333333432674408,0.0,0.0,0.0,0.0,0.0
07264,0.0,0.3333333432674408,0.0,0.0,0.0,0.0
07265,0.5,0.0,0.0,0.0,0.0,0.5
07266,0.0,0.0,0.0,0.0,0.25,0.5
07267,0.0,0.0,0.125,0.0,0.0,0.0
07268,1.0,0.0,0.0,0.0,1.0,1.0
07269,0.3333333432674408,0.3333333432674408,0.0,0.0,0.0,0.3333333432674408
07270,0.2000000029802322,0.0,0.2000000029802322,0.0,0.0,0.0
07271,0.5,0.0,0.0,0.0,0.0,0.0
07272,0.0,0.0,0.0,0.2857142984867096,0.0,0.0
07273,0.0,0.0,0.3333333333333333,0.0,0.0,0.0
07274,0.0,0.6666666865348816,0.0,0.0,0.0,0.0
07275,0.5,0.0,0.0,0.0,0.0,0.0
07276,0.3333333432674408,0.1666666716337204,0.0,0.0,0.3333333432674408,0.3333333432674408
07277,1.0,0.0,0.0,0.0,0.0,0.0
07278,0.0,1.0,0.0,0.0,0.5,0.0
07279,0.0,0.0,0.3333333333333333,0.0,0.0,0.0
07280,0.0,0.0,0.5,0.0,0.0,0.0
07281,0.6000000238418579,0.0,0.0,0.0,0.2000000029802322,0.4000000059604645
07282,0.0,0.6666666865348816,0.0,0.0,0.0,0.0
07283,0.5,0.0,0.0,0.0,0.0,0.0
07284,0.5,0.0,0.0,0.0,0.5,0.0
07285,0.0366972461342811,0.1467889845371246,0.027522936463356,0.0,0.2385321110486984,0.0183486230671405
07286,0.5,0.0,0.0,0.0,0.0,0.5
07287,1.0,0.0,0.0,0.0,0.5,0.0
07288,0.5,0.0,0.0,0.0,0.0,0.5
07289,0.0,0.0,0.0,0.0,0.5,0.0
07290,0.0,0.5,0.0,0.0,0.0,0.0
07291,0.0,0.0,0.0,0.0,0.0,0.5
07292,0.0341880358755588,0.0769230797886848,0.0598290599882602,0.0,0.2905983030796051,0.0940170958638191
07293,0.0,0.5,0.0,0.0,0.0,0.0
07294,0.0,0.1636363565921783,0.036363635212183,0.0272727273404598,0.0818181782960891,0.0909090936183929
07295,0.0,0.5,0.0,0.0,0.5,0.0
07296,0.0,1.0,0.0,0.0,0.0,0.0
07297,0.0,0.1636363565921783,0.036363635212183,0.0272727273404598,0.0818181782960891,0.0909090936183929
07298,0.0818181782960891,0.0090909088030457,0.0454545468091964,0.0090909088030457,0.0181818176060915,0.1545454561710357
07299,0.0,0.1666666716337204,0.1666666716337204,0.0,0.1666666716337204,0.1666666716337204
07300,1.0,0.0,0.0,0.0,0.0,1.0
07301,0.0818181782960891,0.0090909088030457,0.0454545468091964,0.0090909088030457,0.0181818176060915,0.1545454561710357
07302,0.0,0.0,0.0,0.0,0.0,0.5
07303,0.0,0.5,0.0,0.0,0.0,0.0
07304,0.0,0.0,0.0,0.0,0.0,0.3333333432674408
07305,0.0,0.0,0.5,0.0,0.0,0.0
07306,0.5,0.5,0.0,0.0,0.0,0.0
07307,0.5,0.0,0.0,0.0,0.0,0.0
07308,0.0,0.0,0.5,0.0,0.0,0.0
07309,0.5,0.0,0.0,0.0,0.0,0.0
07310,0.1538461595773697,0.0598290599882602,0.0085470089688897,0.0,0.0683760717511177,0.0256410259753465
07311,0.1666666716337204,0.0,0.0,0.0,0.3333333432674408,0.1666666716337204
07312,0.1428571492433548,0.0,0.2857142984867096,0.0,0.0,0.0
07313,0.0,0.5,0.0,0.0,0.5,1.0
07314,0.0857142880558967,0.0,0.0285714287310838,0.0,0.0571428574621677,0.1142857149243354
07315,0.5,0.0,0.0,0.0,0.5,0.5
07316,0.2000000029802322,0.2000000029802322,0.0,0.0,0.2000000029802322,0.2000000029802322
07317,0.2857142984867096,0.0,0.1428571492433548,0.0,0.0,0.0
07318,0.5,0.0,0.5,0.5,0.5,0.0
07319,0.0,0.0,0.5,0.0,0.0,0.0
07320,0.0,0.5,0.0,0.0,0.0,0.0
07321,0.0,0.0,0.0,0.0,0.5,0.0
07322,0.0,0.0,0.0,0.0,0.5,0.0
07323,0.5,0.5,0.5,0.0,0.0,0.0
07324,0.4000000059604645,0.2000000029802322,0.0,0.0,0.4000000059604645,0.2000000029802322
07325,0.0,0.0,0.0,0.0,0.5,0.0
07326,0.0,0.0,1.0,0.0,0.0,0.0
07327,0.0,0.0,0.4,0.0,0.0,0.0
07328,0.0,0.0,0.0,0.0,0.5,0.0
07329,0.0,0.0,0.5,0.0,0.5,0.0
07330,0.0,0.0,0.0,0.25,0.0,0.0
07331,0.0,0.0,0.3333333432674408,0.0,0.3333333432674408,0.0
07332,0.5,0.0,0.0,0.0,0.5,0.0
07333,0.0,0.6000000238418579,0.0,0.0,0.2000000029802322,0.0
07334,0.0,0.4000000059604645,0.0,0.0,0.2000000029802322,0.0
07335,0.0,0.0089285718277096,0.0357142873108387,0.0089285718277096,0.0089285718277096,0.0
07336,0.0,0.0,0.5,0.0,0.0,0.0
07337,0.0,0.0,0.5,0.0,0.0,0.0
07338,0.0,0.0,0.5,0.0,0.0,0.0
07339,0.0,0.0,0.4444444477558136,0.0,0.0,0.0
07340,0.5,0.5,0.5,0.0,0.0,0.0
07341,0.3333333432674408,0.0,0.0,0.0,0.0,0.0
07342,0.5,0.0,0.0,0.0,0.5,0.0
07343,0.0,0.0,0.5,0.0,0.5,0.0
07344,0.0,0.5,0.0,0.0,0.0,0.0
07345,0.5,0.0,0.0,0.0,0.5,0.0
07346,0.1666666716337204,0.0,0.1666666716337204,0.0,0.0,0.0
07347,0.0,0.0,0.5,0.0,0.0,0.0
07348,0.5,0.0,0.0,0.0,0.0,0.5
07349,0.5,0.5,0.0,0.0,0.0,0.0
07350,0.0,0.0,0.5,0.0,0.0,0.0
07351,0.1636363565921783,0.0,0.1000000014901161,0.0,0.0,0.0090909088030457
07352,0.0,0.0,0.3333333432674408,0.0,0.3333333432674408,0.6666666865348816
07353,0.0,0.3333333432674408,0.0,0.0,0.1666666716337204,0.0
07354,0.0,0.0,0.0,1.0,0.0,0.0
07355,0.1666666716337204,0.0,0.6666666865348816,0.0,0.0,0.0
07356,0.5,0.0,0.0,0.0,0.0,0.0
07357,0.1666666716337204,0.0,0.3333333432674408,0.0,0.0,0.1666666716337204
07358,0.0,0.0,0.0,0.0,0.5,0.0
07359,0.0,0.0,0.0,0.0,0.5,0.5
07360,0.0,0.0,0.0,0.0,0.3333333432674408,0.6666666865348816
07361,0.0,0.0,0.0,0.0,0.0,0.5
07362,1.0,0.0,0.0,0.0,0.0,0.0
07363,0.0,0.0,0.5,0.0,0.0,0.0
07364,0.0,0.6666666865348816,0.0,0.0,0.0,0.6666666865348816
07365,0.5,0.0,0.0,0.0,0.0,0.0
07366,0.0,0.0,0.0,0.0,0.0,0.5
07367,0.0,0.0,0.5,0.0,0.0,0.0
07368,0.0,0.0,0.7142857313156128,0.0,0.0,0.0
07369,0.0,0.25,0.0,0.0,0.5,0.25
07370,0.3333333432674408,0.1666666716337204,0.0,0.0,0.3333333432674408,0.1666666716337204
07371,0.3333333432674408,0.0,0.0,0.0,0.3333333432674408,0.6666666865348816
07372,0.0,0.0,0.0,0.0948275849223136,0.0,0.0
07373,0.0,0.0,0.1395348906517028,0.0232558138668537,0.0,0.0
07374,0.0,0.0,0.0,0.0,0.5,0.5
07375,0.0,0.5,0.0,0.0,0.0,0.0
07376,0.0,0.2000000029802322,0.0,0.0,0.4000000059604645,0.2000000029802322
07377,0.0,1.0,0.0,0.0,0.0,0.0
07378,0.3333333432674408,0.6666666865348816,0.0,0.0,0.3333333432674408,0.6666666865348816
07379,0.0,0.5,0.0,0.0,0.0,0.0
07380,0.0341880358755588,0.0769230797886848,0.0598290599882602,0.0,0.2905983030796051,0.0940170958638191
07381,0.5,0.5,0.0,0.0,0.0,0.0
07382,0.5,0.0,0.0,0.0,0.5,0.0
07383,0.0366972461342811,0.1467889845371246,0.027522936463356,0.0,0.2385321110486984,0.0183486230671405
07384,0.5,0.0,0.0,0.0,0.0,0.0
07385,0.0,0.0,0.5,0.0,0.0,0.0
07386,0.6666666865348816,0.0,0.0,0.0,0.3333333432674408,0.0
07387,0.3333333432674408,0.0,0.0,0.0,0.0,0.0
07388,0.0,0.1636363565921783,0.036363635212183,0.0272727273404598,0.0818181782960891,0.0909090936183929
07389,0.0,0.0,0.0,0.0,0.5,0.0
07390,0.0,0.5,0.0,0.0,0.0,0.0
07391,0.0,0.0,0.0,0.0,0.0,0.5
07392,1.0,0.0,0.0,0.0,0.0,0.0
07393,0.1428571492433548,0.0,0.1428571492433548,0.0,0.0,0.2857142984867096
07394,0.5,0.0,0.0,0.0,0.0,0.0
07395,0.5,0.5,0.0,0.0,0.0,0.5
07396,0.3333333432674408,0.0,0.0,0.0,0.0,0.1666666716337204
07397,0.0,0.0,0.2222222238779068,0.0,0.0,0.0
07398,0.25,0.0,0.5,0.0,0.0,0.0
07399,0.0,0.0,0.5,0.0,0.5,0.0
07400,0.0,0.0,0.25,0.0,0.5,0.0
07401,0.5,0.5,0.5,0.0,0.0,0.0
07402,0.4000000059604645,0.0,0.0,0.0,0.2000000029802322,0.0
07403,0.5,0.0,0.0,0.0,0.0,0.0
07404,0.1009174287319183,0.0091743115335702,0.027522936463356,0.0,0.082568809390068,0.027522936463356
07405,0.5,0.25,0.0,0.0,0.25,0.0
07406,0.3333333432674408,0.3333333432674408,0.0,0.0,0.0,0.0
07407,0.0,0.4000000059604645,0.0,0.0,0.2000000029802322,0.0
07408,0.0,0.0,0.0,0.0,0.0,0.5
07409,0.5,0.0,0.0,0.0,0.0,0.0
07410,0.0,0.5,0.0,0.0,0.0,0.5
07411,0.25,0.0,0.25,0.0,0.0,0.0
07412,0.0,0.0,0.0,0.0,0.5,0.0
07413,0.5,0.0,0.0,0.0,0.0,0.5
07414,0.0,0.6666666666666666,0.0,0.0,0.0,0.3333333333333333
07415,0.5,0.0,0.0,0.0,0.0,0.5
07416,0.3333333432674408,0.0,0.0,0.0,0.0,0.0
07417,0.0,0.1636363565921783,0.036363635212183,0.0272727273404598,0.0818181782960891,0.0909090936183929
07418,0.4000000059604645,0.0,0.0,0.0,0.2000000029802322,0.0
07419,0.1428571492433548,0.1428571492433548,0.1428571492433548,0.0,0.2857142984867096,0.1428571492433548
07420,0.0,0.2000000029802322,0.0,0.0,0.0,0.2000000029802322
07421,0.0,0.5,0.0,0.0,0.5,0.5
07422,0.0,0.5,0.5,0.0,0.0,0.0
07423,0.4000000059604645,0.2000000029802322,0.0,0.0,0.2000000029802322,0.2000000029802322
07424,0.5,0.0,0.0,0.0,0.5,0.5
07425,0.0,0.0090090092271566,0.0720720738172531,0.0,0.0090090092271566,0.0
07426,0.0,0.0,0.2222222238779068,0.0,0.1111111119389534,0.0
07427,0.0,0.0,0.3333333432674408,0.1666666716337204,0.0,0.0
07428,0.5,0.5,0.5,0.0,0.0,0.0
07429,0.0080000003799796,0.0399999991059303,0.1360000073909759,0.0080000003799796,0.1599999964237213,0.0
07430,0.2000000029802322,0.0,0.0,0.0,0.0,0.0
07431,0.5,0.0,0.0,0.5,0.0,0.0
07432,0.0,0.0,0.0,0.0,0.2000000029802322,0.2000000029802322
07433,0.0,0.0,0.5,0.0,0.0,0.0
07434,0.0,0.0,0.0,0.0,0.5,0.0
07435,0.0,0.0,0.3333333333333333,0.0,0.0,0.0
07436,0.1538461595773697,0.0598290599882602,0.0085470089688897,0.0,0.0683760717511177,0.0256410259753465
07437,0.0,0.0,0.0,0.0,0.0,0.5
07438,0.5,0.1666666716337204,0.1666666716337204,0.0,0.0,0.1666666716337204
07439,0.5,0.0,0.5,0.0,0.0,0.0
07440,0.3333333432674408,0.3333333432674408,0.0,0.0,0.3333333432674408,0.0
07441,0.0,0.0,0.0,0.0,0.3333333333333333,0.6666666666666666
07442,0.5,0.0,0.0,0.0,0.0,0.25
07443,0.0,0.5,0.0,0.0,0.0,0.0
07444,0.0,0.0,0.125,0.0,0.0,0.0
07445,0.5,0.0,0.0,0.0,0.0,0.0
07446,0.5,0.0,0.0,0.0,0.0,0.0
07447,0.0,0.0,0.0,0.0,0.3333333432674408,0.0
07448,0.0,0.0,0.800000011920929,0.0,0.2000000029802322,0.0
07449,0.5,0.5,0.0,0.0,0.0,0.0
07450,0.5,0.5,0.5,0.0,0.0,0.0
07451,0.0,0.0,0.1025641039013862,0.0170940179377794,0.0085470089688897,0.0
07452,0.0,0.800000011920929,0.0,0.0,0.0,0.4000000059604645
07453,0.5,0.0,0.0,0.0,0.5,0.5
07454,0.0,0.0,0.0,0.0,0.1428571492433548,0.0
07455,0.0,0.5,0.0,0.0,0.0,0.0
07456,0.0,0.0,0.5,0.0,0.0,0.0
07457,0.0,0.0,0.0,0.0,0.5,0.0
07458,0.5,0.0,0.0,0.0,0.5,0.0
07459,0.0,0.2857142984867096,0.1428571492433548,0.0,0.1428571492433548,0.0
07460,0.0,0.0,0.3333333432674408,0.0,0.0,0.0
07461,0.0,0.0,0.5,0.0,0.0,0.0
07462,0.0,0.0,0.0,0.0,0.5,0.0
07463,0.3333333432674408,0.0,0.0,0.0,0.3333333432674408,0.0
07464,0.4000000059604645,0.0,0.0,0.0,0.2000000029802322,0.2000000029802322
07465,0.0,0.5,0.0,0.0,0.5,0.5
07466,0.5,0.0,0.0,0.5,0.0,0.0
07467,0.0,0.5,0.0,0.0,0.0,0.5
07468,0.0,0.0408163256943225,0.0408163256943225,0.0204081628471612,0.0,0.0
07469,0.0,0.0,0.0,0.0,0.3333333432674408,0.0
07470,0.0,0.0089285718277096,0.0357142873108387,0.0089285718277096,0.0089285718277096,0.0
07471,0.5,0.0,0.0,0.0,0.0,0.0
07472,0.0080000003799796,0.0399999991059303,0.1360000073909759,0.0080000003799796,0.1599999964237213,0.0
07473,0.5,0.5,0.5,0.0,0.0,0.0
07474,0.0,0.5,0.0,0.0,0.25,0.25
07475,0.5,0.0,0.5,0.0,0.0,0.0
07476,0.0,0.0,0.5,0.0,0.0,0.0
07477,0.0,0.5,0.0,0.0,0.5,0.0
07478,0.0,0.6000000238418579,0.0,0.0,0.4000000059604645,0.0
07479,0.0,0.5,0.0,0.0,0.0,0.0
07480,0.0,0.1428571492433548,0.0,0.0,0.1428571492433548,0.1428571492433548
07481,0.0,0.5,0.0,0.0,0.5,0.0
07482,0.0,0.0,0.0,0.0,0.5,0.0
07483,0.5,0.0,0.0,0.0,0.0,0.0
07484,0.0,0.0,0.3333333333333333,0.0,0.0,0.0
07485,0.0080000003799796,0.0399999991059303,0.1360000073909759,0.0080000003799796,0.1599999964237213,0.0
07486,0.0,0.0,0.0,0.5,0.0,0.0
07487,0.0,0.0,0.1666666716337204,0.0,0.0,0.0
07488,0.5,0.5,0.0,0.0,0.0,0.0
07489,0.0,0.0,0.0,0.5,0.0,0.0
07490,0.0,0.5,0.0,0.0,0.5,0.5
07491,0.0,0.3333333432674408,0.0,0.0,0.3333333432674408,0.6666666865348816
07492,0.0,0.0,0.0,0.0,0.5,0.0
07493,0.0,0.0,0.5,0.0,0.0,0.0
07494,0.5,0.0,0.0,0.5,0.0,0.0
07495,0.0,0.0,0.0,0.0,0.25,0.25
07496,0.5,0.0,0.0,0.0,0.0,0.0
07497,0.0,0.0,0.0256410259753465,0.0341880358755588,0.0,0.0
07498,0.0,0.0,0.0,0.0,0.0,0.3333333333333333
07499,0.0,0.0,0.2000000029802322,0.0,0.0,0.0
07500,1.0,0.0,0.0,0.0,0.0,0.5
07501,0.0,0.0089285718277096,0.0357142873108387,0.0089285718277096,0.0089285718277096,0.0
07502,0.0,0.0,0.0,0.0,0.0,0.3333333333333333
07503,0.1666666716337204,0.0,0.0,0.0,0.1666666716337204,0.1666666716337204
07504,0.0,0.0,0.0,0.3333333333333333,0.0,0.0
07505,0.0,0.2000000029802322,0.0,0.0,0.4000000059604645,0.2000000029802322
07506,0.0,0.0,0.2857142984867096,0.0,0.0,0.1428571492433548
07507,0.0,0.0,0.2857142984867096,0.0,0.0,0.0
07508,0.5,0.5,0.5,0.0,0.0,0.0
07509,0.3333333432674408,0.0,0.0,0.0,0.3333333432674408,0.0
07510,0.0,0.3333333432674408,0.0,0.3333333432674408,0.3333333432674408,0.3333333432674408
07511,0.3333333432674408,0.0,0.0,0.0,0.3333333432674408,0.5
07512,0.0,0.0,0.25,0.0,0.25,0.0
07513,0.0,0.0,0.5,0.0,0.5,0.0
07514,0.0,0.0,0.0,0.0,0.0,0.3333333333333333
07515,0.0,0.0,0.0,0.5,0.0,0.5
07516,0.5,0.0,0.0,0.0,0.0,0.5
07517,0.0291970800608396,0.0291970800608396,0.0656934306025505,0.0,0.0948905125260353,0.0510948896408081
07518,0.0,0.0,0.3333333432674408,0.0,0.0,0.0
07519,0.0,0.5,0.0,0.0,0.0,0.0
07520,0.0,0.3333333432674408,0.0,0.0,0.0,0.3333333432674408
07521,0.0,0.0,0.0,0.0,0.0,0.5
07522,0.125,0.0,0.625,0.125,0.0,0.0
07523,0.5,0.0,0.0,0.0,0.5,0.0
07524,0.3333333432674408,0.0,0.0,0.0,0.0,0.2222222238779068
07525,0.5,0.0,0.0,0.0,0.0,0.0
07526,0.5,1.0,0.0,0.0,0.0,0.0
07527,0.0,0.5,0.0,0.0,0.0,0.0
07528,0.0,0.1666666716337204,0.0,0.0,0.0,0.0
07529,0.5,0.5,0.0,0.0,1.0,0.0
07530,0.0,0.0,0.0,0.0,1.0,0.0
07531,0.0,0.0,0.0,0.0,1.0,0.5
07532,0.0,0.0,0.0,0.0,0.5,0.5
07533,0.0,0.0,0.5,0.0,0.0,0.0
07534,0.0,0.0,0.1025641039013862,0.0170940179377794,0.0085470089688897,0.0
07535,0.3333333432674408,0.0,0.0,0.0,0.0,0.0
07536,0.25,0.0,0.0,0.0,0.25,0.0
07537,0.0,0.0,0.0,0.0,0.3333333432674408,0.0
07538,0.0818181782960891,0.0090909088030457,0.0454545468091964,0.0090909088030457,0.0181818176060915,0.1545454561710357
07539,0.4000000059604645,0.4000000059604645,0.0,0.0,0.4000000059604645,0.4000000059604645
07540,0.0,0.0,0.0,0.0,0.5,0.0
07541,0.0,0.0091743115335702,0.0183486230671405,0.0091743115335702,0.0,0.0
07542,0.0,0.5,0.0,0.0,0.0,0.0
07543,0.25,0.125,0.0,0.0,0.125,0.125
07544,0.5,0.0,0.0,0.0,0.5,0.0
07545,0.5,0.0,0.0,0.0,0.0,0.0
07546,0.0,0.5,0.0,0.0,0.0,0.5
07547,0.3333333432674408,0.0,0.0,0.0,0.1666666716337204,0.6666666865348816
07548,0.0,0.0,0.0,0.6666666865348816,0.0,0.0
07549,0.5,0.0,0.0,0.0,0.0,0.0
07550,0.0,0.0,0.0,0.5,0.0,0.0
07551,0.5,0.0,0.0,0.0,0.5,0.5
07552,0.0,0.5,0.0,0.0,1.0,1.0
07553,0.0,0.0,0.0,0.0,0.5,0.0
07554,0.0,0.0,0.0,0.0,0.0,0.3333333432674408
07555,0.3333333432674408,0.0,0.0,0.0,0.3333333432674408,0.0
07556,0.0,0.5,0.0,0.0,0.0,0.0
07557,0.0,0.0,0.25,0.0,0.25,0.0
07558,0.0,0.0,0.5,0.0,0.0,0.0
07559,0.0,0.5,0.0,0.0,0.0,0.0
07560,0.5,0.5,0.0,0.0,0.5,0.5
07561,0.5,0.5,0.0,0.0,0.0,0.5
07562,0.0,0.1636363565921783,0.036363635212183,0.0272727273404598,0.0818181782960891,0.0909090936183929
07563,0.0,0.5,0.0,0.0,0.25,0.0
07564,0.0,0.0,0.125,0.0,0.0,0.125
07565,0.0,0.0,0.0,0.0,0.5,0.0
07566,0.0,0.0,0.0,0.0,0.5,0.0
07567,0.0,0.3333333432674408,0.0,0.0,0.0,0.0
07568,0.0,0.0,0.0,0.0,0.25,0.5
07569,0.0,0.5,0.0,0.0,0.0,0.0
07570,0.5,0.0,0.0,0.0,0.0,0.0
07571,0.5,0.0,0.0,0.0,0.0,0.0
07572,0.5,0.5,0.0,0.0,0.0,0.0
07573,0.0,0.0,0.5,0.0,0.0,0.0
07574,0.0,0.0090090092271566,0.0720720738172531,0.0,0.0090090092271566,0.0
07575,0.0,0.0,0.5,0.0,0.0,0.5
07576,0.0,0.0,0.5,0.0,0.0,0.0
07577,0.0,0.0,0.5,0.0,0.0,0.0
07578,0.5,0.0,0.0,0.0,0.0,0.0
07579,0.1009174287319183,0.0091743115335702,0.027522936463356,0.0,0.082568809390068,0.027522936463356
07580,0.0,0.0,0.0,0.0,0.25,0.5
07581,0.25,0.0,0.0,0.0,0.0,0.25
07582,0.5,0.0,0.5,0.0,0.0,0.0
07583,0.1111111119389534,0.1111111119389534,0.1111111119389534,0.0,0.0,0.0
07584,0.0,0.0,0.5,0.0,0.0,0.0
07585,0.0,0.0089285718277096,0.0357142873108387,0.0089285718277096,0.0089285718277096,0.0
07586,0.5,0.0,0.0,0.0,0.0,0.0
07587,0.0,0.5,0.0,0.0,0.0,0.0
07588,0.0,0.0,0.0,0.0948275849223136,0.0,0.0
07589,0.6666666865348816,0.3333333432674408,0.0,0.0,0.0,0.1666666716337204
07590,0.5,0.0,0.0,0.5,0.0,0.0
07591,0.6666666865348816,0.0,0.0,0.0,0.0,0.0
07592,0.1666666716337204,0.0,0.0,0.0,0.1666666716337204,0.5
07593,0.0,0.0,0.0,0.25,0.0,0.0
07594,0.5,0.0,0.0,0.0,0.0,0.0
07595,0.0,0.0,0.5,0.0,0.0,0.0
07596,0.0,0.0,0.5,0.0,0.0,0.0
07597,0.0080000003799796,0.0399999991059303,0.1360000073909759,0.0080000003799796,0.1599999964237213,0.0
07598,0.0,0.0,0.0,0.0,0.0,0.5
07599,0.0,0.0,0.0,0.0,0.5,0.0
07600,0.0,0.0183486230671405,0.0458715595304966,0.0,0.2201834917068481,0.1009174287319183
07601,0.0,0.0,0.0,0.3333333432674408,0.3333333432674408,0.0
07602,0.0,0.0,0.3333333432674408,0.0,0.0,0.0
07603,0.3333333432674408,0.0,0.0,0.0,0.0,0.0
07604,0.0,0.0,0.5,0.0,0.0,0.0
07605,0.0,0.0,0.1666666716337204,0.0,0.0,0.0
07606,0.0,0.0,0.0,0.0,0.5,0.0
07607,0.0,0.0,0.0,0.5,0.0,0.0
07608,0.0,0.0,0.0,0.0,0.0,0.5
07609,0.0366972461342811,0.1467889845371246,0.027522936463356,0.0,0.2385321110486984,0.0183486230671405
07610,0.3333333432674408,0.0,0.0,0.0,0.0,0.0
07611,0.0,0.0,0.16666666666666666,0.0,0.0,0.0
07612,0.0,0.0,0.5,0.0,0.0,0.0
07613,0.0,0.0,0.0,0.0,0.1428571492433548,0.0
07614,0.0,0.0,0.16666666666666666,0.0,0.0,0.0
07615,0.5,0.0,0.0,0.5,0.0,0.0
07616,1.0,0.0,0.0,0.0,0.0,0.5
07617,0.0,0.0,0.0,0.25,0.0,0.0
07618,0.3333333432674408,0.0,0.0,0.0,0.0,0.3333333432674408
07619,0.3333333432674408,0.0,0.0,0.0,0.0,0.0
07620,0.5,0.0,0.0,0.0,0.0,0.0
07621,0.0,0.25,0.25,0.0,0.0,0.5
07622,0.0,0.5,0.0,0.0,0.0,0.0
07623,0.0,0.0,0.25,0.0,0.25,0.0
07624,0.2162162214517593,0.0270270276814699,0.0,0.0,0.1351351290941238,0.3243243098258972
07625,0.2000000029802322,0.0,0.2000000029802322,0.0,0.0,0.2000000029802322
07626,0.0,0.0091743115335702,0.0183486230671405,0.0091743115335702,0.0,0.0
07627,0.0,0.5,0.0,0.0,0.0,0.0
07628,0.0,0.1666666716337204,0.0,0.0,0.0,0.0
07629,0.5,0.0,0.0,0.0,0.0,0.0
07630,0.0,0.0408163256943225,0.0408163256943225,0.0204081628471612,0.0,0.0
07631,0.0,0.0,0.0,0.0,0.3333333432674408,0.0
07632,0.3333333432674408,0.0,0.0,0.0,0.1666666716337204,0.1666666716337204
07633,0.0,0.0,0.0,0.0,0.5,0.5
07634,0.0,0.3333333432674408,0.0,0.0,0.1666666716337204,0.5
07635,0.0,0.0,0.5,0.0,0.5,0.0
07636,0.0,0.1666666716337204,0.0,0.0,0.1666666716337204,0.1666666716337204
07637,0.0,0.0,0.0,0.0,0.5,0.5
07638,0.0,0.0,0.3333333432674408,0.0,0.0,0.0
07639,0.1428571492433548,0.0,0.0,0.0,0.0,0.0
07640,0.0,0.0,0.5,0.0,0.0,0.0
07641,0.0,0.1111111119389534,0.0,0.0,0.4444444477558136,0.3333333432674408
07642,0.4642857015132904,0.1607142835855484,0.0,0.0,0.2857142984867096,0.3392857015132904
07643,0.2380952388048172,0.0238095242530107,0.095238097012043,0.0,0.0476190485060215,0.0476190485060215
07644,0.0,0.0,0.5,0.0,0.0,0.16666666666666666
07645,0.5,0.0,0.0,0.0,0.0,0.0
07646,0.5,0.5,0.0,0.0,0.0,0.0
07647,0.0,0.5,0.0,0.0,0.0,0.5
07648,0.0,0.0,0.0,0.0,0.3333333432674408,0.0
07649,0.0,0.5,0.0,0.0,0.5,0.0
07650,0.1636363565921783,0.0,0.1000000014901161,0.0,0.0,0.0090909088030457
07651,0.1428571492433548,0.2857142984867096,0.0,0.0,0.1428571492433548,0.1428571492433548
07652,0.5,0.5,0.0,0.0,0.0,0.0
07653,0.0,0.5,0.0,0.0,0.0,0.0
07654,0.4000000059604645,0.2000000029802322,0.0,0.0,0.4000000059604645,0.2000000029802322
07655,0.0,0.5,0.5,0.0,0.0,0.0
07656,0.5,0.0,0.0,0.0,1.0,0.0
07657,0.3333333432674408,0.0,0.3333333432674408,0.0,0.3333333432674408,0.3333333432674408
07658,0.5,0.5,0.0,0.0,0.0,0.0
07659,0.0,0.0,0.0,0.0,0.5,0.5
07660,0.0,1.0,0.0,0.0,0.0,0.0
07661,0.0,0.0,0.5,0.0,0.0,0.0
07662,0.0,0.0,0.5,0.0,0.0,0.0
07663,0.0,0.5,0.0,0.0,0.0,0.0
07664,0.3333333432674408,0.0,0.0,0.0,0.0,0.0
07665,0.0,0.0,0.1428571492433548,0.0,0.0,0.0
07666,0.0,0.5,0.0,0.0,0.0,0.0
07667,0.5,0.5,0.5,0.0,0.0,0.0
07668,0.0,0.5,0.0,0.0,0.5,0.0
07669,0.0,0.2000000029802322,0.0,0.0,0.0,0.0
07670,1.0,0.5,0.0,0.0,0.0,0.0
07671,0.5,0.0,0.0,0.0,0.0,0.0
07672,0.0,0.6666666865348816,0.0,0.0,0.3333333432674408,0.0
07673,0.1666666716337204,0.0,0.1666666716337204,0.0,0.0,0.1666666716337204
07674,0.0,0.0,0.5,0.0,0.0,0.0
07675,0.5,0.0,0.0,0.0,0.0,0.5
07676,0.1666666716337204,0.0,0.0,0.0,0.0,0.0
07677,0.0080000003799796,0.0399999991059303,0.1360000073909759,0.0080000003799796,0.1599999964237213,0.0
07678,0.0,0.0,0.0,0.0,0.0,0.75
07679,0.3333333432674408,0.3333333432674408,0.0,0.0,0.0,0.0
07680,0.0,0.0,0.0,0.0,0.5,0.5
07681,0.0,0.3333333432674408,0.0,0.0,0.0,0.0
07682,0.0,0.0,0.0,0.0948275849223136,0.0,0.0
07683,0.6666666865348816,0.0,0.0,0.0,0.0,0.6666666865348816
07684,0.0080000003799796,0.0399999991059303,0.1360000073909759,0.0080000003799796,0.1599999964237213,0.0
07685,0.0,0.0,0.0,0.0,0.0,0.5
07686,0.125,0.0,0.0,0.0,0.0,0.0
07687,0.5,0.0,0.0,0.5,0.0,0.0
07688,0.25,0.0,0.0,0.0,0.25,0.75
07689,0.0,0.5,0.5,0.0,0.0,0.0
07690,0.1111111119389534,0.0222222227603197,0.0444444455206394,0.0222222227603197,0.0,0.0222222227603197
07691,0.0,0.0,0.0,0.0,1.0,0.0
07692,0.0,0.0,0.4000000059604645,0.0,0.6000000238418579,0.0
07693,0.0,1.0,0.0,0.0,0.5,0.0
07694,0.0,0.0,0.0,0.0,0.5,0.0
07695,0.0,0.0090090092271566,0.0720720738172531,0.0,0.0090090092271566,0.0
07696,0.0,0.0,0.5,0.0,0.0,0.0
07697,0.5,0.0,0.0,0.0,0.5,0.0
07698,0.0,0.5,0.0,0.0,0.0,0.0
07699,0.25,0.0,0.25,0.0,0.0,0.0
07700,0.5,0.5,0.0,0.0,0.5,0.0
07701,0.5,0.0,0.0,0.0,0.0,0.0
07702,0.2000000029802322,0.0,0.0,0.0,0.0,0.0
07703,0.0,0.0,0.0,0.0,0.0,0.5
07704,0.0,0.0,0.5,0.0,0.0,0.0
07705,0.5,0.5,0.0,0.0,0.0,0.0
07706,0.0,0.1636363565921783,0.036363635212183,0.0272727273404598,0.0818181782960891,0.0909090936183929
07707,0.0,0.0,0.5,0.0,0.5,0.0
07708,0.1009174287319183,0.0091743115335702,0.027522936463356,0.0,0.082568809390068,0.027522936463356
07709,0.5,0.0,0.0,0.0,0.0,0.0
07710,0.25,0.0,0.0,0.0,0.0,0.25
07711,0.0,0.0,0.25,0.0,0.0,0.0
07712,0.0,0.4000000059604645,0.0,0.0,0.2000000029802322,0.2000000029802322
07713,0.0,1.0,0.0,0.0,0.0,0.0
07714,0.0,0.5,0.0,0.0,0.0,0.0
07715,0.5,0.0,0.0,0.0,0.0,0.0
07716,0.0,0.0,1.0,0.0,0.0,0.0
07717,0.0172413792461156,0.0172413792461156,0.0258620698004961,0.0,0.0517241396009922,0.0
07718,0.0,0.5,0.0,0.0,0.0,0.0
07719,0.5,0.5,0.0,0.0,0.0,0.0
07720,0.0,0.0,0.0,0.0,0.2000000029802322,0.0
07721,0.0,0.1636363565921783,0.036363635212183,0.0272727273404598,0.0818181782960891,0.0909090936183929
07722,0.1666666716337204,0.0,0.0,0.0,0.0,0.1666666716337204
07723,0.0,0.5,0.0,0.0,0.0,0.5
07724,0.1666666716337204,0.0,0.0,0.0,0.3333333432674408,0.3333333432674408
07725,0.0,0.0,0.1025641039013862,0.0170940179377794,0.0085470089688897,0.0
07726,0.5,0.0,0.0,0.0,0.5,0.0
07727,0.0,0.0,0.5,0.0,0.0,0.5
07728,0.5,0.0,0.0,0.0,0.5,0.5
07729,0.0,0.0,0.0,0.0,1.0,0.0
07730,0.5,0.0,0.0,0.0,0.5,0.0
07731,0.0,0.0,0.0,0.0,0.5,0.0
07732,0.5,0.5,0.5,0.0,0.0,0.0
07733,0.0,0.2000000029802322,0.0,0.0,0.4000000059604645,0.4000000059604645
07734,0.0,0.0,0.1025641039013862,0.0170940179377794,0.0085470089688897,0.0
07735,0.5,0.5,0.0,0.0,0.5,0.5
07736,0.0,0.5,0.0,0.0,0.5,0.0
07737,0.6666666865348816,0.0,0.0,0.0,0.0,0.3333333432674408
07738,0.0,0.0091743115335702,0.0183486230671405,0.0091743115335702,0.0,0.0
07739,0.5,0.0,0.0,0.0,0.0,0.0
07740,0.0,0.0091743115335702,0.0183486230671405,0.0091743115335702,0.0,0.0
07741,0.5,0.0,0.0,0.0,0.0,0.0
07742,1.0,0.0,0.0,0.0,0.0,0.5
07743,0.0,0.3333333432674408,0.0,0.0,0.0,0.3333333432674408
07744,0.5,0.5,0.5,0.0,0.0,0.0
07745,0.0,0.0,0.0,0.0,0.5,1.0
07746,0.0,0.0,0.0,0.25,0.0,0.0
07747,0.0,0.3333333432674408,0.0,0.0,0.0,0.0
07748,0.0291970800608396,0.0291970800608396,0.0656934306025505,0.0,0.0948905125260353,0.0510948896408081
07749,0.5,0.0,0.0,0.0,0.5,0.0
07750,0.5,0.0,0.5,0.0,0.0,0.0
07751,0.0291970800608396,0.0291970800608396,0.0656934306025505,0.0,0.0948905125260353,0.0510948896408081
07752,0.1428571492433548,0.0,0.2857142984867096,0.0,0.1428571492433548,0.0
07753,1.0,0.0,0.0,0.0,0.0,0.0
07754,0.3333333432674408,0.0,0.0,0.0,0.0,0.0
07755,0.0,0.1666666716337204,0.0,0.0,0.5,0.3333333432674408
07756,0.0,0.0,0.3333333432674408,0.0,0.0,0.0
07757,0.5,0.0,0.5,0.0,0.5,0.0
07758,0.0,0.0,0.5,0.0,0.0,0.0
07759,0.0,1.0,0.0,0.0,0.0,0.0
07760,0.0,0.5,0.0,0.0,0.0,1.0
07761,0.045045044273138,0.0180180184543132,0.0630630627274513,0.0,0.0,0.0270270276814699
07762,0.5,0.0,0.0,0.0,0.0,0.0
07763,0.5,0.0,0.5,0.0,0.5,0.0
07764,0.0,0.3333333333333333,0.0,0.0,0.0,0.0
07765,0.3333333432674408,0.3333333432674408,0.0,0.0,0.3333333432674408,0.0
07766,0.5,0.0,0.0,0.0,0.5,0.5
07767,0.5,0.0,0.0,0.0,0.0,0.0
07768,1.0,0.5,0.0,0.0,0.5,0.0
07769,0.0,0.5,0.0,0.0,1.0,0.5
07770,0.125,0.0390625,0.0234375,0.0,0.0546875,0.1015625
07771,0.0,0.0,0.0,0.0,0.0,0.6666666666666666
07772,0.0,0.5,0.0,0.0,0.0,0.5
07773,0.2000000029802322,0.2000000029802322,0.2000000029802322,0.0,0.2000000029802322,0.0
07774,0.0,0.3333333432674408,0.0,0.0,0.3333333432674408,0.0
07775,0.0,0.5,0.0,0.0,0.0,0.0
07776,0.25,0.0,0.0,0.0,0.5,0.0
07777,0.0,0.0,0.5,0.0,0.0,0.0
07778,0.0,0.5,0.0,0.0,0.5,0.0
07779,0.0,0.0,0.5,0.0,0.0,0.0
07780,0.0,0.0,0.0,0.0,0.0,0.5
07781,0.5,0.0,0.0,0.0,0.0,0.5
07782,0.5,0.0,0.0,0.5,0.0,0.0
07783,0.0,0.0,0.3333333333333333,0.0,0.0,0.0
07784,0.5,0.0,0.0,0.0,0.0,0.5
07785,0.4000000059604645,0.2000000029802322,0.0,0.0,0.4000000059604645,0.2000000029802322
07786,0.1666666716337204,0.0,0.0,0.0,0.0,0.0
07787,0.1351351290941238,0.1351351290941238,0.0,0.0,0.0,0.0540540553629398
07788,0.0,0.0,0.0,0.0,0.0,0.2000000029802322
07789,0.5,0.0,0.0,0.0,0.0,0.0
07790,0.5,0.0,0.0,0.0,0.0,0.5
07791,0.0,0.0,0.0,0.0,0.0,0.2000000029802322
07792,0.0,0.0,0.0,0.0,0.0,0.5
07793,0.0,0.0,0.0,0.0,0.5,0.5
07794,0.0,0.0,0.5,0.0,0.0,0.0
07795,0.0,0.5,0.0,0.0,0.5,0.0
07796,0.0,0.0,0.5,0.0,0.0,0.0
07797,0.0,0.25,0.0,0.0,0.0,0.25
07798,0.0,0.5,0.0,0.0,0.5,0.0
07799,0.1111111119389534,0.1111111119389534,0.1111111119389534,0.0,0.0,0.0
07800,0.5,0.0,0.0,0.0,0.0,0.0
07801,0.0,0.6666666865348816,0.0,0.0,0.0,0.6666666865348816
07802,0.0,0.5,0.0,0.0,0.0,0.0
07803,0.5,0.5,0.0,0.0,0.0,0.0
07804,0.0,0.0,0.0,0.0,1.0,0.0
07805,0.0,0.5,0.0,0.0,0.0,0.0
07806,0.6666666865348816,0.0,0.0,0.0,0.0,0.0
07807,0.5,0.0,0.0,0.0,0.5,0.0
07808,0.0,0.5,0.0,0.0,0.0,0.0
07809,0.0,0.6666666865348816,0.6666666865348816,0.0,0.3333333432674408,0.0
07810,0.0,0.5,0.0,0.0,0.5,0.5
07811,0.0,0.2000000029802322,0.0,0.0,0.6000000238418579,0.6000000238418579
07812,0.5,0.0,0.0,0.0,0.0,0.0
07813,0.5,0.0,0.0,0.0,0.0,0.0
07814,0.1666666716337204,0.1666666716337204,0.0,0.0,0.0,0.0
07815,0.0341880358755588,0.0769230797886848,0.0598290599882602,0.0,0.2905983030796051,0.0940170958638191
07816,0.2000000029802322,0.2000000029802322,0.0,0.0,0.2000000029802322,0.4000000059604645
07817,0.2162162214517593,0.0270270276814699,0.0,0.0,0.1351351290941238,0.3243243098258972
07818,0.0,0.0,0.5,0.0,0.0,0.0
07819,0.0,0.6666666865348816,0.0,0.0,0.0,0.0
07820,0.1666666716337204,0.0,0.0,0.0,0.0,0.1666666716337204
07821,0.0,0.0,0.0,0.5,0.0,0.0
07822,0.0,0.0,0.0,0.0,0.6666666865348816,0.1666666716337204
07823,0.5714285969734192,0.0,0.0,0.0,0.1428571492433548,0.4285714328289032
07824,0.1666666716337204,0.0,0.0,0.0,0.0,0.0
07825,0.6666666666666666,0.0,0.0,0.0,0.0,0.0
07826,0.0818181782960891,0.0090909088030457,0.0454545468091964,0.0090909088030457,0.0181818176060915,0.1545454561710357
07827,0.0,0.5,0.0,0.0,0.0,0.0
07828,0.0,0.0,0.1111111119389534,0.0,0.0,0.0
07829,0.5,0.0,0.0,0.0,0.0,0.0
07830,0.0,0.5,0.0,0.0,0.0,0.0
07831,0.0,0.1666666716337204,0.1666666716337204,0.0,0.3333333432674408,0.0
07832,0.5,0.0,0.0,0.0,0.0,0.0
07833,0.0,0.0,0.0,0.0,0.25,0.0
07834,0.0,0.0,0.3333333333333333,0.0,0.0,0.0
07835,0.3333333432674408,0.3333333432674408,0.3333333432674408,0.0,0.6666666865348816,0.6666666865348816
07836,0.0,0.0,0.0,0.0,0.25,0.0
07837,0.0,0.0,0.5,0.0,0.0,0.0
07838,0.6666666865348816,0.1666666716337204,0.0,0.0,0.1666666716337204,0.0
07839,0.1666666716337204,0.0,0.0,0.0,0.0,0.0
07840,0.5,0.0,0.0,0.0,0.0,0.0
07841,0.0366972461342811,0.1467889845371246,0.027522936463356,0.0,0.2385321110486984,0.0183486230671405
07842,0.0,0.0,0.0,0.0,0.0,0.3333333432674408
07843,0.0,0.1428571492433548,0.1428571492433548,0.0,0.0,0.1428571492433548
07844,0.0,0.5,0.0,0.0,0.0,0.5
07845,0.0,0.5,0.0,0.0,0.0,0.0
07846,0.0,0.0,0.2857142984867096,0.0,0.0,0.1428571492433548
07847,0.0,0.0,0.0,0.5,0.0,0.0
07848,0.0,0.0,0.0,0.0,0.5,0.0
07849,0.0,0.5,0.0,0.0,0.5,0.0
07850,1.0,0.0,0.0,0.0,0.0,0.0
07851,0.5,0.0,0.0,0.0,0.0,0.0
07852,0.0,0.0,0.5,0.0,0.0,0.0
07853,0.0,0.2000000029802322,0.0,0.0,0.5,0.3000000119209289
07854,0.3333333432674408,0.0,0.1666666716337204,0.0,0.1666666716337204,0.0
07855,0.5,0.0,0.0,0.0,0.0,0.0
07856,0.0,0.5,0.0,0.0,0.0,0.0
07857,0.5,0.0,0.0,0.0,0.0,0.0
07858,0.0291970800608396,0.0291970800608396,0.0656934306025505,0.0,0.0948905125260353,0.0510948896408081
07859,0.1538461595773697,0.0,0.0769230797886848,0.0,0.0769230797886848,0.0512820519506931
07860,0.5,0.0,0.0,0.0,0.0,0.0
07861,0.5,0.0,0.0,0.0,0.5,0.5
07862,0.3333333432674408,0.0,0.0,0.0,0.0,0.0
07863,0.0,0.0,0.0,0.1428571492433548,0.0,0.0
07864,0.0,0.0,0.3333333333333333,0.0,0.0,0.0
07865,0.0,0.0,0.0256410259753465,0.0341880358755588,0.0,0.0
07866,0.5,0.5,0.0,0.0,0.5,0.5
07867,0.0172413792461156,0.0172413792461156,0.0258620698004961,0.0,0.0517241396009922,0.0
07868,0.2000000029802322,0.2000000029802322,0.0,0.0,0.0,0.0
07869,0.5,0.5,0.0,0.0,0.0,0.0
07870,0.0,0.0,0.5,0.0,0.0,0.0
07871,0.0,0.1111111119389534,0.1111111119389534,0.1111111119389534,0.0,0.0
07872,0.0,0.0,0.0,0.0,0.5,0.5
07873,0.0,0.2857142984867096,0.1428571492433548,0.0,0.1428571492433548,0.0
07874,0.125,0.0,0.0,0.0,0.0,0.125
07875,0.0,0.3333333432674408,0.0,0.0,0.0,0.3333333432674408
07876,0.0,0.25,0.25,0.0,0.0,0.5
07877,0.6000000238418579,0.0,0.0,0.0,0.0,0.0
07878,0.0,0.0,0.0,0.0,0.0,0.5
07879,0.0172413792461156,0.0172413792461156,0.0258620698004961,0.0,0.0517241396009922,0.0
07880,0.3333333432674408,0.0,0.0,0.0,0.3333333432674408,0.3333333432674408
07881,0.5,0.0,0.0,0.0,0.0,0.0
07882,0.0,0.0,0.0,0.1428571492433548,0.0,0.0
07883,0.0,0.1428571492433548,0.0,0.0,0.2857142984867096,0.2857142984867096
07884,0.0,0.3333333432674408,0.3333333432674408,0.0,0.3333333432674408,0.0
07885,0.0,0.0,0.0,0.0,0.0,0.5
07886,0.5,0.0,0.5,0.0,0.0,0.0
07887,0.0,0.16666666666666666,0.16666666666666666,0.0,0.0,0.3333333333333333
07888,0.0,0.800000011920929,0.0,0.0,0.0,0.4000000059604645
07889,0.0,1.0,0.0,0.0,0.0,0.0
07890,0.0,0.0,0.0,0.0,0.5,0.0
07891,0.5,0.0,0.0,0.0,0.0,0.0
07892,0.0,0.0,0.3333333432674408,0.0,0.0,0.0
07893,0.3333333333333333,0.0,0.0,0.0,0.0,0.0
07894,0.0,0.0,0.0,0.0,0.25,0.0
07895,0.4,0.0,0.4,0.0,0.0,0.0
07896,0.0,0.0,0.3333333333333333,0.3333333333333333,0.0,0.0
07897,1.0,0.0,0.0,0.0,0.0,0.0
07898,0.0,0.0,0.0,0.0,0.0,0.5
07899,0.5,0.5,0.5,0.0,0.0,0.0
07900,0.0,0.0,0.0,0.5,0.0,0.0
07901,0.25,0.25,0.0,0.0,0.0,0.0
07902,0.0,0.0,0.1891891956329345,0.0270270276814699,0.0270270276814699,0.0
07903,0.3333333432674408,0.0,0.0,0.0,0.3333333432674408,0.0
07904,0.0,0.0,0.6666666666666666,0.0,0.0,0.0
07905,0.0366972461342811,0.1467889845371246,0.027522936463356,0.0,0.2385321110486984,0.0183486230671405
07906,0.0,0.0,0.16666666666666666,0.0,0.0,0.0
07907,0.5,0.0,0.0,0.0,0.0,0.0
07908,0.0,0.25,0.0,0.0,0.5,0.0
07909,0.2000000029802322,0.0,0.0,0.0,0.2000000029802322,0.2000000029802322
07910,0.0366972461342811,0.1467889845371246,0.027522936463356,0.0,0.2385321110486984,0.0183486230671405
07911,0.0,0.0,0.0,0.0,0.5,0.0
07912,0.5,0.5,0.0,0.0,0.5,0.0
07913,0.5,0.0,0.0,0.0,0.25,0.25
07914,0.5,0.0,0.0,0.0,0.0,0.0
07915,0.0714285746216774,0.0,0.0238095242530107,0.095238097012043,0.0,0.0
07916,0.5,0.0,0.0,0.0,0.0,0.0
07917,0.0,0.2000000029802322,0.2000000029802322,0.2000000029802322,0.0,0.4000000059604645
07918,0.045045044273138,0.0180180184543132,0.0630630627274513,0.0,0.0,0.0270270276814699
07919,0.0,0.0,0.0,0.0,0.0,0.2000000029802322
07920,0.3333333432674408,0.0,0.0,0.0,0.0,0.0
07921,0.5555555820465088,0.0833333358168602,0.0,0.0,0.1944444477558136,0.1388888955116272
07922,0.0,0.0,0.0,0.0,0.5,0.0
07923,0.0,0.0270270276814699,0.0540540553629398,0.0,0.0810810774564743,0.1351351290941238
07924,0.5,0.0,0.0,0.0,0.0,0.0
07925,0.0,0.5,0.0,0.0,0.0,0.0
07926,0.0,0.0,0.5,0.0,0.0,0.0
07927,0.0,0.5,0.0,0.0,0.0,0.0
07928,0.1428571492433548,0.5714285969734192,0.0,0.0,0.4285714328289032,0.4285714328289032
07929,0.0,0.0,1.0,0.0,0.0,0.0
07930,0.0080000003799796,0.0399999991059303,0.1360000073909759,0.0080000003799796,0.1599999964237213,0.0
07931,0.0,0.0,0.1351351290941238,0.0,0.0270270276814699,0.0
07932,0.5,0.0,0.0,0.0,0.0,0.0
07933,0.5,0.0,0.0,0.0,0.0,0.0
07934,0.25,0.25,0.0,0.0,0.5,0.0
07935,0.0,0.0,0.5,0.0,0.0,0.0
07936,0.5,0.0,0.0,0.0,0.0,0.0
07937,0.5,0.0,0.0,0.0,0.0,0.0
07938,0.5,0.5,0.5,0.0,0.0,0.0
07939,0.3333333432674408,0.0,0.0,0.3333333432674408,0.0,0.0
07940,0.3333333432674408,0.0,0.0,0.0,0.3333333432674408,0.0
07941,0.045045044273138,0.0180180184543132,0.0630630627274513,0.0,0.0,0.0270270276814699
07942,0.25,0.0,0.0,0.0,0.25,0.25
07943,0.0,0.0,0.0256410259753465,0.0341880358755588,0.0,0.0
07944,0.0,0.0,0.0,0.0,0.75,0.25
07945,0.0,0.3333333432674408,0.0,0.0,0.3333333432674408,0.0
07946,0.25,0.0,0.0,0.0,0.0,0.5
07947,0.0080000003799796,0.0399999991059303,0.1360000073909759,0.0080000003799796,0.1599999964237213,0.0
07948,0.5,0.0,0.0,0.0,0.0,0.0
07949,0.0,0.5,0.0,0.0,1.0,0.5
07950,0.5,0.0,0.0,0.0,0.0,0.0
07951,0.0,0.5,0.0,0.0,0.5,0.5
07952,0.3333333432674408,0.0,0.0,0.0,0.0,0.0
07953,0.0,0.5,0.0,0.0,0.0,0.0
07954,0.5,0.0,0.0,0.0,0.5,0.0
07955,0.0,0.0,0.0,0.0,1.0,0.5
07956,0.0088495574891567,0.0,0.3185840845108032,0.0,0.0,0.0
07957,0.0,0.0,0.0,0.0,0.25,0.0
07958,0.0,0.5,0.5,0.0,0.0,0.0
07959,0.3333333432674408,0.3333333432674408,0.3333333432674408,0.0,0.3333333432674408,0.0
07960,0.0,0.0,0.0,0.0,0.0,0.3333333432674408
07961,0.0291970800608396,0.0291970800608396,0.0656934306025505,0.0,0.0948905125260353,0.0510948896408081
07962,0.5,0.0,0.0,0.0,0.0,0.0
07963,0.0,0.5,0.0,0.0,0.0,0.0
07964,0.0,0.5,0.0,0.0,0.0,0.0
07965,0.0818181782960891,0.0090909088030457,0.0454545468091964,0.0090909088030457,0.0181818176060915,0.1545454561710357
07966,0.1428571492433548,0.0,0.1428571492433548,0.0,0.1428571492433548,0.0
07967,0.0,0.5,0.0,0.0,0.0,0.0
07968,0.2000000029802322,0.0,0.2000000029802322,0.0,0.0,0.0
07969,0.1636363565921783,0.0,0.1000000014901161,0.0,0.0,0.0090909088030457
07970,0.5,0.0,0.0,0.0,0.0,0.0
07971,0.0,0.0,0.0,0.0,0.5,0.5
07972,0.0,0.0,0.4285714328289032,0.0,0.0,0.0
07973,0.3333333432674408,0.3333333432674408,0.0,0.0,0.3333333432674408,0.6666666865348816
07974,0.0,0.0,0.16666666666666666,0.0,0.0,0.0
07975,0.0,0.0,0.5,0.0,0.0,0.0
07976,0.0,0.0,0.0,0.0,0.5,0.0
07977,0.0,0.0,0.0,0.0,0.3333333432674408,0.0
07978,0.0,0.0,0.0,0.0,0.3333333432674408,0.0
07979,0.5,0.0,0.0,0.0,0.0,0.0
07980,0.0,0.0,0.0,0.0,0.0,0.1666666716337204
07981,0.3333333432674408,0.0,0.0,0.0,0.0,0.0
07982,0.3333333432674408,0.0,0.0,0.0,0.0,0.3333333432674408
07983,0.4000000059604645,0.0,0.2000000029802322,0.0,0.0,0.2000000029802322
07984,0.5,0.5,0.0,0.0,0.0,0.0
07985,0.0,0.3333333432674408,0.0,0.0,0.0,0.3333333432674408
07986,0.4285714328289032,0.0,0.0,0.0,0.2857142984867096,0.2857142984867096
07987,0.0,0.0,0.0,0.0,0.5,0.0
07988,0.0,0.0,0.5,0.0,0.0,0.0
07989,0.5,0.0,0.0,0.0,0.5,0.5
07990,0.5,0.0,0.0,0.0,0.0,0.5
07991,0.5,0.0,0.0,0.0,0.5,0.0
07992,0.3333333432674408,0.0,0.3333333432674408,0.0,0.0,0.0
07993,0.0,0.0,0.0,0.4000000059604645,0.0,0.0
07994,0.5,0.5,0.0,0.0,0.0,0.5
07995,0.0,0.0,0.0,0.0,0.5,0.0
07996,0.0,0.0,0.0,0.0,0.5,0.0
07997,0.0,0.0,0.2000000029802322,0.0,0.0,0.0
07998,0.0,0.0,0.0,0.0,0.3333333432674408,0.0
07999,0.4000000059604645,0.0,0.0,0.0,0.0,0.0
08000,1.0,1.0,0.0,0.0,0.0,0.0
08001,0.5,0.0,0.0,0.0,0.0,0.0
08002,0.0,0.0,0.0,0.5,0.0,0.0
08003,0.0,0.25,0.0,0.0,0.5,0.0
08004,0.0,0.1636363565921783,0.036363635212183,0.0272727273404598,0.0818181782960891,0.0909090936183929
08005,0.0,0.0,0.3333333432674408,0.0,0.0,0.0
08006,0.125,0.0,0.125,0.0,0.0,0.0
08007,0.0,0.5,0.0,0.0,0.0,0.0
08008,0.0,0.3333333432674408,0.0,0.0,0.0,0.6666666865348816
08009,0.1666666716337204,0.0,0.0,0.0,0.0,0.1666666716337204
08010,0.0,0.0408163256943225,0.0408163256943225,0.0204081628471612,0.0,0.0
08011,0.5,0.0,0.0,0.0,0.0,0.0
08012,0.0,0.0,0.0,0.0,0.0,0.6666666865348816
08013,0.3333333432674408,0.3333333432674408,0.0,0.0,1.0,0.6666666865348816
08014,0.0,0.0,0.0,0.0,1.0,0.5
08015,0.0,0.0,0.5,0.0,0.0,0.0
08016,0.0,0.0,0.5,0.0,0.5,0.0
08017,0.0,0.0,0.0,0.0,1.0,0.5
08018,0.3333333432674408,1.0,0.0,0.0,0.0,0.3333333432674408
08019,0.0,0.2000000029802322,0.2000000029802322,0.0,0.0,0.0
08020,0.5,0.5,0.0,0.0,0.0,0.0
08021,0.5,0.0,0.0,0.0,0.5,0.5
08022,0.0,0.0,0.0,0.0,0.5,0.5
08023,0.5,0.0,0.0,0.0,0.0,0.5
08024,0.0,0.0,0.2000000029802322,0.0,0.0,0.0
08025,0.0,0.2000000029802322,0.0,0.0,0.0,0.0
08026,0.0512820519506931,0.0769230797886848,0.0512820519506931,0.0,0.0,0.0256410259753465
08027,0.2000000029802322,0.0,0.0,0.0,0.0,0.2000000029802322
08028,0.5,1.0,0.0,0.0,0.0,0.0
08029,0.3333333333333333,0.0,0.0,0.0,0.0,0.16666666666666666
08030,0.0,0.0,0.0,0.0,0.5,0.0
08031,0.5,0.0,0.0,0.0,0.5,0.5
08032,0.1428571492433548,0.1428571492433548,0.0,0.0,0.0,0.4285714328289032
08033,0.3333333432674408,0.0,0.0,0.0,0.0,0.1666666716337204
08034,1.0,1.0,0.0,0.0,0.0,0.0
08035,0.0,0.5,0.5,0.0,0.0,0.0
08036,0.0,0.5,0.0,0.0,0.0,0.0
08037,0.6666666666666666,0.0,0.0,0.0,0.0,0.0
08038,0.2477064281702041,0.0091743115335702,0.027522936463356,0.0091743115335702,0.0183486230671405,0.0091743115335702
08039,0.0,0.0,0.0,0.1428571492433548,0.1428571492433548,0.1428571492433548
08040,0.5,0.0,0.0,0.0,0.0,0.0
08041,0.0,0.0,0.1428571492433548,0.0,0.1428571492433548,0.0
08042,1.0,0.0,0.0,0.0,0.0,0.0
08043,0.0,0.0,0.0,0.0,0.0,0.2000000029802322
08044,0.5,1.0,0.0,0.0,0.0,0.0
08045,0.0,0.0,0.0,0.0,0.0,0.3333333432674408
08046,0.0,0.0,0.5,0.0,0.0,0.0
08047,0.0,0.0263157896697521,0.1052631586790084,0.078947365283966,0.0526315793395042,0.1315789520740509
08048,0.0,0.3333333432674408,0.3333333432674408,0.0,0.3333333432674408,0.3333333432674408
08049,0.0,0.0,0.0,0.0,0.1111111119389534,0.0
08050,0.0,0.5,0.0,0.0,0.5,0.0
08051,0.5714285969734192,0.0,0.0,0.0,0.0,0.1428571492433548
08052,0.5,0.0,0.0,0.0,0.5,0.5
08053,0.0,0.3333333432674408,0.0,0.0,0.3333333432674408,0.0
08054,0.3333333432674408,0.0,0.3333333432674408,0.0,0.0,0.0
08055,0.0,0.0,0.3333333333333333,0.0,0.0,0.0
08056,0.5,0.0,0.0,0.0,0.5,0.0
08057,1.0,0.0,0.5,0.0,0.0,0.0
08058,0.6666666865348816,0.0,0.0,0.0,0.0,0.0
08059,0.0,0.0,0.0256410259753465,0.0341880358755588,0.0,0.0
08060,0.1666666716337204,0.0,0.0,0.0,0.0,0.1666666716337204
08061,0.0,0.0,0.5,0.0,0.5,0.0
08062,1.0,0.0,0.0,0.0,0.0,0.0
08063,0.0,0.0,0.5,0.0,0.0,0.0
08064,0.5,0.0,0.0,0.0,0.5,0.0
08065,0.0,0.0,0.3333333432674408,0.0,0.0,0.6666666865348816
08066,0.2000000029802322,0.0,0.0,0.0,0.0,0.0
08067,0.5,0.0,0.0,0.0,0.5,0.0
08068,0.0,0.3333333432674408,0.0,0.0,0.0,0.0
08069,0.0,0.0,0.0,0.6666666865348816,0.0,0.0
08070,0.0,0.0,0.5,0.0,0.0,0.0
08071,0.3333333432674408,0.0,0.0,0.0,0.0,0.0
